2026-08-17 20:34:23,628 INFO  Logger.cs: 70 - 
--------------------------------------------------------------------------------
2026-08-17 20:34:23,648 INFO  Logger.cs: 71 - Logging commencing for SW2URDF exporter
2026-08-17 20:34:23,650 INFO  Logger.cs: 73 - Commit version 1.6.0-4-g7f85cfe
2026-08-17 20:34:23,650 INFO  Logger.cs: 74 - Build version 1.6.7995.38578
2026-08-17 20:34:23,652 INFO  SwAddin.cs: 192 - Attempting to connect to SW
2026-08-17 20:34:23,653 INFO  SwAddin.cs: 197 - Setting up callbacks
2026-08-17 20:34:23,654 INFO  SwAddin.cs: 201 - Setting up command manager
2026-08-17 20:34:23,655 INFO  SwAddin.cs: 204 - Adding command manager
2026-08-17 20:34:23,658 INFO  SwAddin.cs: 263 - Adding Assembly export to file menu
2026-08-17 20:34:23,662 INFO  SwAddin.cs: 272 - Adding Part export to file menu
2026-08-17 20:34:23,662 INFO  SwAddin.cs: 210 - Adding event handlers
2026-08-17 20:34:23,664 INFO  SwAddin.cs: 217 - Connecting plugin to SolidWorks
2026-08-17 20:44:16,598 INFO  SwAddin.cs: 294 - Assembly export called for file SCARA Robot With Controlled Motion
2026-08-17 20:44:16,600 INFO  SwAddin.cs: 299 - Save is required
2026-08-17 20:44:16,601 INFO  SwAddin.cs: 313 - Saving assembly
2026-08-17 20:44:18,485 INFO  SwAddin.cs: 316 - Opening property manager
2026-08-17 20:44:18,503 INFO  ExportHelperExtension.cs: 1125 - Retrieving features of type [CoordSys] from SCARA Robot With Controlled Motion
2026-08-17 20:44:18,518 INFO  ExportHelperExtension.cs: 1136 - Found 331 in SCARA Robot With Controlled Motion
2026-08-17 20:44:18,522 INFO  ExportHelperExtension.cs: 1145 - Found 0 features of type [CoordSys] in SCARA Robot With Controlled Motion
2026-08-17 20:44:18,524 INFO  ExportHelperExtension.cs: 1148 - Proceeding through assembly components
2026-08-17 20:44:18,526 INFO  ExportHelperExtension.cs: 1160 - 91 components to check
2026-08-17 20:44:18,528 INFO  ExportHelperExtension.cs: 1125 - Retrieving features of type [CoordSys] from Smooth Rod Clamp-7
2026-08-17 20:44:18,530 INFO  ExportHelperExtension.cs: 1136 - Found 27 in Smooth Rod Clamp-7
2026-08-17 20:44:18,531 INFO  ExportHelperExtension.cs: 1145 - Found 0 features of type [CoordSys] in Smooth Rod Clamp-7
2026-08-17 20:44:18,532 INFO  ExportHelperExtension.cs: 1125 - Retrieving features of type [CoordSys] from Smooth Rod Clamp-8
2026-08-17 20:44:18,533 INFO  ExportHelperExtension.cs: 1136 - Found 27 in Smooth Rod Clamp-8
2026-08-17 20:44:18,534 INFO  ExportHelperExtension.cs: 1145 - Found 0 features of type [CoordSys] in Smooth Rod Clamp-8
2026-08-17 20:44:18,535 INFO  ExportHelperExtension.cs: 1125 - Retrieving features of type [CoordSys] from Smooth Rod Clamp-4
2026-08-17 20:44:18,536 INFO  ExportHelperExtension.cs: 1136 - Found 27 in Smooth Rod Clamp-4
2026-08-17 20:44:18,537 INFO  ExportHelperExtension.cs: 1145 - Found 0 features of type [CoordSys] in Smooth Rod Clamp-4
2026-08-17 20:44:18,538 INFO  ExportHelperExtension.cs: 1125 - Retrieving features of type [CoordSys] from Z-axis Mount Platform-1
2026-08-17 20:44:18,540 INFO  ExportHelperExtension.cs: 1136 - Found 44 in Z-axis Mount Platform-1
2026-08-17 20:44:18,541 INFO  ExportHelperExtension.cs: 1145 - Found 0 features of type [CoordSys] in Z-axis Mount Platform-1
2026-08-17 20:44:18,541 INFO  ExportHelperExtension.cs: 1125 - Retrieving features of type [CoordSys] from Smooth Rod Clamp-6
2026-08-17 20:44:18,542 INFO  ExportHelperExtension.cs: 1136 - Found 27 in Smooth Rod Clamp-6
2026-08-17 20:44:18,544 INFO  ExportHelperExtension.cs: 1145 - Found 0 features of type [CoordSys] in Smooth Rod Clamp-6
2026-08-17 20:44:18,545 INFO  ExportHelperExtension.cs: 1125 - Retrieving features of type [CoordSys] from Ball Bearing 608 - 8x22x7mm-6
2026-08-17 20:44:18,546 INFO  ExportHelperExtension.cs: 1136 - Found 30 in Ball Bearing 608 - 8x22x7mm-6
2026-08-17 20:44:18,547 INFO  ExportHelperExtension.cs: 1145 - Found 0 features of type [CoordSys] in Ball Bearing 608 - 8x22x7mm-6
2026-08-17 20:44:18,547 INFO  ExportHelperExtension.cs: 1125 - Retrieving features of type [CoordSys] from Thrust Bearing 35x52x12mm-1
2026-08-17 20:44:18,548 INFO  ExportHelperExtension.cs: 1136 - Found 39 in Thrust Bearing 35x52x12mm-1
2026-08-17 20:44:18,549 INFO  ExportHelperExtension.cs: 1145 - Found 0 features of type [CoordSys] in Thrust Bearing 35x52x12mm-1
2026-08-17 20:44:18,550 INFO  ExportHelperExtension.cs: 1125 - Retrieving features of type [CoordSys] from Z-axis Top Plate-1
2026-08-17 20:44:18,551 INFO  ExportHelperExtension.cs: 1136 - Found 42 in Z-axis Top Plate-1
2026-08-17 20:44:18,552 INFO  ExportHelperExtension.cs: 1145 - Found 0 features of type [CoordSys] in Z-axis Top Plate-1
2026-08-17 20:44:18,553 INFO  ExportHelperExtension.cs: 1125 - Retrieving features of type [CoordSys] from Smooth Rod Clamp-3
2026-08-17 20:44:18,555 INFO  ExportHelperExtension.cs: 1136 - Found 27 in Smooth Rod Clamp-3
2026-08-17 20:44:18,556 INFO  ExportHelperExtension.cs: 1145 - Found 0 features of type [CoordSys] in Smooth Rod Clamp-3
2026-08-17 20:44:18,557 INFO  ExportHelperExtension.cs: 1125 - Retrieving features of type [CoordSys] from Smooth Rod Clamp-5
2026-08-17 20:44:18,558 INFO  ExportHelperExtension.cs: 1136 - Found 27 in Smooth Rod Clamp-5
2026-08-17 20:44:18,559 INFO  ExportHelperExtension.cs: 1145 - Found 0 features of type [CoordSys] in Smooth Rod Clamp-5
2026-08-17 20:44:18,560 INFO  ExportHelperExtension.cs: 1125 - Retrieving features of type [CoordSys] from Smooth Rod Clamp-2
2026-08-17 20:44:18,560 INFO  ExportHelperExtension.cs: 1136 - Found 27 in Smooth Rod Clamp-2
2026-08-17 20:44:18,561 INFO  ExportHelperExtension.cs: 1145 - Found 0 features of type [CoordSys] in Smooth Rod Clamp-2
2026-08-17 20:44:18,562 INFO  ExportHelperExtension.cs: 1125 - Retrieving features of type [CoordSys] from Lead Screw D8mm L380mm-1
2026-08-17 20:44:18,562 INFO  ExportHelperExtension.cs: 1136 - Found 26 in Lead Screw D8mm L380mm-1
2026-08-17 20:44:18,563 INFO  ExportHelperExtension.cs: 1145 - Found 0 features of type [CoordSys] in Lead Screw D8mm L380mm-1
2026-08-17 20:44:18,563 INFO  ExportHelperExtension.cs: 1125 - Retrieving features of type [CoordSys] from Stepper NEMA 17 -  20mm shaft-2
2026-08-17 20:44:18,564 INFO  ExportHelperExtension.cs: 1136 - Found 36 in Stepper NEMA 17 -  20mm shaft-2
2026-08-17 20:44:18,565 INFO  ExportHelperExtension.cs: 1145 - Found 0 features of type [CoordSys] in Stepper NEMA 17 -  20mm shaft-2
2026-08-17 20:44:18,565 INFO  ExportHelperExtension.cs: 1125 - Retrieving features of type [CoordSys] from Ball Bearing 608 - 8x22x7mm-4
2026-08-17 20:44:18,566 INFO  ExportHelperExtension.cs: 1136 - Found 30 in Ball Bearing 608 - 8x22x7mm-4
2026-08-17 20:44:18,567 INFO  ExportHelperExtension.cs: 1145 - Found 0 features of type [CoordSys] in Ball Bearing 608 - 8x22x7mm-4
2026-08-17 20:44:18,567 INFO  ExportHelperExtension.cs: 1125 - Retrieving features of type [CoordSys] from Arm 1-1
2026-08-17 20:44:18,568 INFO  ExportHelperExtension.cs: 1136 - Found 61 in Arm 1-1
2026-08-17 20:44:18,569 INFO  ExportHelperExtension.cs: 1145 - Found 0 features of type [CoordSys] in Arm 1-1
2026-08-17 20:44:18,569 INFO  ExportHelperExtension.cs: 1125 - Retrieving features of type [CoordSys] from Ball Bearing 608 - 8x22x7mm-5
2026-08-17 20:44:18,570 INFO  ExportHelperExtension.cs: 1136 - Found 30 in Ball Bearing 608 - 8x22x7mm-5
2026-08-17 20:44:18,570 INFO  ExportHelperExtension.cs: 1145 - Found 0 features of type [CoordSys] in Ball Bearing 608 - 8x22x7mm-5
2026-08-17 20:44:18,571 INFO  ExportHelperExtension.cs: 1125 - Retrieving features of type [CoordSys] from J2 Coupler-1
2026-08-17 20:44:18,572 INFO  ExportHelperExtension.cs: 1136 - Found 45 in J2 Coupler-1
2026-08-17 20:44:18,573 INFO  ExportHelperExtension.cs: 1145 - Found 0 features of type [CoordSys] in J2 Coupler-1
2026-08-17 20:44:18,573 INFO  ExportHelperExtension.cs: 1125 - Retrieving features of type [CoordSys] from GT2 Pulley - 92 teeth - J2-1
2026-08-17 20:44:18,574 INFO  ExportHelperExtension.cs: 1136 - Found 41 in GT2 Pulley - 92 teeth - J2-1
2026-08-17 20:44:18,575 INFO  ExportHelperExtension.cs: 1145 - Found 0 features of type [CoordSys] in GT2 Pulley - 92 teeth - J2-1
2026-08-17 20:44:18,575 INFO  ExportHelperExtension.cs: 1125 - Retrieving features of type [CoordSys] from GT2 Pulley - 23 - 80 teeth-1
2026-08-17 20:44:18,576 INFO  ExportHelperExtension.cs: 1136 - Found 45 in GT2 Pulley - 23 - 80 teeth-1
2026-08-17 20:44:18,576 INFO  ExportHelperExtension.cs: 1145 - Found 0 features of type [CoordSys] in GT2 Pulley - 23 - 80 teeth-1
2026-08-17 20:44:18,577 INFO  ExportHelperExtension.cs: 1125 - Retrieving features of type [CoordSys] from Ball Bearing 30x42x7mm-1
2026-08-17 20:44:18,584 INFO  ExportHelperExtension.cs: 1136 - Found 30 in Ball Bearing 30x42x7mm-1
2026-08-17 20:44:18,584 INFO  ExportHelperExtension.cs: 1145 - Found 0 features of type [CoordSys] in Ball Bearing 30x42x7mm-1
2026-08-17 20:44:18,585 INFO  ExportHelperExtension.cs: 1125 - Retrieving features of type [CoordSys] from Thrust Bearing 35x52x12mm-2
2026-08-17 20:44:18,683 INFO  ExportHelperExtension.cs: 1136 - Found 39 in Thrust Bearing 35x52x12mm-2
2026-08-17 20:44:18,684 INFO  ExportHelperExtension.cs: 1145 - Found 0 features of type [CoordSys] in Thrust Bearing 35x52x12mm-2
2026-08-17 20:44:18,684 INFO  ExportHelperExtension.cs: 1125 - Retrieving features of type [CoordSys] from Stepper NEMA 17 -  20mm shaft-3
2026-08-17 20:44:18,685 INFO  ExportHelperExtension.cs: 1136 - Found 36 in Stepper NEMA 17 -  20mm shaft-3
2026-08-17 20:44:18,685 INFO  ExportHelperExtension.cs: 1145 - Found 0 features of type [CoordSys] in Stepper NEMA 17 -  20mm shaft-3
2026-08-17 20:44:18,686 INFO  ExportHelperExtension.cs: 1125 - Retrieving features of type [CoordSys] from Micro switch-1
2026-08-17 20:44:18,687 INFO  ExportHelperExtension.cs: 1136 - Found 36 in Micro switch-1
2026-08-17 20:44:18,687 INFO  ExportHelperExtension.cs: 1145 - Found 0 features of type [CoordSys] in Micro switch-1
2026-08-17 20:44:18,687 INFO  ExportHelperExtension.cs: 1125 - Retrieving features of type [CoordSys] from Linear Bearing 10x19x29mm-6
2026-08-17 20:44:18,687 INFO  ExportHelperExtension.cs: 1136 - Found 30 in Linear Bearing 10x19x29mm-6
2026-08-17 20:44:18,689 INFO  ExportHelperExtension.cs: 1145 - Found 0 features of type [CoordSys] in Linear Bearing 10x19x29mm-6
2026-08-17 20:44:18,689 INFO  ExportHelperExtension.cs: 1125 - Retrieving features of type [CoordSys] from Linear Bearing 10x19x29mm-1
2026-08-17 20:44:18,690 INFO  ExportHelperExtension.cs: 1136 - Found 30 in Linear Bearing 10x19x29mm-1
2026-08-17 20:44:18,690 INFO  ExportHelperExtension.cs: 1145 - Found 0 features of type [CoordSys] in Linear Bearing 10x19x29mm-1
2026-08-17 20:44:18,691 INFO  ExportHelperExtension.cs: 1125 - Retrieving features of type [CoordSys] from Arm 2-1
2026-08-17 20:44:18,692 INFO  ExportHelperExtension.cs: 1136 - Found 53 in Arm 2-1
2026-08-17 20:44:18,693 INFO  ExportHelperExtension.cs: 1145 - Found 0 features of type [CoordSys] in Arm 2-1
2026-08-17 20:44:18,693 INFO  ExportHelperExtension.cs: 1125 - Retrieving features of type [CoordSys] from M8 Washer-3
2026-08-17 20:44:18,694 INFO  ExportHelperExtension.cs: 1136 - Found 25 in M8 Washer-3
2026-08-17 20:44:18,694 INFO  ExportHelperExtension.cs: 1145 - Found 0 features of type [CoordSys] in M8 Washer-3
2026-08-17 20:44:18,695 INFO  ExportHelperExtension.cs: 1125 - Retrieving features of type [CoordSys] from Arm 2 Cover-1
2026-08-17 20:44:18,695 INFO  ExportHelperExtension.cs: 1136 - Found 45 in Arm 2 Cover-1
2026-08-17 20:44:18,695 INFO  ExportHelperExtension.cs: 1145 - Found 0 features of type [CoordSys] in Arm 2 Cover-1
2026-08-17 20:44:18,696 INFO  ExportHelperExtension.cs: 1125 - Retrieving features of type [CoordSys] from GT2 Pulley - Parametric-3
2026-08-17 20:44:18,696 INFO  ExportHelperExtension.cs: 1136 - Found 35 in GT2 Pulley - Parametric-3
2026-08-17 20:44:18,696 INFO  ExportHelperExtension.cs: 1145 - Found 0 features of type [CoordSys] in GT2 Pulley - Parametric-3
2026-08-17 20:44:18,697 INFO  ExportHelperExtension.cs: 1125 - Retrieving features of type [CoordSys] from Micro switch-4
2026-08-17 20:44:18,697 INFO  ExportHelperExtension.cs: 1136 - Found 36 in Micro switch-4
2026-08-17 20:44:18,697 INFO  ExportHelperExtension.cs: 1145 - Found 0 features of type [CoordSys] in Micro switch-4
2026-08-17 20:44:18,698 INFO  ExportHelperExtension.cs: 1125 - Retrieving features of type [CoordSys] from Linear Bearing 10x19x29mm-3
2026-08-17 20:44:18,698 INFO  ExportHelperExtension.cs: 1136 - Found 30 in Linear Bearing 10x19x29mm-3
2026-08-17 20:44:18,698 INFO  ExportHelperExtension.cs: 1145 - Found 0 features of type [CoordSys] in Linear Bearing 10x19x29mm-3
2026-08-17 20:44:18,699 INFO  ExportHelperExtension.cs: 1125 - Retrieving features of type [CoordSys] from GT2 Pulley - Parametric-2
2026-08-17 20:44:18,699 INFO  ExportHelperExtension.cs: 1136 - Found 35 in GT2 Pulley - Parametric-2
2026-08-17 20:44:18,699 INFO  ExportHelperExtension.cs: 1145 - Found 0 features of type [CoordSys] in GT2 Pulley - Parametric-2
2026-08-17 20:44:18,700 INFO  ExportHelperExtension.cs: 1125 - Retrieving features of type [CoordSys] from Linear Bearing 10x19x29mm-2
2026-08-17 20:44:18,700 INFO  ExportHelperExtension.cs: 1136 - Found 30 in Linear Bearing 10x19x29mm-2
2026-08-17 20:44:18,701 INFO  ExportHelperExtension.cs: 1145 - Found 0 features of type [CoordSys] in Linear Bearing 10x19x29mm-2
2026-08-17 20:44:18,701 INFO  ExportHelperExtension.cs: 1125 - Retrieving features of type [CoordSys] from NEMA 17 Stepper L24mm - 20mm shaft-1
2026-08-17 20:44:18,702 INFO  ExportHelperExtension.cs: 1136 - Found 36 in NEMA 17 Stepper L24mm - 20mm shaft-1
2026-08-17 20:44:18,702 INFO  ExportHelperExtension.cs: 1145 - Found 0 features of type [CoordSys] in NEMA 17 Stepper L24mm - 20mm shaft-1
2026-08-17 20:44:18,703 INFO  ExportHelperExtension.cs: 1125 - Retrieving features of type [CoordSys] from Ball Bearing 30x42x7mm-2
2026-08-17 20:44:18,703 INFO  ExportHelperExtension.cs: 1136 - Found 30 in Ball Bearing 30x42x7mm-2
2026-08-17 20:44:18,703 INFO  ExportHelperExtension.cs: 1145 - Found 0 features of type [CoordSys] in Ball Bearing 30x42x7mm-2
2026-08-17 20:44:18,704 INFO  ExportHelperExtension.cs: 1125 - Retrieving features of type [CoordSys] from Thrust Bearing 35x52x12mm-3
2026-08-17 20:44:18,704 INFO  ExportHelperExtension.cs: 1136 - Found 39 in Thrust Bearing 35x52x12mm-3
2026-08-17 20:44:18,705 INFO  ExportHelperExtension.cs: 1145 - Found 0 features of type [CoordSys] in Thrust Bearing 35x52x12mm-3
2026-08-17 20:44:18,706 INFO  ExportHelperExtension.cs: 1125 - Retrieving features of type [CoordSys] from Thrust Bearing 35x52x12mm-4
2026-08-17 20:44:18,707 INFO  ExportHelperExtension.cs: 1136 - Found 39 in Thrust Bearing 35x52x12mm-4
2026-08-17 20:44:18,707 INFO  ExportHelperExtension.cs: 1145 - Found 0 features of type [CoordSys] in Thrust Bearing 35x52x12mm-4
2026-08-17 20:44:18,707 INFO  ExportHelperExtension.cs: 1125 - Retrieving features of type [CoordSys] from GT2 Pulley - 90 teeth - J3-1
2026-08-17 20:44:18,708 INFO  ExportHelperExtension.cs: 1136 - Found 41 in GT2 Pulley - 90 teeth - J3-1
2026-08-17 20:44:18,709 INFO  ExportHelperExtension.cs: 1145 - Found 0 features of type [CoordSys] in GT2 Pulley - 90 teeth - J3-1
2026-08-17 20:44:18,709 INFO  ExportHelperExtension.cs: 1125 - Retrieving features of type [CoordSys] from J3 Coupler-1
2026-08-17 20:44:18,710 INFO  ExportHelperExtension.cs: 1136 - Found 45 in J3 Coupler-1
2026-08-17 20:44:18,710 INFO  ExportHelperExtension.cs: 1145 - Found 0 features of type [CoordSys] in J3 Coupler-1
2026-08-17 20:44:18,711 INFO  ExportHelperExtension.cs: 1125 - Retrieving features of type [CoordSys] from Micro switch-3
2026-08-17 20:44:18,711 INFO  ExportHelperExtension.cs: 1136 - Found 36 in Micro switch-3
2026-08-17 20:44:18,711 INFO  ExportHelperExtension.cs: 1145 - Found 0 features of type [CoordSys] in Micro switch-3
2026-08-17 20:44:18,712 INFO  ExportHelperExtension.cs: 1125 - Retrieving features of type [CoordSys] from Lead Screw Nut 8mm-1
2026-08-17 20:44:18,712 INFO  ExportHelperExtension.cs: 1136 - Found 31 in Lead Screw Nut 8mm-1
2026-08-17 20:44:18,712 INFO  ExportHelperExtension.cs: 1145 - Found 0 features of type [CoordSys] in Lead Screw Nut 8mm-1
2026-08-17 20:44:18,713 INFO  ExportHelperExtension.cs: 1125 - Retrieving features of type [CoordSys] from Gripper Mechanism-1
2026-08-17 20:44:18,713 INFO  ExportHelperExtension.cs: 1136 - Found 98 in Gripper Mechanism-1
2026-08-17 20:44:18,714 INFO  ExportHelperExtension.cs: 1145 - Found 0 features of type [CoordSys] in Gripper Mechanism-1
2026-08-17 20:44:18,714 INFO  ExportHelperExtension.cs: 1125 - Retrieving features of type [CoordSys] from Arm 1 Cover-1
2026-08-17 20:44:18,714 INFO  ExportHelperExtension.cs: 1136 - Found 34 in Arm 1 Cover-1
2026-08-17 20:44:18,715 INFO  ExportHelperExtension.cs: 1145 - Found 0 features of type [CoordSys] in Arm 1 Cover-1
2026-08-17 20:44:18,715 INFO  ExportHelperExtension.cs: 1125 - Retrieving features of type [CoordSys] from Micro switch-5
2026-08-17 20:44:18,716 INFO  ExportHelperExtension.cs: 1136 - Found 36 in Micro switch-5
2026-08-17 20:44:18,716 INFO  ExportHelperExtension.cs: 1145 - Found 0 features of type [CoordSys] in Micro switch-5
2026-08-17 20:44:18,716 INFO  ExportHelperExtension.cs: 1125 - Retrieving features of type [CoordSys] from Ball Bearing 35x47x7mm-1
2026-08-17 20:44:18,717 INFO  ExportHelperExtension.cs: 1136 - Found 30 in Ball Bearing 35x47x7mm-1
2026-08-17 20:44:18,718 INFO  ExportHelperExtension.cs: 1145 - Found 0 features of type [CoordSys] in Ball Bearing 35x47x7mm-1
2026-08-17 20:44:18,718 INFO  ExportHelperExtension.cs: 1125 - Retrieving features of type [CoordSys] from GT2 Belt 300mm 2-1
2026-08-17 20:44:18,718 INFO  ExportHelperExtension.cs: 1136 - Found 25 in GT2 Belt 300mm 2-1
2026-08-17 20:44:18,718 INFO  ExportHelperExtension.cs: 1145 - Found 0 features of type [CoordSys] in GT2 Belt 300mm 2-1
2026-08-17 20:44:18,718 INFO  ExportHelperExtension.cs: 1125 - Retrieving features of type [CoordSys] from Top cover-1
2026-08-17 20:44:18,719 INFO  ExportHelperExtension.cs: 1136 - Found 40 in Top cover-1
2026-08-17 20:44:18,719 INFO  ExportHelperExtension.cs: 1145 - Found 0 features of type [CoordSys] in Top cover-1
2026-08-17 20:44:18,719 INFO  ExportHelperExtension.cs: 1125 - Retrieving features of type [CoordSys] from GT2 Belt 400mm 2-1
2026-08-17 20:44:18,720 INFO  ExportHelperExtension.cs: 1136 - Found 25 in GT2 Belt 400mm 2-1
2026-08-17 20:44:18,720 INFO  ExportHelperExtension.cs: 1145 - Found 0 features of type [CoordSys] in GT2 Belt 400mm 2-1
2026-08-17 20:44:18,720 INFO  ExportHelperExtension.cs: 1125 - Retrieving features of type [CoordSys] from Base cover-1
2026-08-17 20:44:18,721 INFO  ExportHelperExtension.cs: 1136 - Found 29 in Base cover-1
2026-08-17 20:44:18,721 INFO  ExportHelperExtension.cs: 1145 - Found 0 features of type [CoordSys] in Base cover-1
2026-08-17 20:44:18,721 INFO  ExportHelperExtension.cs: 1125 - Retrieving features of type [CoordSys] from Arduino UNO case p1-1
2026-08-17 20:44:18,722 INFO  ExportHelperExtension.cs: 1136 - Found 41 in Arduino UNO case p1-1
2026-08-17 20:44:18,722 INFO  ExportHelperExtension.cs: 1145 - Found 0 features of type [CoordSys] in Arduino UNO case p1-1
2026-08-17 20:44:18,723 INFO  ExportHelperExtension.cs: 1125 - Retrieving features of type [CoordSys] from GT2 Belt 400mm-1
2026-08-17 20:44:18,723 INFO  ExportHelperExtension.cs: 1136 - Found 25 in GT2 Belt 400mm-1
2026-08-17 20:44:18,723 INFO  ExportHelperExtension.cs: 1145 - Found 0 features of type [CoordSys] in GT2 Belt 400mm-1
2026-08-17 20:44:18,724 INFO  ExportHelperExtension.cs: 1125 - Retrieving features of type [CoordSys] from GT2 Belt 200mm-1
2026-08-17 20:44:18,724 INFO  ExportHelperExtension.cs: 1136 - Found 25 in GT2 Belt 200mm-1
2026-08-17 20:44:18,724 INFO  ExportHelperExtension.cs: 1145 - Found 0 features of type [CoordSys] in GT2 Belt 200mm-1
2026-08-17 20:44:18,725 INFO  ExportHelperExtension.cs: 1125 - Retrieving features of type [CoordSys] from M4 Lock nut-4
2026-08-17 20:44:18,725 INFO  ExportHelperExtension.cs: 1136 - Found 36 in M4 Lock nut-4
2026-08-17 20:44:18,725 INFO  ExportHelperExtension.cs: 1145 - Found 0 features of type [CoordSys] in M4 Lock nut-4
2026-08-17 20:44:18,726 INFO  ExportHelperExtension.cs: 1125 - Retrieving features of type [CoordSys] from Arduino UNO case p2-1
2026-08-17 20:44:18,726 INFO  ExportHelperExtension.cs: 1136 - Found 39 in Arduino UNO case p2-1
2026-08-17 20:44:18,726 INFO  ExportHelperExtension.cs: 1145 - Found 0 features of type [CoordSys] in Arduino UNO case p2-1
2026-08-17 20:44:18,726 INFO  ExportHelperExtension.cs: 1125 - Retrieving features of type [CoordSys] from GT2 Belt 300mm-1
2026-08-17 20:44:18,728 INFO  ExportHelperExtension.cs: 1136 - Found 25 in GT2 Belt 300mm-1
2026-08-17 20:44:18,728 INFO  ExportHelperExtension.cs: 1145 - Found 0 features of type [CoordSys] in GT2 Belt 300mm-1
2026-08-17 20:44:18,728 INFO  ExportHelperExtension.cs: 1125 - Retrieving features of type [CoordSys] from M8 Lock nut-1
2026-08-17 20:44:18,729 INFO  ExportHelperExtension.cs: 1136 - Found 36 in M8 Lock nut-1
2026-08-17 20:44:18,729 INFO  ExportHelperExtension.cs: 1145 - Found 0 features of type [CoordSys] in M8 Lock nut-1
2026-08-17 20:44:18,729 INFO  ExportHelperExtension.cs: 1125 - Retrieving features of type [CoordSys] from M4 Lock nut-1
2026-08-17 20:44:18,730 INFO  ExportHelperExtension.cs: 1136 - Found 36 in M4 Lock nut-1
2026-08-17 20:44:18,730 INFO  ExportHelperExtension.cs: 1145 - Found 0 features of type [CoordSys] in M4 Lock nut-1
2026-08-17 20:44:18,730 INFO  ExportHelperExtension.cs: 1125 - Retrieving features of type [CoordSys] from M8 45mm - Bolts-1
2026-08-17 20:44:18,731 INFO  ExportHelperExtension.cs: 1136 - Found 36 in M8 45mm - Bolts-1
2026-08-17 20:44:18,731 INFO  ExportHelperExtension.cs: 1145 - Found 0 features of type [CoordSys] in M8 45mm - Bolts-1
2026-08-17 20:44:18,731 INFO  ExportHelperExtension.cs: 1125 - Retrieving features of type [CoordSys] from M4 Lock nut-2
2026-08-17 20:44:18,732 INFO  ExportHelperExtension.cs: 1136 - Found 36 in M4 Lock nut-2
2026-08-17 20:44:18,732 INFO  ExportHelperExtension.cs: 1145 - Found 0 features of type [CoordSys] in M4 Lock nut-2
2026-08-17 20:44:18,732 INFO  ExportHelperExtension.cs: 1125 - Retrieving features of type [CoordSys] from M4 Lock nut-3
2026-08-17 20:44:18,733 INFO  ExportHelperExtension.cs: 1136 - Found 36 in M4 Lock nut-3
2026-08-17 20:44:18,733 INFO  ExportHelperExtension.cs: 1145 - Found 0 features of type [CoordSys] in M4 Lock nut-3
2026-08-17 20:44:18,733 INFO  ExportHelperExtension.cs: 1125 - Retrieving features of type [CoordSys] from M8 Lock nut-3
2026-08-17 20:44:18,734 INFO  ExportHelperExtension.cs: 1136 - Found 36 in M8 Lock nut-3
2026-08-17 20:44:18,734 INFO  ExportHelperExtension.cs: 1145 - Found 0 features of type [CoordSys] in M8 Lock nut-3
2026-08-17 20:44:18,734 INFO  ExportHelperExtension.cs: 1125 - Retrieving features of type [CoordSys] from M4 60mm - Bolts-3
2026-08-17 20:44:18,735 INFO  ExportHelperExtension.cs: 1136 - Found 36 in M4 60mm - Bolts-3
2026-08-17 20:44:18,735 INFO  ExportHelperExtension.cs: 1145 - Found 0 features of type [CoordSys] in M4 60mm - Bolts-3
2026-08-17 20:44:18,736 INFO  ExportHelperExtension.cs: 1125 - Retrieving features of type [CoordSys] from M8 45mm - Bolts-3
2026-08-17 20:44:18,736 INFO  ExportHelperExtension.cs: 1136 - Found 36 in M8 45mm - Bolts-3
2026-08-17 20:44:18,736 INFO  ExportHelperExtension.cs: 1145 - Found 0 features of type [CoordSys] in M8 45mm - Bolts-3
2026-08-17 20:44:18,737 INFO  ExportHelperExtension.cs: 1125 - Retrieving features of type [CoordSys] from M4 Lock nut-7
2026-08-17 20:44:18,737 INFO  ExportHelperExtension.cs: 1136 - Found 36 in M4 Lock nut-7
2026-08-17 20:44:18,737 INFO  ExportHelperExtension.cs: 1145 - Found 0 features of type [CoordSys] in M4 Lock nut-7
2026-08-17 20:44:18,738 INFO  ExportHelperExtension.cs: 1125 - Retrieving features of type [CoordSys] from M4 Lock nut-5
2026-08-17 20:44:18,738 INFO  ExportHelperExtension.cs: 1136 - Found 36 in M4 Lock nut-5
2026-08-17 20:44:18,738 INFO  ExportHelperExtension.cs: 1145 - Found 0 features of type [CoordSys] in M4 Lock nut-5
2026-08-17 20:44:18,739 INFO  ExportHelperExtension.cs: 1125 - Retrieving features of type [CoordSys] from M4 50mm - Bolts-3
2026-08-17 20:44:18,739 INFO  ExportHelperExtension.cs: 1136 - Found 36 in M4 50mm - Bolts-3
2026-08-17 20:44:18,739 INFO  ExportHelperExtension.cs: 1145 - Found 0 features of type [CoordSys] in M4 50mm - Bolts-3
2026-08-17 20:44:18,740 INFO  ExportHelperExtension.cs: 1125 - Retrieving features of type [CoordSys] from M4 60mm - Bolts-4
2026-08-17 20:44:18,740 INFO  ExportHelperExtension.cs: 1136 - Found 36 in M4 60mm - Bolts-4
2026-08-17 20:44:18,740 INFO  ExportHelperExtension.cs: 1145 - Found 0 features of type [CoordSys] in M4 60mm - Bolts-4
2026-08-17 20:44:18,741 INFO  ExportHelperExtension.cs: 1125 - Retrieving features of type [CoordSys] from M4 60mm - Bolts-1
2026-08-17 20:44:18,741 INFO  ExportHelperExtension.cs: 1136 - Found 36 in M4 60mm - Bolts-1
2026-08-17 20:44:18,741 INFO  ExportHelperExtension.cs: 1145 - Found 0 features of type [CoordSys] in M4 60mm - Bolts-1
2026-08-17 20:44:18,741 INFO  ExportHelperExtension.cs: 1125 - Retrieving features of type [CoordSys] from M4 60mm - Bolts-2
2026-08-17 20:44:18,742 INFO  ExportHelperExtension.cs: 1136 - Found 36 in M4 60mm - Bolts-2
2026-08-17 20:44:18,742 INFO  ExportHelperExtension.cs: 1145 - Found 0 features of type [CoordSys] in M4 60mm - Bolts-2
2026-08-17 20:44:18,743 INFO  ExportHelperExtension.cs: 1125 - Retrieving features of type [CoordSys] from M4 50mm - Bolts-4
2026-08-17 20:44:18,743 INFO  ExportHelperExtension.cs: 1136 - Found 36 in M4 50mm - Bolts-4
2026-08-17 20:44:18,743 INFO  ExportHelperExtension.cs: 1145 - Found 0 features of type [CoordSys] in M4 50mm - Bolts-4
2026-08-17 20:44:18,744 INFO  ExportHelperExtension.cs: 1125 - Retrieving features of type [CoordSys] from M4 50mm - Bolts-2
2026-08-17 20:44:18,744 INFO  ExportHelperExtension.cs: 1136 - Found 36 in M4 50mm - Bolts-2
2026-08-17 20:44:18,744 INFO  ExportHelperExtension.cs: 1145 - Found 0 features of type [CoordSys] in M4 50mm - Bolts-2
2026-08-17 20:44:18,745 INFO  ExportHelperExtension.cs: 1125 - Retrieving features of type [CoordSys] from M4 Lock nut-6
2026-08-17 20:44:18,745 INFO  ExportHelperExtension.cs: 1136 - Found 36 in M4 Lock nut-6
2026-08-17 20:44:18,745 INFO  ExportHelperExtension.cs: 1145 - Found 0 features of type [CoordSys] in M4 Lock nut-6
2026-08-17 20:44:18,748 INFO  ExportHelperExtension.cs: 1125 - Retrieving features of type [CoordSys] from M4 50mm - Bolts-1
2026-08-17 20:44:18,750 INFO  ExportHelperExtension.cs: 1136 - Found 36 in M4 50mm - Bolts-1
2026-08-17 20:44:18,750 INFO  ExportHelperExtension.cs: 1145 - Found 0 features of type [CoordSys] in M4 50mm - Bolts-1
2026-08-17 20:44:18,751 INFO  ExportHelperExtension.cs: 1125 - Retrieving features of type [CoordSys] from M4 Lock nut-8
2026-08-17 20:44:18,751 INFO  ExportHelperExtension.cs: 1136 - Found 36 in M4 Lock nut-8
2026-08-17 20:44:18,752 INFO  ExportHelperExtension.cs: 1145 - Found 0 features of type [CoordSys] in M4 Lock nut-8
2026-08-17 20:44:18,752 INFO  ExportHelperExtension.cs: 1125 - Retrieving features of type [CoordSys] from Ball Bearing 608 - 8x22x7mm-3
2026-08-17 20:44:18,752 INFO  ExportHelperExtension.cs: 1136 - Found 30 in Ball Bearing 608 - 8x22x7mm-3
2026-08-17 20:44:18,752 INFO  ExportHelperExtension.cs: 1145 - Found 0 features of type [CoordSys] in Ball Bearing 608 - 8x22x7mm-3
2026-08-17 20:44:18,752 INFO  ExportHelperExtension.cs: 1125 - Retrieving features of type [CoordSys] from GT2 Pulley - 22 - 80 teeth-2
2026-08-17 20:44:18,753 INFO  ExportHelperExtension.cs: 1136 - Found 45 in GT2 Pulley - 22 - 80 teeth-2
2026-08-17 20:44:18,753 INFO  ExportHelperExtension.cs: 1145 - Found 0 features of type [CoordSys] in GT2 Pulley - 22 - 80 teeth-2
2026-08-17 20:44:18,754 INFO  ExportHelperExtension.cs: 1125 - Retrieving features of type [CoordSys] from Base-1
2026-08-17 20:44:18,754 INFO  ExportHelperExtension.cs: 1136 - Found 80 in Base-1
2026-08-17 20:44:18,755 INFO  ExportHelperExtension.cs: 1145 - Found 0 features of type [CoordSys] in Base-1
2026-08-17 20:44:18,755 INFO  ExportHelperExtension.cs: 1125 - Retrieving features of type [CoordSys] from Thrust Bearing - 40x60x13-4
2026-08-17 20:44:18,755 INFO  ExportHelperExtension.cs: 1136 - Found 39 in Thrust Bearing - 40x60x13-4
2026-08-17 20:44:18,756 INFO  ExportHelperExtension.cs: 1145 - Found 0 features of type [CoordSys] in Thrust Bearing - 40x60x13-4
2026-08-17 20:44:18,756 INFO  ExportHelperExtension.cs: 1125 - Retrieving features of type [CoordSys] from Ball Bearing 608 - 8x22x7mm-2
2026-08-17 20:44:18,756 INFO  ExportHelperExtension.cs: 1136 - Found 30 in Ball Bearing 608 - 8x22x7mm-2
2026-08-17 20:44:18,757 INFO  ExportHelperExtension.cs: 1145 - Found 0 features of type [CoordSys] in Ball Bearing 608 - 8x22x7mm-2
2026-08-17 20:44:18,757 INFO  ExportHelperExtension.cs: 1125 - Retrieving features of type [CoordSys] from Stepper NEMA 17 -  20mm shaft-1
2026-08-17 20:44:18,757 INFO  ExportHelperExtension.cs: 1136 - Found 36 in Stepper NEMA 17 -  20mm shaft-1
2026-08-17 20:44:18,758 INFO  ExportHelperExtension.cs: 1145 - Found 0 features of type [CoordSys] in Stepper NEMA 17 -  20mm shaft-1
2026-08-17 20:44:18,759 INFO  ExportHelperExtension.cs: 1125 - Retrieving features of type [CoordSys] from Thrust Bearing - 40x60x13-3
2026-08-17 20:44:18,759 INFO  ExportHelperExtension.cs: 1136 - Found 39 in Thrust Bearing - 40x60x13-3
2026-08-17 20:44:18,759 INFO  ExportHelperExtension.cs: 1145 - Found 0 features of type [CoordSys] in Thrust Bearing - 40x60x13-3
2026-08-17 20:44:18,760 INFO  ExportHelperExtension.cs: 1125 - Retrieving features of type [CoordSys] from GT2 Pulley - 110 teeth - J1-2
2026-08-17 20:44:18,760 INFO  ExportHelperExtension.cs: 1136 - Found 41 in GT2 Pulley - 110 teeth - J1-2
2026-08-17 20:44:18,761 INFO  ExportHelperExtension.cs: 1145 - Found 0 features of type [CoordSys] in GT2 Pulley - 110 teeth - J1-2
2026-08-17 20:44:18,761 INFO  ExportHelperExtension.cs: 1125 - Retrieving features of type [CoordSys] from Smooth Rod D10mm L400mm-3
2026-08-17 20:44:18,761 INFO  ExportHelperExtension.cs: 1136 - Found 25 in Smooth Rod D10mm L400mm-3
2026-08-17 20:44:18,762 INFO  ExportHelperExtension.cs: 1145 - Found 0 features of type [CoordSys] in Smooth Rod D10mm L400mm-3
2026-08-17 20:44:18,762 INFO  ExportHelperExtension.cs: 1125 - Retrieving features of type [CoordSys] from Smooth Rod Clamp-1
2026-08-17 20:44:18,763 INFO  ExportHelperExtension.cs: 1136 - Found 27 in Smooth Rod Clamp-1
2026-08-17 20:44:18,763 INFO  ExportHelperExtension.cs: 1145 - Found 0 features of type [CoordSys] in Smooth Rod Clamp-1
2026-08-17 20:44:18,764 INFO  ExportHelperExtension.cs: 1125 - Retrieving features of type [CoordSys] from Smooth Rod D10mm L400mm-4
2026-08-17 20:44:18,764 INFO  ExportHelperExtension.cs: 1136 - Found 25 in Smooth Rod D10mm L400mm-4
2026-08-17 20:44:18,765 INFO  ExportHelperExtension.cs: 1145 - Found 0 features of type [CoordSys] in Smooth Rod D10mm L400mm-4
2026-08-17 20:44:18,765 INFO  ExportHelperExtension.cs: 1125 - Retrieving features of type [CoordSys] from M8 Washer-2
2026-08-17 20:44:18,766 INFO  ExportHelperExtension.cs: 1136 - Found 25 in M8 Washer-2
2026-08-17 20:44:18,766 INFO  ExportHelperExtension.cs: 1145 - Found 0 features of type [CoordSys] in M8 Washer-2
2026-08-17 20:44:18,766 INFO  ExportHelperExtension.cs: 1125 - Retrieving features of type [CoordSys] from Smooth Rod D10mm L400mm-2
2026-08-17 20:44:18,767 INFO  ExportHelperExtension.cs: 1136 - Found 25 in Smooth Rod D10mm L400mm-2
2026-08-17 20:44:18,768 INFO  ExportHelperExtension.cs: 1145 - Found 0 features of type [CoordSys] in Smooth Rod D10mm L400mm-2
2026-08-17 20:44:18,768 INFO  ExportHelperExtension.cs: 1125 - Retrieving features of type [CoordSys] from Smooth Rod D10mm L400mm-1
2026-08-17 20:44:18,768 INFO  ExportHelperExtension.cs: 1136 - Found 25 in Smooth Rod D10mm L400mm-1
2026-08-17 20:44:18,769 INFO  ExportHelperExtension.cs: 1145 - Found 0 features of type [CoordSys] in Smooth Rod D10mm L400mm-1
2026-08-17 20:44:18,769 INFO  ExportHelperExtension.cs: 1125 - Retrieving features of type [CoordSys] from J1 coupler-1
2026-08-17 20:44:18,769 INFO  ExportHelperExtension.cs: 1136 - Found 48 in J1 coupler-1
2026-08-17 20:44:18,770 INFO  ExportHelperExtension.cs: 1145 - Found 0 features of type [CoordSys] in J1 coupler-1
2026-08-17 20:44:18,770 INFO  ExportHelperExtension.cs: 1125 - Retrieving features of type [CoordSys] from GT2 Pulley - Parametric-1
2026-08-17 20:44:18,771 INFO  ExportHelperExtension.cs: 1136 - Found 35 in GT2 Pulley - Parametric-1
2026-08-17 20:44:18,771 INFO  ExportHelperExtension.cs: 1145 - Found 0 features of type [CoordSys] in GT2 Pulley - Parametric-1
2026-08-17 20:44:18,771 INFO  ExportHelperExtension.cs: 1125 - Retrieving features of type [CoordSys] from Z-axis Bottom Plate-2
2026-08-17 20:44:18,772 INFO  ExportHelperExtension.cs: 1136 - Found 36 in Z-axis Bottom Plate-2
2026-08-17 20:44:18,772 INFO  ExportHelperExtension.cs: 1145 - Found 0 features of type [CoordSys] in Z-axis Bottom Plate-2
2026-08-17 20:44:18,772 INFO  ExportHelperExtension.cs: 1125 - Retrieving features of type [RefAxis] from SCARA Robot With Controlled Motion
2026-08-17 20:44:18,773 INFO  ExportHelperExtension.cs: 1136 - Found 331 in SCARA Robot With Controlled Motion
2026-08-17 20:44:18,774 INFO  ExportHelperExtension.cs: 1145 - Found 0 features of type [RefAxis] in SCARA Robot With Controlled Motion
2026-08-17 20:44:18,774 INFO  ExportHelperExtension.cs: 1148 - Proceeding through assembly components
2026-08-17 20:44:18,775 INFO  ExportHelperExtension.cs: 1160 - 91 components to check
2026-08-17 20:44:18,775 INFO  ExportHelperExtension.cs: 1125 - Retrieving features of type [RefAxis] from Smooth Rod Clamp-7
2026-08-17 20:44:18,775 INFO  ExportHelperExtension.cs: 1136 - Found 27 in Smooth Rod Clamp-7
2026-08-17 20:44:18,776 INFO  ExportHelperExtension.cs: 1145 - Found 0 features of type [RefAxis] in Smooth Rod Clamp-7
2026-08-17 20:44:18,776 INFO  ExportHelperExtension.cs: 1125 - Retrieving features of type [RefAxis] from Smooth Rod Clamp-8
2026-08-17 20:44:18,776 INFO  ExportHelperExtension.cs: 1136 - Found 27 in Smooth Rod Clamp-8
2026-08-17 20:44:18,776 INFO  ExportHelperExtension.cs: 1145 - Found 0 features of type [RefAxis] in Smooth Rod Clamp-8
2026-08-17 20:44:18,777 INFO  ExportHelperExtension.cs: 1125 - Retrieving features of type [RefAxis] from Smooth Rod Clamp-4
2026-08-17 20:44:18,777 INFO  ExportHelperExtension.cs: 1136 - Found 27 in Smooth Rod Clamp-4
2026-08-17 20:44:18,777 INFO  ExportHelperExtension.cs: 1145 - Found 0 features of type [RefAxis] in Smooth Rod Clamp-4
2026-08-17 20:44:18,778 INFO  ExportHelperExtension.cs: 1125 - Retrieving features of type [RefAxis] from Z-axis Mount Platform-1
2026-08-17 20:44:18,778 INFO  ExportHelperExtension.cs: 1136 - Found 44 in Z-axis Mount Platform-1
2026-08-17 20:44:18,778 INFO  ExportHelperExtension.cs: 1145 - Found 0 features of type [RefAxis] in Z-axis Mount Platform-1
2026-08-17 20:44:18,778 INFO  ExportHelperExtension.cs: 1125 - Retrieving features of type [RefAxis] from Smooth Rod Clamp-6
2026-08-17 20:44:18,779 INFO  ExportHelperExtension.cs: 1136 - Found 27 in Smooth Rod Clamp-6
2026-08-17 20:44:18,779 INFO  ExportHelperExtension.cs: 1145 - Found 0 features of type [RefAxis] in Smooth Rod Clamp-6
2026-08-17 20:44:18,779 INFO  ExportHelperExtension.cs: 1125 - Retrieving features of type [RefAxis] from Ball Bearing 608 - 8x22x7mm-6
2026-08-17 20:44:18,780 INFO  ExportHelperExtension.cs: 1136 - Found 30 in Ball Bearing 608 - 8x22x7mm-6
2026-08-17 20:44:18,780 INFO  ExportHelperExtension.cs: 1145 - Found 0 features of type [RefAxis] in Ball Bearing 608 - 8x22x7mm-6
2026-08-17 20:44:18,780 INFO  ExportHelperExtension.cs: 1125 - Retrieving features of type [RefAxis] from Thrust Bearing 35x52x12mm-1
2026-08-17 20:44:18,781 INFO  ExportHelperExtension.cs: 1136 - Found 39 in Thrust Bearing 35x52x12mm-1
2026-08-17 20:44:18,781 INFO  ExportHelperExtension.cs: 1145 - Found 0 features of type [RefAxis] in Thrust Bearing 35x52x12mm-1
2026-08-17 20:44:18,781 INFO  ExportHelperExtension.cs: 1125 - Retrieving features of type [RefAxis] from Z-axis Top Plate-1
2026-08-17 20:44:18,782 INFO  ExportHelperExtension.cs: 1136 - Found 42 in Z-axis Top Plate-1
2026-08-17 20:44:18,782 INFO  ExportHelperExtension.cs: 1145 - Found 0 features of type [RefAxis] in Z-axis Top Plate-1
2026-08-17 20:44:18,783 INFO  ExportHelperExtension.cs: 1125 - Retrieving features of type [RefAxis] from Smooth Rod Clamp-3
2026-08-17 20:44:18,783 INFO  ExportHelperExtension.cs: 1136 - Found 27 in Smooth Rod Clamp-3
2026-08-17 20:44:18,783 INFO  ExportHelperExtension.cs: 1145 - Found 0 features of type [RefAxis] in Smooth Rod Clamp-3
2026-08-17 20:44:18,784 INFO  ExportHelperExtension.cs: 1125 - Retrieving features of type [RefAxis] from Smooth Rod Clamp-5
2026-08-17 20:44:18,784 INFO  ExportHelperExtension.cs: 1136 - Found 27 in Smooth Rod Clamp-5
2026-08-17 20:44:18,784 INFO  ExportHelperExtension.cs: 1145 - Found 0 features of type [RefAxis] in Smooth Rod Clamp-5
2026-08-17 20:44:18,784 INFO  ExportHelperExtension.cs: 1125 - Retrieving features of type [RefAxis] from Smooth Rod Clamp-2
2026-08-17 20:44:18,785 INFO  ExportHelperExtension.cs: 1136 - Found 27 in Smooth Rod Clamp-2
2026-08-17 20:44:18,785 INFO  ExportHelperExtension.cs: 1145 - Found 0 features of type [RefAxis] in Smooth Rod Clamp-2
2026-08-17 20:44:18,785 INFO  ExportHelperExtension.cs: 1125 - Retrieving features of type [RefAxis] from Lead Screw D8mm L380mm-1
2026-08-17 20:44:18,786 INFO  ExportHelperExtension.cs: 1136 - Found 26 in Lead Screw D8mm L380mm-1
2026-08-17 20:44:18,786 INFO  ExportHelperExtension.cs: 1145 - Found 0 features of type [RefAxis] in Lead Screw D8mm L380mm-1
2026-08-17 20:44:18,786 INFO  ExportHelperExtension.cs: 1125 - Retrieving features of type [RefAxis] from Stepper NEMA 17 -  20mm shaft-2
2026-08-17 20:44:18,787 INFO  ExportHelperExtension.cs: 1136 - Found 36 in Stepper NEMA 17 -  20mm shaft-2
2026-08-17 20:44:18,787 INFO  ExportHelperExtension.cs: 1145 - Found 0 features of type [RefAxis] in Stepper NEMA 17 -  20mm shaft-2
2026-08-17 20:44:18,787 INFO  ExportHelperExtension.cs: 1125 - Retrieving features of type [RefAxis] from Ball Bearing 608 - 8x22x7mm-4
2026-08-17 20:44:18,787 INFO  ExportHelperExtension.cs: 1136 - Found 30 in Ball Bearing 608 - 8x22x7mm-4
2026-08-17 20:44:18,789 INFO  ExportHelperExtension.cs: 1145 - Found 0 features of type [RefAxis] in Ball Bearing 608 - 8x22x7mm-4
2026-08-17 20:44:18,789 INFO  ExportHelperExtension.cs: 1125 - Retrieving features of type [RefAxis] from Arm 1-1
2026-08-17 20:44:18,789 INFO  ExportHelperExtension.cs: 1136 - Found 61 in Arm 1-1
2026-08-17 20:44:18,790 INFO  ExportHelperExtension.cs: 1145 - Found 0 features of type [RefAxis] in Arm 1-1
2026-08-17 20:44:18,790 INFO  ExportHelperExtension.cs: 1125 - Retrieving features of type [RefAxis] from Ball Bearing 608 - 8x22x7mm-5
2026-08-17 20:44:18,790 INFO  ExportHelperExtension.cs: 1136 - Found 30 in Ball Bearing 608 - 8x22x7mm-5
2026-08-17 20:44:18,791 INFO  ExportHelperExtension.cs: 1145 - Found 0 features of type [RefAxis] in Ball Bearing 608 - 8x22x7mm-5
2026-08-17 20:44:18,791 INFO  ExportHelperExtension.cs: 1125 - Retrieving features of type [RefAxis] from J2 Coupler-1
2026-08-17 20:44:18,791 INFO  ExportHelperExtension.cs: 1136 - Found 45 in J2 Coupler-1
2026-08-17 20:44:18,792 INFO  ExportHelperExtension.cs: 1145 - Found 0 features of type [RefAxis] in J2 Coupler-1
2026-08-17 20:44:18,792 INFO  ExportHelperExtension.cs: 1125 - Retrieving features of type [RefAxis] from GT2 Pulley - 92 teeth - J2-1
2026-08-17 20:44:18,793 INFO  ExportHelperExtension.cs: 1136 - Found 41 in GT2 Pulley - 92 teeth - J2-1
2026-08-17 20:44:18,793 INFO  ExportHelperExtension.cs: 1145 - Found 0 features of type [RefAxis] in GT2 Pulley - 92 teeth - J2-1
2026-08-17 20:44:18,793 INFO  ExportHelperExtension.cs: 1125 - Retrieving features of type [RefAxis] from GT2 Pulley - 23 - 80 teeth-1
2026-08-17 20:44:18,794 INFO  ExportHelperExtension.cs: 1136 - Found 45 in GT2 Pulley - 23 - 80 teeth-1
2026-08-17 20:44:18,794 INFO  ExportHelperExtension.cs: 1145 - Found 0 features of type [RefAxis] in GT2 Pulley - 23 - 80 teeth-1
2026-08-17 20:44:18,795 INFO  ExportHelperExtension.cs: 1125 - Retrieving features of type [RefAxis] from Ball Bearing 30x42x7mm-1
2026-08-17 20:44:18,795 INFO  ExportHelperExtension.cs: 1136 - Found 30 in Ball Bearing 30x42x7mm-1
2026-08-17 20:44:18,795 INFO  ExportHelperExtension.cs: 1145 - Found 0 features of type [RefAxis] in Ball Bearing 30x42x7mm-1
2026-08-17 20:44:18,796 INFO  ExportHelperExtension.cs: 1125 - Retrieving features of type [RefAxis] from Thrust Bearing 35x52x12mm-2
2026-08-17 20:44:18,796 INFO  ExportHelperExtension.cs: 1136 - Found 39 in Thrust Bearing 35x52x12mm-2
2026-08-17 20:44:18,797 INFO  ExportHelperExtension.cs: 1145 - Found 0 features of type [RefAxis] in Thrust Bearing 35x52x12mm-2
2026-08-17 20:44:18,797 INFO  ExportHelperExtension.cs: 1125 - Retrieving features of type [RefAxis] from Stepper NEMA 17 -  20mm shaft-3
2026-08-17 20:44:18,797 INFO  ExportHelperExtension.cs: 1136 - Found 36 in Stepper NEMA 17 -  20mm shaft-3
2026-08-17 20:44:18,798 INFO  ExportHelperExtension.cs: 1145 - Found 0 features of type [RefAxis] in Stepper NEMA 17 -  20mm shaft-3
2026-08-17 20:44:18,798 INFO  ExportHelperExtension.cs: 1125 - Retrieving features of type [RefAxis] from Micro switch-1
2026-08-17 20:44:18,798 INFO  ExportHelperExtension.cs: 1136 - Found 36 in Micro switch-1
2026-08-17 20:44:18,799 INFO  ExportHelperExtension.cs: 1145 - Found 0 features of type [RefAxis] in Micro switch-1
2026-08-17 20:44:18,799 INFO  ExportHelperExtension.cs: 1125 - Retrieving features of type [RefAxis] from Linear Bearing 10x19x29mm-6
2026-08-17 20:44:18,799 INFO  ExportHelperExtension.cs: 1136 - Found 30 in Linear Bearing 10x19x29mm-6
2026-08-17 20:44:18,800 INFO  ExportHelperExtension.cs: 1145 - Found 0 features of type [RefAxis] in Linear Bearing 10x19x29mm-6
2026-08-17 20:44:18,800 INFO  ExportHelperExtension.cs: 1125 - Retrieving features of type [RefAxis] from Linear Bearing 10x19x29mm-1
2026-08-17 20:44:18,800 INFO  ExportHelperExtension.cs: 1136 - Found 30 in Linear Bearing 10x19x29mm-1
2026-08-17 20:44:18,801 INFO  ExportHelperExtension.cs: 1145 - Found 0 features of type [RefAxis] in Linear Bearing 10x19x29mm-1
2026-08-17 20:44:18,801 INFO  ExportHelperExtension.cs: 1125 - Retrieving features of type [RefAxis] from Arm 2-1
2026-08-17 20:44:18,802 INFO  ExportHelperExtension.cs: 1136 - Found 53 in Arm 2-1
2026-08-17 20:44:18,802 INFO  ExportHelperExtension.cs: 1145 - Found 0 features of type [RefAxis] in Arm 2-1
2026-08-17 20:44:18,802 INFO  ExportHelperExtension.cs: 1125 - Retrieving features of type [RefAxis] from M8 Washer-3
2026-08-17 20:44:18,803 INFO  ExportHelperExtension.cs: 1136 - Found 25 in M8 Washer-3
2026-08-17 20:44:18,803 INFO  ExportHelperExtension.cs: 1145 - Found 0 features of type [RefAxis] in M8 Washer-3
2026-08-17 20:44:18,803 INFO  ExportHelperExtension.cs: 1125 - Retrieving features of type [RefAxis] from Arm 2 Cover-1
2026-08-17 20:44:18,804 INFO  ExportHelperExtension.cs: 1136 - Found 45 in Arm 2 Cover-1
2026-08-17 20:44:18,804 INFO  ExportHelperExtension.cs: 1145 - Found 0 features of type [RefAxis] in Arm 2 Cover-1
2026-08-17 20:44:18,805 INFO  ExportHelperExtension.cs: 1125 - Retrieving features of type [RefAxis] from GT2 Pulley - Parametric-3
2026-08-17 20:44:18,805 INFO  ExportHelperExtension.cs: 1136 - Found 35 in GT2 Pulley - Parametric-3
2026-08-17 20:44:18,805 INFO  ExportHelperExtension.cs: 1145 - Found 0 features of type [RefAxis] in GT2 Pulley - Parametric-3
2026-08-17 20:44:18,806 INFO  ExportHelperExtension.cs: 1125 - Retrieving features of type [RefAxis] from Micro switch-4
2026-08-17 20:44:18,806 INFO  ExportHelperExtension.cs: 1136 - Found 36 in Micro switch-4
2026-08-17 20:44:18,806 INFO  ExportHelperExtension.cs: 1145 - Found 0 features of type [RefAxis] in Micro switch-4
2026-08-17 20:44:18,807 INFO  ExportHelperExtension.cs: 1125 - Retrieving features of type [RefAxis] from Linear Bearing 10x19x29mm-3
2026-08-17 20:44:18,807 INFO  ExportHelperExtension.cs: 1136 - Found 30 in Linear Bearing 10x19x29mm-3
2026-08-17 20:44:18,807 INFO  ExportHelperExtension.cs: 1145 - Found 0 features of type [RefAxis] in Linear Bearing 10x19x29mm-3
2026-08-17 20:44:18,807 INFO  ExportHelperExtension.cs: 1125 - Retrieving features of type [RefAxis] from GT2 Pulley - Parametric-2
2026-08-17 20:44:18,808 INFO  ExportHelperExtension.cs: 1136 - Found 35 in GT2 Pulley - Parametric-2
2026-08-17 20:44:18,808 INFO  ExportHelperExtension.cs: 1145 - Found 0 features of type [RefAxis] in GT2 Pulley - Parametric-2
2026-08-17 20:44:18,808 INFO  ExportHelperExtension.cs: 1125 - Retrieving features of type [RefAxis] from Linear Bearing 10x19x29mm-2
2026-08-17 20:44:18,833 INFO  ExportHelperExtension.cs: 1136 - Found 30 in Linear Bearing 10x19x29mm-2
2026-08-17 20:44:18,834 INFO  ExportHelperExtension.cs: 1145 - Found 0 features of type [RefAxis] in Linear Bearing 10x19x29mm-2
2026-08-17 20:44:18,834 INFO  ExportHelperExtension.cs: 1125 - Retrieving features of type [RefAxis] from NEMA 17 Stepper L24mm - 20mm shaft-1
2026-08-17 20:44:18,835 INFO  ExportHelperExtension.cs: 1136 - Found 36 in NEMA 17 Stepper L24mm - 20mm shaft-1
2026-08-17 20:44:18,836 INFO  ExportHelperExtension.cs: 1145 - Found 0 features of type [RefAxis] in NEMA 17 Stepper L24mm - 20mm shaft-1
2026-08-17 20:44:18,836 INFO  ExportHelperExtension.cs: 1125 - Retrieving features of type [RefAxis] from Ball Bearing 30x42x7mm-2
2026-08-17 20:44:18,837 INFO  ExportHelperExtension.cs: 1136 - Found 30 in Ball Bearing 30x42x7mm-2
2026-08-17 20:44:18,838 INFO  ExportHelperExtension.cs: 1145 - Found 0 features of type [RefAxis] in Ball Bearing 30x42x7mm-2
2026-08-17 20:44:18,838 INFO  ExportHelperExtension.cs: 1125 - Retrieving features of type [RefAxis] from Thrust Bearing 35x52x12mm-3
2026-08-17 20:44:18,839 INFO  ExportHelperExtension.cs: 1136 - Found 39 in Thrust Bearing 35x52x12mm-3
2026-08-17 20:44:18,840 INFO  ExportHelperExtension.cs: 1145 - Found 0 features of type [RefAxis] in Thrust Bearing 35x52x12mm-3
2026-08-17 20:44:18,840 INFO  ExportHelperExtension.cs: 1125 - Retrieving features of type [RefAxis] from Thrust Bearing 35x52x12mm-4
2026-08-17 20:44:18,841 INFO  ExportHelperExtension.cs: 1136 - Found 39 in Thrust Bearing 35x52x12mm-4
2026-08-17 20:44:18,842 INFO  ExportHelperExtension.cs: 1145 - Found 0 features of type [RefAxis] in Thrust Bearing 35x52x12mm-4
2026-08-17 20:44:18,842 INFO  ExportHelperExtension.cs: 1125 - Retrieving features of type [RefAxis] from GT2 Pulley - 90 teeth - J3-1
2026-08-17 20:44:18,843 INFO  ExportHelperExtension.cs: 1136 - Found 41 in GT2 Pulley - 90 teeth - J3-1
2026-08-17 20:44:18,843 INFO  ExportHelperExtension.cs: 1145 - Found 0 features of type [RefAxis] in GT2 Pulley - 90 teeth - J3-1
2026-08-17 20:44:18,843 INFO  ExportHelperExtension.cs: 1125 - Retrieving features of type [RefAxis] from J3 Coupler-1
2026-08-17 20:44:18,844 INFO  ExportHelperExtension.cs: 1136 - Found 45 in J3 Coupler-1
2026-08-17 20:44:18,844 INFO  ExportHelperExtension.cs: 1145 - Found 0 features of type [RefAxis] in J3 Coupler-1
2026-08-17 20:44:18,845 INFO  ExportHelperExtension.cs: 1125 - Retrieving features of type [RefAxis] from Micro switch-3
2026-08-17 20:44:18,846 INFO  ExportHelperExtension.cs: 1136 - Found 36 in Micro switch-3
2026-08-17 20:44:18,846 INFO  ExportHelperExtension.cs: 1145 - Found 0 features of type [RefAxis] in Micro switch-3
2026-08-17 20:44:18,847 INFO  ExportHelperExtension.cs: 1125 - Retrieving features of type [RefAxis] from Lead Screw Nut 8mm-1
2026-08-17 20:44:18,848 INFO  ExportHelperExtension.cs: 1136 - Found 31 in Lead Screw Nut 8mm-1
2026-08-17 20:44:18,848 INFO  ExportHelperExtension.cs: 1145 - Found 0 features of type [RefAxis] in Lead Screw Nut 8mm-1
2026-08-17 20:44:18,849 INFO  ExportHelperExtension.cs: 1125 - Retrieving features of type [RefAxis] from Gripper Mechanism-1
2026-08-17 20:44:18,850 INFO  ExportHelperExtension.cs: 1136 - Found 98 in Gripper Mechanism-1
2026-08-17 20:44:18,851 INFO  ExportHelperExtension.cs: 1145 - Found 0 features of type [RefAxis] in Gripper Mechanism-1
2026-08-17 20:44:18,852 INFO  ExportHelperExtension.cs: 1125 - Retrieving features of type [RefAxis] from Arm 1 Cover-1
2026-08-17 20:44:18,852 INFO  ExportHelperExtension.cs: 1136 - Found 34 in Arm 1 Cover-1
2026-08-17 20:44:18,853 INFO  ExportHelperExtension.cs: 1145 - Found 1 features of type [RefAxis] in Arm 1 Cover-1
2026-08-17 20:44:18,854 INFO  ExportHelperExtension.cs: 1125 - Retrieving features of type [RefAxis] from Micro switch-5
2026-08-17 20:44:18,854 INFO  ExportHelperExtension.cs: 1136 - Found 36 in Micro switch-5
2026-08-17 20:44:18,855 INFO  ExportHelperExtension.cs: 1145 - Found 0 features of type [RefAxis] in Micro switch-5
2026-08-17 20:44:18,856 INFO  ExportHelperExtension.cs: 1125 - Retrieving features of type [RefAxis] from Ball Bearing 35x47x7mm-1
2026-08-17 20:44:18,856 INFO  ExportHelperExtension.cs: 1136 - Found 30 in Ball Bearing 35x47x7mm-1
2026-08-17 20:44:18,857 INFO  ExportHelperExtension.cs: 1145 - Found 0 features of type [RefAxis] in Ball Bearing 35x47x7mm-1
2026-08-17 20:44:18,857 INFO  ExportHelperExtension.cs: 1125 - Retrieving features of type [RefAxis] from GT2 Belt 300mm 2-1
2026-08-17 20:44:18,858 INFO  ExportHelperExtension.cs: 1136 - Found 25 in GT2 Belt 300mm 2-1
2026-08-17 20:44:18,859 INFO  ExportHelperExtension.cs: 1145 - Found 0 features of type [RefAxis] in GT2 Belt 300mm 2-1
2026-08-17 20:44:18,859 INFO  ExportHelperExtension.cs: 1125 - Retrieving features of type [RefAxis] from Top cover-1
2026-08-17 20:44:18,859 INFO  ExportHelperExtension.cs: 1136 - Found 40 in Top cover-1
2026-08-17 20:44:18,860 INFO  ExportHelperExtension.cs: 1145 - Found 0 features of type [RefAxis] in Top cover-1
2026-08-17 20:44:18,860 INFO  ExportHelperExtension.cs: 1125 - Retrieving features of type [RefAxis] from GT2 Belt 400mm 2-1
2026-08-17 20:44:18,861 INFO  ExportHelperExtension.cs: 1136 - Found 25 in GT2 Belt 400mm 2-1
2026-08-17 20:44:18,862 INFO  ExportHelperExtension.cs: 1145 - Found 0 features of type [RefAxis] in GT2 Belt 400mm 2-1
2026-08-17 20:44:18,862 INFO  ExportHelperExtension.cs: 1125 - Retrieving features of type [RefAxis] from Base cover-1
2026-08-17 20:44:18,863 INFO  ExportHelperExtension.cs: 1136 - Found 29 in Base cover-1
2026-08-17 20:44:18,864 INFO  ExportHelperExtension.cs: 1145 - Found 0 features of type [RefAxis] in Base cover-1
2026-08-17 20:44:18,864 INFO  ExportHelperExtension.cs: 1125 - Retrieving features of type [RefAxis] from Arduino UNO case p1-1
2026-08-17 20:44:18,865 INFO  ExportHelperExtension.cs: 1136 - Found 41 in Arduino UNO case p1-1
2026-08-17 20:44:18,866 INFO  ExportHelperExtension.cs: 1145 - Found 0 features of type [RefAxis] in Arduino UNO case p1-1
2026-08-17 20:44:18,867 INFO  ExportHelperExtension.cs: 1125 - Retrieving features of type [RefAxis] from GT2 Belt 400mm-1
2026-08-17 20:44:18,867 INFO  ExportHelperExtension.cs: 1136 - Found 25 in GT2 Belt 400mm-1
2026-08-17 20:44:18,869 INFO  ExportHelperExtension.cs: 1145 - Found 0 features of type [RefAxis] in GT2 Belt 400mm-1
2026-08-17 20:44:18,869 INFO  ExportHelperExtension.cs: 1125 - Retrieving features of type [RefAxis] from GT2 Belt 200mm-1
2026-08-17 20:44:18,870 INFO  ExportHelperExtension.cs: 1136 - Found 25 in GT2 Belt 200mm-1
2026-08-17 20:44:18,871 INFO  ExportHelperExtension.cs: 1145 - Found 0 features of type [RefAxis] in GT2 Belt 200mm-1
2026-08-17 20:44:18,872 INFO  ExportHelperExtension.cs: 1125 - Retrieving features of type [RefAxis] from M4 Lock nut-4
2026-08-17 20:44:18,872 INFO  ExportHelperExtension.cs: 1136 - Found 36 in M4 Lock nut-4
2026-08-17 20:44:18,873 INFO  ExportHelperExtension.cs: 1145 - Found 0 features of type [RefAxis] in M4 Lock nut-4
2026-08-17 20:44:18,874 INFO  ExportHelperExtension.cs: 1125 - Retrieving features of type [RefAxis] from Arduino UNO case p2-1
2026-08-17 20:44:18,874 INFO  ExportHelperExtension.cs: 1136 - Found 39 in Arduino UNO case p2-1
2026-08-17 20:44:18,875 INFO  ExportHelperExtension.cs: 1145 - Found 0 features of type [RefAxis] in Arduino UNO case p2-1
2026-08-17 20:44:18,875 INFO  ExportHelperExtension.cs: 1125 - Retrieving features of type [RefAxis] from GT2 Belt 300mm-1
2026-08-17 20:44:18,876 INFO  ExportHelperExtension.cs: 1136 - Found 25 in GT2 Belt 300mm-1
2026-08-17 20:44:18,877 INFO  ExportHelperExtension.cs: 1145 - Found 0 features of type [RefAxis] in GT2 Belt 300mm-1
2026-08-17 20:44:18,877 INFO  ExportHelperExtension.cs: 1125 - Retrieving features of type [RefAxis] from M8 Lock nut-1
2026-08-17 20:44:18,878 INFO  ExportHelperExtension.cs: 1136 - Found 36 in M8 Lock nut-1
2026-08-17 20:44:18,879 INFO  ExportHelperExtension.cs: 1145 - Found 0 features of type [RefAxis] in M8 Lock nut-1
2026-08-17 20:44:18,879 INFO  ExportHelperExtension.cs: 1125 - Retrieving features of type [RefAxis] from M4 Lock nut-1
2026-08-17 20:44:18,879 INFO  ExportHelperExtension.cs: 1136 - Found 36 in M4 Lock nut-1
2026-08-17 20:44:18,880 INFO  ExportHelperExtension.cs: 1145 - Found 0 features of type [RefAxis] in M4 Lock nut-1
2026-08-17 20:44:18,880 INFO  ExportHelperExtension.cs: 1125 - Retrieving features of type [RefAxis] from M8 45mm - Bolts-1
2026-08-17 20:44:18,881 INFO  ExportHelperExtension.cs: 1136 - Found 36 in M8 45mm - Bolts-1
2026-08-17 20:44:18,882 INFO  ExportHelperExtension.cs: 1145 - Found 0 features of type [RefAxis] in M8 45mm - Bolts-1
2026-08-17 20:44:18,882 INFO  ExportHelperExtension.cs: 1125 - Retrieving features of type [RefAxis] from M4 Lock nut-2
2026-08-17 20:44:18,883 INFO  ExportHelperExtension.cs: 1136 - Found 36 in M4 Lock nut-2
2026-08-17 20:44:18,884 INFO  ExportHelperExtension.cs: 1145 - Found 0 features of type [RefAxis] in M4 Lock nut-2
2026-08-17 20:44:18,884 INFO  ExportHelperExtension.cs: 1125 - Retrieving features of type [RefAxis] from M4 Lock nut-3
2026-08-17 20:44:18,885 INFO  ExportHelperExtension.cs: 1136 - Found 36 in M4 Lock nut-3
2026-08-17 20:44:18,886 INFO  ExportHelperExtension.cs: 1145 - Found 0 features of type [RefAxis] in M4 Lock nut-3
2026-08-17 20:44:18,886 INFO  ExportHelperExtension.cs: 1125 - Retrieving features of type [RefAxis] from M8 Lock nut-3
2026-08-17 20:44:18,887 INFO  ExportHelperExtension.cs: 1136 - Found 36 in M8 Lock nut-3
2026-08-17 20:44:18,887 INFO  ExportHelperExtension.cs: 1145 - Found 0 features of type [RefAxis] in M8 Lock nut-3
2026-08-17 20:44:18,888 INFO  ExportHelperExtension.cs: 1125 - Retrieving features of type [RefAxis] from M4 60mm - Bolts-3
2026-08-17 20:44:18,888 INFO  ExportHelperExtension.cs: 1136 - Found 36 in M4 60mm - Bolts-3
2026-08-17 20:44:18,889 INFO  ExportHelperExtension.cs: 1145 - Found 0 features of type [RefAxis] in M4 60mm - Bolts-3
2026-08-17 20:44:18,889 INFO  ExportHelperExtension.cs: 1125 - Retrieving features of type [RefAxis] from M8 45mm - Bolts-3
2026-08-17 20:44:18,890 INFO  ExportHelperExtension.cs: 1136 - Found 36 in M8 45mm - Bolts-3
2026-08-17 20:44:18,890 INFO  ExportHelperExtension.cs: 1145 - Found 0 features of type [RefAxis] in M8 45mm - Bolts-3
2026-08-17 20:44:18,890 INFO  ExportHelperExtension.cs: 1125 - Retrieving features of type [RefAxis] from M4 Lock nut-7
2026-08-17 20:44:18,891 INFO  ExportHelperExtension.cs: 1136 - Found 36 in M4 Lock nut-7
2026-08-17 20:44:18,891 INFO  ExportHelperExtension.cs: 1145 - Found 0 features of type [RefAxis] in M4 Lock nut-7
2026-08-17 20:44:18,892 INFO  ExportHelperExtension.cs: 1125 - Retrieving features of type [RefAxis] from M4 Lock nut-5
2026-08-17 20:44:18,892 INFO  ExportHelperExtension.cs: 1136 - Found 36 in M4 Lock nut-5
2026-08-17 20:44:18,893 INFO  ExportHelperExtension.cs: 1145 - Found 0 features of type [RefAxis] in M4 Lock nut-5
2026-08-17 20:44:18,894 INFO  ExportHelperExtension.cs: 1125 - Retrieving features of type [RefAxis] from M4 50mm - Bolts-3
2026-08-17 20:44:18,894 INFO  ExportHelperExtension.cs: 1136 - Found 36 in M4 50mm - Bolts-3
2026-08-17 20:44:18,895 INFO  ExportHelperExtension.cs: 1145 - Found 0 features of type [RefAxis] in M4 50mm - Bolts-3
2026-08-17 20:44:18,895 INFO  ExportHelperExtension.cs: 1125 - Retrieving features of type [RefAxis] from M4 60mm - Bolts-4
2026-08-17 20:44:18,895 INFO  ExportHelperExtension.cs: 1136 - Found 36 in M4 60mm - Bolts-4
2026-08-17 20:44:18,896 INFO  ExportHelperExtension.cs: 1145 - Found 0 features of type [RefAxis] in M4 60mm - Bolts-4
2026-08-17 20:44:18,896 INFO  ExportHelperExtension.cs: 1125 - Retrieving features of type [RefAxis] from M4 60mm - Bolts-1
2026-08-17 20:44:18,896 INFO  ExportHelperExtension.cs: 1136 - Found 36 in M4 60mm - Bolts-1
2026-08-17 20:44:18,897 INFO  ExportHelperExtension.cs: 1145 - Found 0 features of type [RefAxis] in M4 60mm - Bolts-1
2026-08-17 20:44:18,897 INFO  ExportHelperExtension.cs: 1125 - Retrieving features of type [RefAxis] from M4 60mm - Bolts-2
2026-08-17 20:44:18,898 INFO  ExportHelperExtension.cs: 1136 - Found 36 in M4 60mm - Bolts-2
2026-08-17 20:44:18,898 INFO  ExportHelperExtension.cs: 1145 - Found 0 features of type [RefAxis] in M4 60mm - Bolts-2
2026-08-17 20:44:18,899 INFO  ExportHelperExtension.cs: 1125 - Retrieving features of type [RefAxis] from M4 50mm - Bolts-4
2026-08-17 20:44:18,899 INFO  ExportHelperExtension.cs: 1136 - Found 36 in M4 50mm - Bolts-4
2026-08-17 20:44:18,900 INFO  ExportHelperExtension.cs: 1145 - Found 0 features of type [RefAxis] in M4 50mm - Bolts-4
2026-08-17 20:44:18,900 INFO  ExportHelperExtension.cs: 1125 - Retrieving features of type [RefAxis] from M4 50mm - Bolts-2
2026-08-17 20:44:18,901 INFO  ExportHelperExtension.cs: 1136 - Found 36 in M4 50mm - Bolts-2
2026-08-17 20:44:18,901 INFO  ExportHelperExtension.cs: 1145 - Found 0 features of type [RefAxis] in M4 50mm - Bolts-2
2026-08-17 20:44:18,902 INFO  ExportHelperExtension.cs: 1125 - Retrieving features of type [RefAxis] from M4 Lock nut-6
2026-08-17 20:44:18,902 INFO  ExportHelperExtension.cs: 1136 - Found 36 in M4 Lock nut-6
2026-08-17 20:44:18,903 INFO  ExportHelperExtension.cs: 1145 - Found 0 features of type [RefAxis] in M4 Lock nut-6
2026-08-17 20:44:18,903 INFO  ExportHelperExtension.cs: 1125 - Retrieving features of type [RefAxis] from M4 50mm - Bolts-1
2026-08-17 20:44:18,904 INFO  ExportHelperExtension.cs: 1136 - Found 36 in M4 50mm - Bolts-1
2026-08-17 20:44:18,904 INFO  ExportHelperExtension.cs: 1145 - Found 0 features of type [RefAxis] in M4 50mm - Bolts-1
2026-08-17 20:44:18,904 INFO  ExportHelperExtension.cs: 1125 - Retrieving features of type [RefAxis] from M4 Lock nut-8
2026-08-17 20:44:18,905 INFO  ExportHelperExtension.cs: 1136 - Found 36 in M4 Lock nut-8
2026-08-17 20:44:18,905 INFO  ExportHelperExtension.cs: 1145 - Found 0 features of type [RefAxis] in M4 Lock nut-8
2026-08-17 20:44:18,906 INFO  ExportHelperExtension.cs: 1125 - Retrieving features of type [RefAxis] from Ball Bearing 608 - 8x22x7mm-3
2026-08-17 20:44:18,906 INFO  ExportHelperExtension.cs: 1136 - Found 30 in Ball Bearing 608 - 8x22x7mm-3
2026-08-17 20:44:18,907 INFO  ExportHelperExtension.cs: 1145 - Found 0 features of type [RefAxis] in Ball Bearing 608 - 8x22x7mm-3
2026-08-17 20:44:18,907 INFO  ExportHelperExtension.cs: 1125 - Retrieving features of type [RefAxis] from GT2 Pulley - 22 - 80 teeth-2
2026-08-17 20:44:18,907 INFO  ExportHelperExtension.cs: 1136 - Found 45 in GT2 Pulley - 22 - 80 teeth-2
2026-08-17 20:44:18,909 INFO  ExportHelperExtension.cs: 1145 - Found 0 features of type [RefAxis] in GT2 Pulley - 22 - 80 teeth-2
2026-08-17 20:44:18,909 INFO  ExportHelperExtension.cs: 1125 - Retrieving features of type [RefAxis] from Base-1
2026-08-17 20:44:18,910 INFO  ExportHelperExtension.cs: 1136 - Found 80 in Base-1
2026-08-17 20:44:18,910 INFO  ExportHelperExtension.cs: 1145 - Found 0 features of type [RefAxis] in Base-1
2026-08-17 20:44:18,911 INFO  ExportHelperExtension.cs: 1125 - Retrieving features of type [RefAxis] from Thrust Bearing - 40x60x13-4
2026-08-17 20:44:18,911 INFO  ExportHelperExtension.cs: 1136 - Found 39 in Thrust Bearing - 40x60x13-4
2026-08-17 20:44:18,912 INFO  ExportHelperExtension.cs: 1145 - Found 0 features of type [RefAxis] in Thrust Bearing - 40x60x13-4
2026-08-17 20:44:18,912 INFO  ExportHelperExtension.cs: 1125 - Retrieving features of type [RefAxis] from Ball Bearing 608 - 8x22x7mm-2
2026-08-17 20:44:18,912 INFO  ExportHelperExtension.cs: 1136 - Found 30 in Ball Bearing 608 - 8x22x7mm-2
2026-08-17 20:44:18,913 INFO  ExportHelperExtension.cs: 1145 - Found 0 features of type [RefAxis] in Ball Bearing 608 - 8x22x7mm-2
2026-08-17 20:44:18,913 INFO  ExportHelperExtension.cs: 1125 - Retrieving features of type [RefAxis] from Stepper NEMA 17 -  20mm shaft-1
2026-08-17 20:44:18,913 INFO  ExportHelperExtension.cs: 1136 - Found 36 in Stepper NEMA 17 -  20mm shaft-1
2026-08-17 20:44:18,914 INFO  ExportHelperExtension.cs: 1145 - Found 0 features of type [RefAxis] in Stepper NEMA 17 -  20mm shaft-1
2026-08-17 20:44:18,914 INFO  ExportHelperExtension.cs: 1125 - Retrieving features of type [RefAxis] from Thrust Bearing - 40x60x13-3
2026-08-17 20:44:18,914 INFO  ExportHelperExtension.cs: 1136 - Found 39 in Thrust Bearing - 40x60x13-3
2026-08-17 20:44:18,915 INFO  ExportHelperExtension.cs: 1145 - Found 0 features of type [RefAxis] in Thrust Bearing - 40x60x13-3
2026-08-17 20:44:18,915 INFO  ExportHelperExtension.cs: 1125 - Retrieving features of type [RefAxis] from GT2 Pulley - 110 teeth - J1-2
2026-08-17 20:44:18,916 INFO  ExportHelperExtension.cs: 1136 - Found 41 in GT2 Pulley - 110 teeth - J1-2
2026-08-17 20:44:18,916 INFO  ExportHelperExtension.cs: 1145 - Found 0 features of type [RefAxis] in GT2 Pulley - 110 teeth - J1-2
2026-08-17 20:44:18,916 INFO  ExportHelperExtension.cs: 1125 - Retrieving features of type [RefAxis] from Smooth Rod D10mm L400mm-3
2026-08-17 20:44:18,917 INFO  ExportHelperExtension.cs: 1136 - Found 25 in Smooth Rod D10mm L400mm-3
2026-08-17 20:44:18,917 INFO  ExportHelperExtension.cs: 1145 - Found 0 features of type [RefAxis] in Smooth Rod D10mm L400mm-3
2026-08-17 20:44:18,917 INFO  ExportHelperExtension.cs: 1125 - Retrieving features of type [RefAxis] from Smooth Rod Clamp-1
2026-08-17 20:44:18,918 INFO  ExportHelperExtension.cs: 1136 - Found 27 in Smooth Rod Clamp-1
2026-08-17 20:44:18,918 INFO  ExportHelperExtension.cs: 1145 - Found 0 features of type [RefAxis] in Smooth Rod Clamp-1
2026-08-17 20:44:18,919 INFO  ExportHelperExtension.cs: 1125 - Retrieving features of type [RefAxis] from Smooth Rod D10mm L400mm-4
2026-08-17 20:44:18,919 INFO  ExportHelperExtension.cs: 1136 - Found 25 in Smooth Rod D10mm L400mm-4
2026-08-17 20:44:18,919 INFO  ExportHelperExtension.cs: 1145 - Found 0 features of type [RefAxis] in Smooth Rod D10mm L400mm-4
2026-08-17 20:44:18,922 INFO  ExportHelperExtension.cs: 1125 - Retrieving features of type [RefAxis] from M8 Washer-2
2026-08-17 20:44:18,937 INFO  ExportHelperExtension.cs: 1136 - Found 25 in M8 Washer-2
2026-08-17 20:44:18,938 INFO  ExportHelperExtension.cs: 1145 - Found 0 features of type [RefAxis] in M8 Washer-2
2026-08-17 20:44:18,938 INFO  ExportHelperExtension.cs: 1125 - Retrieving features of type [RefAxis] from Smooth Rod D10mm L400mm-2
2026-08-17 20:44:18,939 INFO  ExportHelperExtension.cs: 1136 - Found 25 in Smooth Rod D10mm L400mm-2
2026-08-17 20:44:18,940 INFO  ExportHelperExtension.cs: 1145 - Found 0 features of type [RefAxis] in Smooth Rod D10mm L400mm-2
2026-08-17 20:44:18,941 INFO  ExportHelperExtension.cs: 1125 - Retrieving features of type [RefAxis] from Smooth Rod D10mm L400mm-1
2026-08-17 20:44:18,941 INFO  ExportHelperExtension.cs: 1136 - Found 25 in Smooth Rod D10mm L400mm-1
2026-08-17 20:44:18,942 INFO  ExportHelperExtension.cs: 1145 - Found 0 features of type [RefAxis] in Smooth Rod D10mm L400mm-1
2026-08-17 20:44:18,943 INFO  ExportHelperExtension.cs: 1125 - Retrieving features of type [RefAxis] from J1 coupler-1
2026-08-17 20:44:18,943 INFO  ExportHelperExtension.cs: 1136 - Found 48 in J1 coupler-1
2026-08-17 20:44:18,944 INFO  ExportHelperExtension.cs: 1145 - Found 0 features of type [RefAxis] in J1 coupler-1
2026-08-17 20:44:18,945 INFO  ExportHelperExtension.cs: 1125 - Retrieving features of type [RefAxis] from GT2 Pulley - Parametric-1
2026-08-17 20:44:18,946 INFO  ExportHelperExtension.cs: 1136 - Found 35 in GT2 Pulley - Parametric-1
2026-08-17 20:44:18,947 INFO  ExportHelperExtension.cs: 1145 - Found 0 features of type [RefAxis] in GT2 Pulley - Parametric-1
2026-08-17 20:44:18,948 INFO  ExportHelperExtension.cs: 1125 - Retrieving features of type [RefAxis] from Z-axis Bottom Plate-2
2026-08-17 20:44:18,948 INFO  ExportHelperExtension.cs: 1136 - Found 36 in Z-axis Bottom Plate-2
2026-08-17 20:44:18,949 INFO  ExportHelperExtension.cs: 1145 - Found 0 features of type [RefAxis] in Z-axis Bottom Plate-2
2026-08-17 20:44:19,261 INFO  SwAddin.cs: 339 - Loading config tree
2026-08-17 20:44:19,270 INFO  ExportPropertyManagerExtension.cs: 520 - Starting new configuration
2026-08-17 20:44:19,279 INFO  SwAddin.cs: 344 - Showing property manager
2026-08-17 20:45:24,214 INFO  ExportPropertyManager.cs: 1142 - AfterClose called. This method no longer throws an Exception. It just silently does nothing. Ok, except for this logging message
2026-08-17 20:48:07,273 INFO  SwAddin.cs: 294 - Assembly export called for file SCARA Robot With Controlled Motion
2026-08-17 20:48:07,274 INFO  SwAddin.cs: 299 - Save is required
2026-08-17 20:48:07,275 INFO  SwAddin.cs: 313 - Saving assembly
2026-08-17 20:48:08,907 INFO  SwAddin.cs: 316 - Opening property manager
2026-08-17 20:48:08,908 INFO  ExportHelperExtension.cs: 1125 - Retrieving features of type [CoordSys] from SCARA Robot With Controlled Motion
2026-08-17 20:48:08,910 INFO  ExportHelperExtension.cs: 1136 - Found 331 in SCARA Robot With Controlled Motion
2026-08-17 20:48:08,911 INFO  ExportHelperExtension.cs: 1145 - Found 0 features of type [CoordSys] in SCARA Robot With Controlled Motion
2026-08-17 20:48:08,912 INFO  ExportHelperExtension.cs: 1148 - Proceeding through assembly components
2026-08-17 20:48:08,912 INFO  ExportHelperExtension.cs: 1160 - 91 components to check
2026-08-17 20:48:08,913 INFO  ExportHelperExtension.cs: 1125 - Retrieving features of type [CoordSys] from Smooth Rod Clamp-7
2026-08-17 20:48:08,913 INFO  ExportHelperExtension.cs: 1136 - Found 27 in Smooth Rod Clamp-7
2026-08-17 20:48:08,913 INFO  ExportHelperExtension.cs: 1145 - Found 0 features of type [CoordSys] in Smooth Rod Clamp-7
2026-08-17 20:48:08,914 INFO  ExportHelperExtension.cs: 1125 - Retrieving features of type [CoordSys] from Smooth Rod Clamp-8
2026-08-17 20:48:08,914 INFO  ExportHelperExtension.cs: 1136 - Found 27 in Smooth Rod Clamp-8
2026-08-17 20:48:08,915 INFO  ExportHelperExtension.cs: 1145 - Found 0 features of type [CoordSys] in Smooth Rod Clamp-8
2026-08-17 20:48:08,915 INFO  ExportHelperExtension.cs: 1125 - Retrieving features of type [CoordSys] from Smooth Rod Clamp-4
2026-08-17 20:48:08,916 INFO  ExportHelperExtension.cs: 1136 - Found 27 in Smooth Rod Clamp-4
2026-08-17 20:48:08,916 INFO  ExportHelperExtension.cs: 1145 - Found 0 features of type [CoordSys] in Smooth Rod Clamp-4
2026-08-17 20:48:08,917 INFO  ExportHelperExtension.cs: 1125 - Retrieving features of type [CoordSys] from Z-axis Mount Platform-1
2026-08-17 20:48:08,918 INFO  ExportHelperExtension.cs: 1136 - Found 44 in Z-axis Mount Platform-1
2026-08-17 20:48:08,919 INFO  ExportHelperExtension.cs: 1145 - Found 0 features of type [CoordSys] in Z-axis Mount Platform-1
2026-08-17 20:48:08,919 INFO  ExportHelperExtension.cs: 1125 - Retrieving features of type [CoordSys] from Smooth Rod Clamp-6
2026-08-17 20:48:08,920 INFO  ExportHelperExtension.cs: 1136 - Found 27 in Smooth Rod Clamp-6
2026-08-17 20:48:08,920 INFO  ExportHelperExtension.cs: 1145 - Found 0 features of type [CoordSys] in Smooth Rod Clamp-6
2026-08-17 20:48:08,921 INFO  ExportHelperExtension.cs: 1125 - Retrieving features of type [CoordSys] from Ball Bearing 608 - 8x22x7mm-6
2026-08-17 20:48:08,922 INFO  ExportHelperExtension.cs: 1136 - Found 30 in Ball Bearing 608 - 8x22x7mm-6
2026-08-17 20:48:08,922 INFO  ExportHelperExtension.cs: 1145 - Found 0 features of type [CoordSys] in Ball Bearing 608 - 8x22x7mm-6
2026-08-17 20:48:08,923 INFO  ExportHelperExtension.cs: 1125 - Retrieving features of type [CoordSys] from Thrust Bearing 35x52x12mm-1
2026-08-17 20:48:08,923 INFO  ExportHelperExtension.cs: 1136 - Found 39 in Thrust Bearing 35x52x12mm-1
2026-08-17 20:48:08,924 INFO  ExportHelperExtension.cs: 1145 - Found 0 features of type [CoordSys] in Thrust Bearing 35x52x12mm-1
2026-08-17 20:48:08,925 INFO  ExportHelperExtension.cs: 1125 - Retrieving features of type [CoordSys] from Z-axis Top Plate-1
2026-08-17 20:48:08,925 INFO  ExportHelperExtension.cs: 1136 - Found 42 in Z-axis Top Plate-1
2026-08-17 20:48:08,926 INFO  ExportHelperExtension.cs: 1145 - Found 0 features of type [CoordSys] in Z-axis Top Plate-1
2026-08-17 20:48:08,927 INFO  ExportHelperExtension.cs: 1125 - Retrieving features of type [CoordSys] from Smooth Rod Clamp-3
2026-08-17 20:48:08,927 INFO  ExportHelperExtension.cs: 1136 - Found 27 in Smooth Rod Clamp-3
2026-08-17 20:48:08,928 INFO  ExportHelperExtension.cs: 1145 - Found 0 features of type [CoordSys] in Smooth Rod Clamp-3
2026-08-17 20:48:08,929 INFO  ExportHelperExtension.cs: 1125 - Retrieving features of type [CoordSys] from Smooth Rod Clamp-5
2026-08-17 20:48:08,929 INFO  ExportHelperExtension.cs: 1136 - Found 27 in Smooth Rod Clamp-5
2026-08-17 20:48:08,930 INFO  ExportHelperExtension.cs: 1145 - Found 0 features of type [CoordSys] in Smooth Rod Clamp-5
2026-08-17 20:48:08,931 INFO  ExportHelperExtension.cs: 1125 - Retrieving features of type [CoordSys] from Smooth Rod Clamp-2
2026-08-17 20:48:08,931 INFO  ExportHelperExtension.cs: 1136 - Found 27 in Smooth Rod Clamp-2
2026-08-17 20:48:08,932 INFO  ExportHelperExtension.cs: 1145 - Found 0 features of type [CoordSys] in Smooth Rod Clamp-2
2026-08-17 20:48:08,932 INFO  ExportHelperExtension.cs: 1125 - Retrieving features of type [CoordSys] from Lead Screw D8mm L380mm-1
2026-08-17 20:48:08,933 INFO  ExportHelperExtension.cs: 1136 - Found 26 in Lead Screw D8mm L380mm-1
2026-08-17 20:48:08,934 INFO  ExportHelperExtension.cs: 1145 - Found 0 features of type [CoordSys] in Lead Screw D8mm L380mm-1
2026-08-17 20:48:08,934 INFO  ExportHelperExtension.cs: 1125 - Retrieving features of type [CoordSys] from Stepper NEMA 17 -  20mm shaft-2
2026-08-17 20:48:08,934 INFO  ExportHelperExtension.cs: 1136 - Found 36 in Stepper NEMA 17 -  20mm shaft-2
2026-08-17 20:48:08,935 INFO  ExportHelperExtension.cs: 1145 - Found 0 features of type [CoordSys] in Stepper NEMA 17 -  20mm shaft-2
2026-08-17 20:48:08,936 INFO  ExportHelperExtension.cs: 1125 - Retrieving features of type [CoordSys] from Ball Bearing 608 - 8x22x7mm-4
2026-08-17 20:48:08,937 INFO  ExportHelperExtension.cs: 1136 - Found 30 in Ball Bearing 608 - 8x22x7mm-4
2026-08-17 20:48:08,939 INFO  ExportHelperExtension.cs: 1145 - Found 0 features of type [CoordSys] in Ball Bearing 608 - 8x22x7mm-4
2026-08-17 20:48:08,940 INFO  ExportHelperExtension.cs: 1125 - Retrieving features of type [CoordSys] from Arm 1-1
2026-08-17 20:48:08,941 INFO  ExportHelperExtension.cs: 1136 - Found 61 in Arm 1-1
2026-08-17 20:48:08,942 INFO  ExportHelperExtension.cs: 1145 - Found 0 features of type [CoordSys] in Arm 1-1
2026-08-17 20:48:08,942 INFO  ExportHelperExtension.cs: 1125 - Retrieving features of type [CoordSys] from Ball Bearing 608 - 8x22x7mm-5
2026-08-17 20:48:08,943 INFO  ExportHelperExtension.cs: 1136 - Found 30 in Ball Bearing 608 - 8x22x7mm-5
2026-08-17 20:48:08,944 INFO  ExportHelperExtension.cs: 1145 - Found 0 features of type [CoordSys] in Ball Bearing 608 - 8x22x7mm-5
2026-08-17 20:48:08,944 INFO  ExportHelperExtension.cs: 1125 - Retrieving features of type [CoordSys] from J2 Coupler-1
2026-08-17 20:48:08,945 INFO  ExportHelperExtension.cs: 1136 - Found 45 in J2 Coupler-1
2026-08-17 20:48:08,945 INFO  ExportHelperExtension.cs: 1145 - Found 0 features of type [CoordSys] in J2 Coupler-1
2026-08-17 20:48:08,946 INFO  ExportHelperExtension.cs: 1125 - Retrieving features of type [CoordSys] from GT2 Pulley - 92 teeth - J2-1
2026-08-17 20:48:08,947 INFO  ExportHelperExtension.cs: 1136 - Found 41 in GT2 Pulley - 92 teeth - J2-1
2026-08-17 20:48:08,947 INFO  ExportHelperExtension.cs: 1145 - Found 0 features of type [CoordSys] in GT2 Pulley - 92 teeth - J2-1
2026-08-17 20:48:08,948 INFO  ExportHelperExtension.cs: 1125 - Retrieving features of type [CoordSys] from GT2 Pulley - 23 - 80 teeth-1
2026-08-17 20:48:08,948 INFO  ExportHelperExtension.cs: 1136 - Found 45 in GT2 Pulley - 23 - 80 teeth-1
2026-08-17 20:48:08,949 INFO  ExportHelperExtension.cs: 1145 - Found 0 features of type [CoordSys] in GT2 Pulley - 23 - 80 teeth-1
2026-08-17 20:48:08,949 INFO  ExportHelperExtension.cs: 1125 - Retrieving features of type [CoordSys] from Ball Bearing 30x42x7mm-1
2026-08-17 20:48:08,950 INFO  ExportHelperExtension.cs: 1136 - Found 30 in Ball Bearing 30x42x7mm-1
2026-08-17 20:48:08,951 INFO  ExportHelperExtension.cs: 1145 - Found 0 features of type [CoordSys] in Ball Bearing 30x42x7mm-1
2026-08-17 20:48:08,951 INFO  ExportHelperExtension.cs: 1125 - Retrieving features of type [CoordSys] from Thrust Bearing 35x52x12mm-2
2026-08-17 20:48:08,952 INFO  ExportHelperExtension.cs: 1136 - Found 39 in Thrust Bearing 35x52x12mm-2
2026-08-17 20:48:08,953 INFO  ExportHelperExtension.cs: 1145 - Found 0 features of type [CoordSys] in Thrust Bearing 35x52x12mm-2
2026-08-17 20:48:08,953 INFO  ExportHelperExtension.cs: 1125 - Retrieving features of type [CoordSys] from Stepper NEMA 17 -  20mm shaft-3
2026-08-17 20:48:08,954 INFO  ExportHelperExtension.cs: 1136 - Found 36 in Stepper NEMA 17 -  20mm shaft-3
2026-08-17 20:48:08,954 INFO  ExportHelperExtension.cs: 1145 - Found 0 features of type [CoordSys] in Stepper NEMA 17 -  20mm shaft-3
2026-08-17 20:48:08,954 INFO  ExportHelperExtension.cs: 1125 - Retrieving features of type [CoordSys] from Micro switch-1
2026-08-17 20:48:08,955 INFO  ExportHelperExtension.cs: 1136 - Found 36 in Micro switch-1
2026-08-17 20:48:08,955 INFO  ExportHelperExtension.cs: 1145 - Found 0 features of type [CoordSys] in Micro switch-1
2026-08-17 20:48:08,956 INFO  ExportHelperExtension.cs: 1125 - Retrieving features of type [CoordSys] from Linear Bearing 10x19x29mm-6
2026-08-17 20:48:08,956 INFO  ExportHelperExtension.cs: 1136 - Found 30 in Linear Bearing 10x19x29mm-6
2026-08-17 20:48:08,957 INFO  ExportHelperExtension.cs: 1145 - Found 0 features of type [CoordSys] in Linear Bearing 10x19x29mm-6
2026-08-17 20:48:08,957 INFO  ExportHelperExtension.cs: 1125 - Retrieving features of type [CoordSys] from Linear Bearing 10x19x29mm-1
2026-08-17 20:48:08,957 INFO  ExportHelperExtension.cs: 1136 - Found 30 in Linear Bearing 10x19x29mm-1
2026-08-17 20:48:08,959 INFO  ExportHelperExtension.cs: 1145 - Found 0 features of type [CoordSys] in Linear Bearing 10x19x29mm-1
2026-08-17 20:48:08,959 INFO  ExportHelperExtension.cs: 1125 - Retrieving features of type [CoordSys] from Arm 2-1
2026-08-17 20:48:08,959 INFO  ExportHelperExtension.cs: 1136 - Found 53 in Arm 2-1
2026-08-17 20:48:08,960 INFO  ExportHelperExtension.cs: 1145 - Found 0 features of type [CoordSys] in Arm 2-1
2026-08-17 20:48:08,960 INFO  ExportHelperExtension.cs: 1125 - Retrieving features of type [CoordSys] from M8 Washer-3
2026-08-17 20:48:09,087 INFO  ExportHelperExtension.cs: 1136 - Found 25 in M8 Washer-3
2026-08-17 20:48:09,087 INFO  ExportHelperExtension.cs: 1145 - Found 0 features of type [CoordSys] in M8 Washer-3
2026-08-17 20:48:09,088 INFO  ExportHelperExtension.cs: 1125 - Retrieving features of type [CoordSys] from Arm 2 Cover-1
2026-08-17 20:48:09,088 INFO  ExportHelperExtension.cs: 1136 - Found 45 in Arm 2 Cover-1
2026-08-17 20:48:09,089 INFO  ExportHelperExtension.cs: 1145 - Found 0 features of type [CoordSys] in Arm 2 Cover-1
2026-08-17 20:48:09,090 INFO  ExportHelperExtension.cs: 1125 - Retrieving features of type [CoordSys] from GT2 Pulley - Parametric-3
2026-08-17 20:48:09,090 INFO  ExportHelperExtension.cs: 1136 - Found 35 in GT2 Pulley - Parametric-3
2026-08-17 20:48:09,091 INFO  ExportHelperExtension.cs: 1145 - Found 0 features of type [CoordSys] in GT2 Pulley - Parametric-3
2026-08-17 20:48:09,091 INFO  ExportHelperExtension.cs: 1125 - Retrieving features of type [CoordSys] from Micro switch-4
2026-08-17 20:48:09,091 INFO  ExportHelperExtension.cs: 1136 - Found 36 in Micro switch-4
2026-08-17 20:48:09,092 INFO  ExportHelperExtension.cs: 1145 - Found 0 features of type [CoordSys] in Micro switch-4
2026-08-17 20:48:09,092 INFO  ExportHelperExtension.cs: 1125 - Retrieving features of type [CoordSys] from Linear Bearing 10x19x29mm-3
2026-08-17 20:48:09,093 INFO  ExportHelperExtension.cs: 1136 - Found 30 in Linear Bearing 10x19x29mm-3
2026-08-17 20:48:09,093 INFO  ExportHelperExtension.cs: 1145 - Found 0 features of type [CoordSys] in Linear Bearing 10x19x29mm-3
2026-08-17 20:48:09,093 INFO  ExportHelperExtension.cs: 1125 - Retrieving features of type [CoordSys] from GT2 Pulley - Parametric-2
2026-08-17 20:48:09,094 INFO  ExportHelperExtension.cs: 1136 - Found 35 in GT2 Pulley - Parametric-2
2026-08-17 20:48:09,094 INFO  ExportHelperExtension.cs: 1145 - Found 0 features of type [CoordSys] in GT2 Pulley - Parametric-2
2026-08-17 20:48:09,094 INFO  ExportHelperExtension.cs: 1125 - Retrieving features of type [CoordSys] from Linear Bearing 10x19x29mm-2
2026-08-17 20:48:09,095 INFO  ExportHelperExtension.cs: 1136 - Found 30 in Linear Bearing 10x19x29mm-2
2026-08-17 20:48:09,095 INFO  ExportHelperExtension.cs: 1145 - Found 0 features of type [CoordSys] in Linear Bearing 10x19x29mm-2
2026-08-17 20:48:09,095 INFO  ExportHelperExtension.cs: 1125 - Retrieving features of type [CoordSys] from NEMA 17 Stepper L24mm - 20mm shaft-1
2026-08-17 20:48:09,096 INFO  ExportHelperExtension.cs: 1136 - Found 36 in NEMA 17 Stepper L24mm - 20mm shaft-1
2026-08-17 20:48:09,096 INFO  ExportHelperExtension.cs: 1145 - Found 0 features of type [CoordSys] in NEMA 17 Stepper L24mm - 20mm shaft-1
2026-08-17 20:48:09,096 INFO  ExportHelperExtension.cs: 1125 - Retrieving features of type [CoordSys] from Ball Bearing 30x42x7mm-2
2026-08-17 20:48:09,097 INFO  ExportHelperExtension.cs: 1136 - Found 30 in Ball Bearing 30x42x7mm-2
2026-08-17 20:48:09,097 INFO  ExportHelperExtension.cs: 1145 - Found 0 features of type [CoordSys] in Ball Bearing 30x42x7mm-2
2026-08-17 20:48:09,098 INFO  ExportHelperExtension.cs: 1125 - Retrieving features of type [CoordSys] from Thrust Bearing 35x52x12mm-3
2026-08-17 20:48:09,098 INFO  ExportHelperExtension.cs: 1136 - Found 39 in Thrust Bearing 35x52x12mm-3
2026-08-17 20:48:09,098 INFO  ExportHelperExtension.cs: 1145 - Found 0 features of type [CoordSys] in Thrust Bearing 35x52x12mm-3
2026-08-17 20:48:09,099 INFO  ExportHelperExtension.cs: 1125 - Retrieving features of type [CoordSys] from Thrust Bearing 35x52x12mm-4
2026-08-17 20:48:09,099 INFO  ExportHelperExtension.cs: 1136 - Found 39 in Thrust Bearing 35x52x12mm-4
2026-08-17 20:48:09,099 INFO  ExportHelperExtension.cs: 1145 - Found 0 features of type [CoordSys] in Thrust Bearing 35x52x12mm-4
2026-08-17 20:48:09,100 INFO  ExportHelperExtension.cs: 1125 - Retrieving features of type [CoordSys] from GT2 Pulley - 90 teeth - J3-1
2026-08-17 20:48:09,100 INFO  ExportHelperExtension.cs: 1136 - Found 41 in GT2 Pulley - 90 teeth - J3-1
2026-08-17 20:48:09,100 INFO  ExportHelperExtension.cs: 1145 - Found 0 features of type [CoordSys] in GT2 Pulley - 90 teeth - J3-1
2026-08-17 20:48:09,100 INFO  ExportHelperExtension.cs: 1125 - Retrieving features of type [CoordSys] from J3 Coupler-1
2026-08-17 20:48:09,101 INFO  ExportHelperExtension.cs: 1136 - Found 45 in J3 Coupler-1
2026-08-17 20:48:09,101 INFO  ExportHelperExtension.cs: 1145 - Found 0 features of type [CoordSys] in J3 Coupler-1
2026-08-17 20:48:09,101 INFO  ExportHelperExtension.cs: 1125 - Retrieving features of type [CoordSys] from Micro switch-3
2026-08-17 20:48:09,102 INFO  ExportHelperExtension.cs: 1136 - Found 36 in Micro switch-3
2026-08-17 20:48:09,102 INFO  ExportHelperExtension.cs: 1145 - Found 0 features of type [CoordSys] in Micro switch-3
2026-08-17 20:48:09,102 INFO  ExportHelperExtension.cs: 1125 - Retrieving features of type [CoordSys] from Lead Screw Nut 8mm-1
2026-08-17 20:48:09,103 INFO  ExportHelperExtension.cs: 1136 - Found 31 in Lead Screw Nut 8mm-1
2026-08-17 20:48:09,103 INFO  ExportHelperExtension.cs: 1145 - Found 0 features of type [CoordSys] in Lead Screw Nut 8mm-1
2026-08-17 20:48:09,103 INFO  ExportHelperExtension.cs: 1125 - Retrieving features of type [CoordSys] from Gripper Mechanism-1
2026-08-17 20:48:09,104 INFO  ExportHelperExtension.cs: 1136 - Found 98 in Gripper Mechanism-1
2026-08-17 20:48:09,105 INFO  ExportHelperExtension.cs: 1145 - Found 0 features of type [CoordSys] in Gripper Mechanism-1
2026-08-17 20:48:09,106 INFO  ExportHelperExtension.cs: 1125 - Retrieving features of type [CoordSys] from Arm 1 Cover-1
2026-08-17 20:48:09,106 INFO  ExportHelperExtension.cs: 1136 - Found 34 in Arm 1 Cover-1
2026-08-17 20:48:09,108 INFO  ExportHelperExtension.cs: 1145 - Found 0 features of type [CoordSys] in Arm 1 Cover-1
2026-08-17 20:48:09,108 INFO  ExportHelperExtension.cs: 1125 - Retrieving features of type [CoordSys] from Micro switch-5
2026-08-17 20:48:09,109 INFO  ExportHelperExtension.cs: 1136 - Found 36 in Micro switch-5
2026-08-17 20:48:09,110 INFO  ExportHelperExtension.cs: 1145 - Found 0 features of type [CoordSys] in Micro switch-5
2026-08-17 20:48:09,110 INFO  ExportHelperExtension.cs: 1125 - Retrieving features of type [CoordSys] from Ball Bearing 35x47x7mm-1
2026-08-17 20:48:09,111 INFO  ExportHelperExtension.cs: 1136 - Found 30 in Ball Bearing 35x47x7mm-1
2026-08-17 20:48:09,112 INFO  ExportHelperExtension.cs: 1145 - Found 0 features of type [CoordSys] in Ball Bearing 35x47x7mm-1
2026-08-17 20:48:09,112 INFO  ExportHelperExtension.cs: 1125 - Retrieving features of type [CoordSys] from GT2 Belt 300mm 2-1
2026-08-17 20:48:09,113 INFO  ExportHelperExtension.cs: 1136 - Found 25 in GT2 Belt 300mm 2-1
2026-08-17 20:48:09,114 INFO  ExportHelperExtension.cs: 1145 - Found 0 features of type [CoordSys] in GT2 Belt 300mm 2-1
2026-08-17 20:48:09,115 INFO  ExportHelperExtension.cs: 1125 - Retrieving features of type [CoordSys] from Top cover-1
2026-08-17 20:48:09,115 INFO  ExportHelperExtension.cs: 1136 - Found 40 in Top cover-1
2026-08-17 20:48:09,116 INFO  ExportHelperExtension.cs: 1145 - Found 0 features of type [CoordSys] in Top cover-1
2026-08-17 20:48:09,117 INFO  ExportHelperExtension.cs: 1125 - Retrieving features of type [CoordSys] from GT2 Belt 400mm 2-1
2026-08-17 20:48:09,117 INFO  ExportHelperExtension.cs: 1136 - Found 25 in GT2 Belt 400mm 2-1
2026-08-17 20:48:09,118 INFO  ExportHelperExtension.cs: 1145 - Found 0 features of type [CoordSys] in GT2 Belt 400mm 2-1
2026-08-17 20:48:09,118 INFO  ExportHelperExtension.cs: 1125 - Retrieving features of type [CoordSys] from Base cover-1
2026-08-17 20:48:09,119 INFO  ExportHelperExtension.cs: 1136 - Found 29 in Base cover-1
2026-08-17 20:48:09,119 INFO  ExportHelperExtension.cs: 1145 - Found 0 features of type [CoordSys] in Base cover-1
2026-08-17 20:48:09,119 INFO  ExportHelperExtension.cs: 1125 - Retrieving features of type [CoordSys] from Arduino UNO case p1-1
2026-08-17 20:48:09,120 INFO  ExportHelperExtension.cs: 1136 - Found 41 in Arduino UNO case p1-1
2026-08-17 20:48:09,120 INFO  ExportHelperExtension.cs: 1145 - Found 0 features of type [CoordSys] in Arduino UNO case p1-1
2026-08-17 20:48:09,120 INFO  ExportHelperExtension.cs: 1125 - Retrieving features of type [CoordSys] from GT2 Belt 400mm-1
2026-08-17 20:48:09,121 INFO  ExportHelperExtension.cs: 1136 - Found 25 in GT2 Belt 400mm-1
2026-08-17 20:48:09,121 INFO  ExportHelperExtension.cs: 1145 - Found 0 features of type [CoordSys] in GT2 Belt 400mm-1
2026-08-17 20:48:09,121 INFO  ExportHelperExtension.cs: 1125 - Retrieving features of type [CoordSys] from GT2 Belt 200mm-1
2026-08-17 20:48:09,122 INFO  ExportHelperExtension.cs: 1136 - Found 25 in GT2 Belt 200mm-1
2026-08-17 20:48:09,122 INFO  ExportHelperExtension.cs: 1145 - Found 0 features of type [CoordSys] in GT2 Belt 200mm-1
2026-08-17 20:48:09,122 INFO  ExportHelperExtension.cs: 1125 - Retrieving features of type [CoordSys] from M4 Lock nut-4
2026-08-17 20:48:09,123 INFO  ExportHelperExtension.cs: 1136 - Found 36 in M4 Lock nut-4
2026-08-17 20:48:09,123 INFO  ExportHelperExtension.cs: 1145 - Found 0 features of type [CoordSys] in M4 Lock nut-4
2026-08-17 20:48:09,123 INFO  ExportHelperExtension.cs: 1125 - Retrieving features of type [CoordSys] from Arduino UNO case p2-1
2026-08-17 20:48:09,124 INFO  ExportHelperExtension.cs: 1136 - Found 39 in Arduino UNO case p2-1
2026-08-17 20:48:09,124 INFO  ExportHelperExtension.cs: 1145 - Found 0 features of type [CoordSys] in Arduino UNO case p2-1
2026-08-17 20:48:09,125 INFO  ExportHelperExtension.cs: 1125 - Retrieving features of type [CoordSys] from GT2 Belt 300mm-1
2026-08-17 20:48:09,125 INFO  ExportHelperExtension.cs: 1136 - Found 25 in GT2 Belt 300mm-1
2026-08-17 20:48:09,125 INFO  ExportHelperExtension.cs: 1145 - Found 0 features of type [CoordSys] in GT2 Belt 300mm-1
2026-08-17 20:48:09,126 INFO  ExportHelperExtension.cs: 1125 - Retrieving features of type [CoordSys] from M8 Lock nut-1
2026-08-17 20:48:09,126 INFO  ExportHelperExtension.cs: 1136 - Found 36 in M8 Lock nut-1
2026-08-17 20:48:09,126 INFO  ExportHelperExtension.cs: 1145 - Found 0 features of type [CoordSys] in M8 Lock nut-1
2026-08-17 20:48:09,126 INFO  ExportHelperExtension.cs: 1125 - Retrieving features of type [CoordSys] from M4 Lock nut-1
2026-08-17 20:48:09,127 INFO  ExportHelperExtension.cs: 1136 - Found 36 in M4 Lock nut-1
2026-08-17 20:48:09,127 INFO  ExportHelperExtension.cs: 1145 - Found 0 features of type [CoordSys] in M4 Lock nut-1
2026-08-17 20:48:09,127 INFO  ExportHelperExtension.cs: 1125 - Retrieving features of type [CoordSys] from M8 45mm - Bolts-1
2026-08-17 20:48:09,128 INFO  ExportHelperExtension.cs: 1136 - Found 36 in M8 45mm - Bolts-1
2026-08-17 20:48:09,128 INFO  ExportHelperExtension.cs: 1145 - Found 0 features of type [CoordSys] in M8 45mm - Bolts-1
2026-08-17 20:48:09,128 INFO  ExportHelperExtension.cs: 1125 - Retrieving features of type [CoordSys] from M4 Lock nut-2
2026-08-17 20:48:09,129 INFO  ExportHelperExtension.cs: 1136 - Found 36 in M4 Lock nut-2
2026-08-17 20:48:09,129 INFO  ExportHelperExtension.cs: 1145 - Found 0 features of type [CoordSys] in M4 Lock nut-2
2026-08-17 20:48:09,129 INFO  ExportHelperExtension.cs: 1125 - Retrieving features of type [CoordSys] from M4 Lock nut-3
2026-08-17 20:48:09,130 INFO  ExportHelperExtension.cs: 1136 - Found 36 in M4 Lock nut-3
2026-08-17 20:48:09,130 INFO  ExportHelperExtension.cs: 1145 - Found 0 features of type [CoordSys] in M4 Lock nut-3
2026-08-17 20:48:09,130 INFO  ExportHelperExtension.cs: 1125 - Retrieving features of type [CoordSys] from M8 Lock nut-3
2026-08-17 20:48:09,131 INFO  ExportHelperExtension.cs: 1136 - Found 36 in M8 Lock nut-3
2026-08-17 20:48:09,131 INFO  ExportHelperExtension.cs: 1145 - Found 0 features of type [CoordSys] in M8 Lock nut-3
2026-08-17 20:48:09,131 INFO  ExportHelperExtension.cs: 1125 - Retrieving features of type [CoordSys] from M4 60mm - Bolts-3
2026-08-17 20:48:09,132 INFO  ExportHelperExtension.cs: 1136 - Found 36 in M4 60mm - Bolts-3
2026-08-17 20:48:09,132 INFO  ExportHelperExtension.cs: 1145 - Found 0 features of type [CoordSys] in M4 60mm - Bolts-3
2026-08-17 20:48:09,132 INFO  ExportHelperExtension.cs: 1125 - Retrieving features of type [CoordSys] from M8 45mm - Bolts-3
2026-08-17 20:48:09,133 INFO  ExportHelperExtension.cs: 1136 - Found 36 in M8 45mm - Bolts-3
2026-08-17 20:48:09,133 INFO  ExportHelperExtension.cs: 1145 - Found 0 features of type [CoordSys] in M8 45mm - Bolts-3
2026-08-17 20:48:09,133 INFO  ExportHelperExtension.cs: 1125 - Retrieving features of type [CoordSys] from M4 Lock nut-7
2026-08-17 20:48:09,134 INFO  ExportHelperExtension.cs: 1136 - Found 36 in M4 Lock nut-7
2026-08-17 20:48:09,134 INFO  ExportHelperExtension.cs: 1145 - Found 0 features of type [CoordSys] in M4 Lock nut-7
2026-08-17 20:48:09,134 INFO  ExportHelperExtension.cs: 1125 - Retrieving features of type [CoordSys] from M4 Lock nut-5
2026-08-17 20:48:09,135 INFO  ExportHelperExtension.cs: 1136 - Found 36 in M4 Lock nut-5
2026-08-17 20:48:09,135 INFO  ExportHelperExtension.cs: 1145 - Found 0 features of type [CoordSys] in M4 Lock nut-5
2026-08-17 20:48:09,135 INFO  ExportHelperExtension.cs: 1125 - Retrieving features of type [CoordSys] from M4 50mm - Bolts-3
2026-08-17 20:48:09,136 INFO  ExportHelperExtension.cs: 1136 - Found 36 in M4 50mm - Bolts-3
2026-08-17 20:48:09,136 INFO  ExportHelperExtension.cs: 1145 - Found 0 features of type [CoordSys] in M4 50mm - Bolts-3
2026-08-17 20:48:09,136 INFO  ExportHelperExtension.cs: 1125 - Retrieving features of type [CoordSys] from M4 60mm - Bolts-4
2026-08-17 20:48:09,137 INFO  ExportHelperExtension.cs: 1136 - Found 36 in M4 60mm - Bolts-4
2026-08-17 20:48:09,137 INFO  ExportHelperExtension.cs: 1145 - Found 0 features of type [CoordSys] in M4 60mm - Bolts-4
2026-08-17 20:48:09,137 INFO  ExportHelperExtension.cs: 1125 - Retrieving features of type [CoordSys] from M4 60mm - Bolts-1
2026-08-17 20:48:09,138 INFO  ExportHelperExtension.cs: 1136 - Found 36 in M4 60mm - Bolts-1
2026-08-17 20:48:09,138 INFO  ExportHelperExtension.cs: 1145 - Found 0 features of type [CoordSys] in M4 60mm - Bolts-1
2026-08-17 20:48:09,138 INFO  ExportHelperExtension.cs: 1125 - Retrieving features of type [CoordSys] from M4 60mm - Bolts-2
2026-08-17 20:48:09,139 INFO  ExportHelperExtension.cs: 1136 - Found 36 in M4 60mm - Bolts-2
2026-08-17 20:48:09,139 INFO  ExportHelperExtension.cs: 1145 - Found 0 features of type [CoordSys] in M4 60mm - Bolts-2
2026-08-17 20:48:09,139 INFO  ExportHelperExtension.cs: 1125 - Retrieving features of type [CoordSys] from M4 50mm - Bolts-4
2026-08-17 20:48:09,140 INFO  ExportHelperExtension.cs: 1136 - Found 36 in M4 50mm - Bolts-4
2026-08-17 20:48:09,140 INFO  ExportHelperExtension.cs: 1145 - Found 0 features of type [CoordSys] in M4 50mm - Bolts-4
2026-08-17 20:48:09,140 INFO  ExportHelperExtension.cs: 1125 - Retrieving features of type [CoordSys] from M4 50mm - Bolts-2
2026-08-17 20:48:09,141 INFO  ExportHelperExtension.cs: 1136 - Found 36 in M4 50mm - Bolts-2
2026-08-17 20:48:09,141 INFO  ExportHelperExtension.cs: 1145 - Found 0 features of type [CoordSys] in M4 50mm - Bolts-2
2026-08-17 20:48:09,142 INFO  ExportHelperExtension.cs: 1125 - Retrieving features of type [CoordSys] from M4 Lock nut-6
2026-08-17 20:48:09,142 INFO  ExportHelperExtension.cs: 1136 - Found 36 in M4 Lock nut-6
2026-08-17 20:48:09,142 INFO  ExportHelperExtension.cs: 1145 - Found 0 features of type [CoordSys] in M4 Lock nut-6
2026-08-17 20:48:09,143 INFO  ExportHelperExtension.cs: 1125 - Retrieving features of type [CoordSys] from M4 50mm - Bolts-1
2026-08-17 20:48:09,143 INFO  ExportHelperExtension.cs: 1136 - Found 36 in M4 50mm - Bolts-1
2026-08-17 20:48:09,143 INFO  ExportHelperExtension.cs: 1145 - Found 0 features of type [CoordSys] in M4 50mm - Bolts-1
2026-08-17 20:48:09,144 INFO  ExportHelperExtension.cs: 1125 - Retrieving features of type [CoordSys] from M4 Lock nut-8
2026-08-17 20:48:09,144 INFO  ExportHelperExtension.cs: 1136 - Found 36 in M4 Lock nut-8
2026-08-17 20:48:09,144 INFO  ExportHelperExtension.cs: 1145 - Found 0 features of type [CoordSys] in M4 Lock nut-8
2026-08-17 20:48:09,145 INFO  ExportHelperExtension.cs: 1125 - Retrieving features of type [CoordSys] from Ball Bearing 608 - 8x22x7mm-3
2026-08-17 20:48:09,145 INFO  ExportHelperExtension.cs: 1136 - Found 30 in Ball Bearing 608 - 8x22x7mm-3
2026-08-17 20:48:09,145 INFO  ExportHelperExtension.cs: 1145 - Found 0 features of type [CoordSys] in Ball Bearing 608 - 8x22x7mm-3
2026-08-17 20:48:09,146 INFO  ExportHelperExtension.cs: 1125 - Retrieving features of type [CoordSys] from GT2 Pulley - 22 - 80 teeth-2
2026-08-17 20:48:09,146 INFO  ExportHelperExtension.cs: 1136 - Found 45 in GT2 Pulley - 22 - 80 teeth-2
2026-08-17 20:48:09,147 INFO  ExportHelperExtension.cs: 1145 - Found 0 features of type [CoordSys] in GT2 Pulley - 22 - 80 teeth-2
2026-08-17 20:48:09,147 INFO  ExportHelperExtension.cs: 1125 - Retrieving features of type [CoordSys] from Base-1
2026-08-17 20:48:09,147 INFO  ExportHelperExtension.cs: 1136 - Found 80 in Base-1
2026-08-17 20:48:09,148 INFO  ExportHelperExtension.cs: 1145 - Found 0 features of type [CoordSys] in Base-1
2026-08-17 20:48:09,148 INFO  ExportHelperExtension.cs: 1125 - Retrieving features of type [CoordSys] from Thrust Bearing - 40x60x13-4
2026-08-17 20:48:09,149 INFO  ExportHelperExtension.cs: 1136 - Found 39 in Thrust Bearing - 40x60x13-4
2026-08-17 20:48:09,149 INFO  ExportHelperExtension.cs: 1145 - Found 0 features of type [CoordSys] in Thrust Bearing - 40x60x13-4
2026-08-17 20:48:09,149 INFO  ExportHelperExtension.cs: 1125 - Retrieving features of type [CoordSys] from Ball Bearing 608 - 8x22x7mm-2
2026-08-17 20:48:09,150 INFO  ExportHelperExtension.cs: 1136 - Found 30 in Ball Bearing 608 - 8x22x7mm-2
2026-08-17 20:48:09,150 INFO  ExportHelperExtension.cs: 1145 - Found 0 features of type [CoordSys] in Ball Bearing 608 - 8x22x7mm-2
2026-08-17 20:48:09,158 INFO  ExportHelperExtension.cs: 1125 - Retrieving features of type [CoordSys] from Stepper NEMA 17 -  20mm shaft-1
2026-08-17 20:48:09,180 INFO  ExportHelperExtension.cs: 1136 - Found 36 in Stepper NEMA 17 -  20mm shaft-1
2026-08-17 20:48:09,181 INFO  ExportHelperExtension.cs: 1145 - Found 0 features of type [CoordSys] in Stepper NEMA 17 -  20mm shaft-1
2026-08-17 20:48:09,182 INFO  ExportHelperExtension.cs: 1125 - Retrieving features of type [CoordSys] from Thrust Bearing - 40x60x13-3
2026-08-17 20:48:09,182 INFO  ExportHelperExtension.cs: 1136 - Found 39 in Thrust Bearing - 40x60x13-3
2026-08-17 20:48:09,183 INFO  ExportHelperExtension.cs: 1145 - Found 0 features of type [CoordSys] in Thrust Bearing - 40x60x13-3
2026-08-17 20:48:09,184 INFO  ExportHelperExtension.cs: 1125 - Retrieving features of type [CoordSys] from GT2 Pulley - 110 teeth - J1-2
2026-08-17 20:48:09,185 INFO  ExportHelperExtension.cs: 1136 - Found 41 in GT2 Pulley - 110 teeth - J1-2
2026-08-17 20:48:09,186 INFO  ExportHelperExtension.cs: 1145 - Found 0 features of type [CoordSys] in GT2 Pulley - 110 teeth - J1-2
2026-08-17 20:48:09,186 INFO  ExportHelperExtension.cs: 1125 - Retrieving features of type [CoordSys] from Smooth Rod D10mm L400mm-3
2026-08-17 20:48:09,187 INFO  ExportHelperExtension.cs: 1136 - Found 25 in Smooth Rod D10mm L400mm-3
2026-08-17 20:48:09,188 INFO  ExportHelperExtension.cs: 1145 - Found 0 features of type [CoordSys] in Smooth Rod D10mm L400mm-3
2026-08-17 20:48:09,188 INFO  ExportHelperExtension.cs: 1125 - Retrieving features of type [CoordSys] from Smooth Rod Clamp-1
2026-08-17 20:48:09,189 INFO  ExportHelperExtension.cs: 1136 - Found 27 in Smooth Rod Clamp-1
2026-08-17 20:48:09,189 INFO  ExportHelperExtension.cs: 1145 - Found 0 features of type [CoordSys] in Smooth Rod Clamp-1
2026-08-17 20:48:09,190 INFO  ExportHelperExtension.cs: 1125 - Retrieving features of type [CoordSys] from Smooth Rod D10mm L400mm-4
2026-08-17 20:48:09,190 INFO  ExportHelperExtension.cs: 1136 - Found 25 in Smooth Rod D10mm L400mm-4
2026-08-17 20:48:09,191 INFO  ExportHelperExtension.cs: 1145 - Found 0 features of type [CoordSys] in Smooth Rod D10mm L400mm-4
2026-08-17 20:48:09,191 INFO  ExportHelperExtension.cs: 1125 - Retrieving features of type [CoordSys] from M8 Washer-2
2026-08-17 20:48:09,192 INFO  ExportHelperExtension.cs: 1136 - Found 25 in M8 Washer-2
2026-08-17 20:48:09,192 INFO  ExportHelperExtension.cs: 1145 - Found 0 features of type [CoordSys] in M8 Washer-2
2026-08-17 20:48:09,193 INFO  ExportHelperExtension.cs: 1125 - Retrieving features of type [CoordSys] from Smooth Rod D10mm L400mm-2
2026-08-17 20:48:09,193 INFO  ExportHelperExtension.cs: 1136 - Found 25 in Smooth Rod D10mm L400mm-2
2026-08-17 20:48:09,194 INFO  ExportHelperExtension.cs: 1145 - Found 0 features of type [CoordSys] in Smooth Rod D10mm L400mm-2
2026-08-17 20:48:09,194 INFO  ExportHelperExtension.cs: 1125 - Retrieving features of type [CoordSys] from Smooth Rod D10mm L400mm-1
2026-08-17 20:48:09,194 INFO  ExportHelperExtension.cs: 1136 - Found 25 in Smooth Rod D10mm L400mm-1
2026-08-17 20:48:09,195 INFO  ExportHelperExtension.cs: 1145 - Found 0 features of type [CoordSys] in Smooth Rod D10mm L400mm-1
2026-08-17 20:48:09,195 INFO  ExportHelperExtension.cs: 1125 - Retrieving features of type [CoordSys] from J1 coupler-1
2026-08-17 20:48:09,196 INFO  ExportHelperExtension.cs: 1136 - Found 48 in J1 coupler-1
2026-08-17 20:48:09,196 INFO  ExportHelperExtension.cs: 1145 - Found 0 features of type [CoordSys] in J1 coupler-1
2026-08-17 20:48:09,197 INFO  ExportHelperExtension.cs: 1125 - Retrieving features of type [CoordSys] from GT2 Pulley - Parametric-1
2026-08-17 20:48:09,197 INFO  ExportHelperExtension.cs: 1136 - Found 35 in GT2 Pulley - Parametric-1
2026-08-17 20:48:09,198 INFO  ExportHelperExtension.cs: 1145 - Found 0 features of type [CoordSys] in GT2 Pulley - Parametric-1
2026-08-17 20:48:09,198 INFO  ExportHelperExtension.cs: 1125 - Retrieving features of type [CoordSys] from Z-axis Bottom Plate-2
2026-08-17 20:48:09,198 INFO  ExportHelperExtension.cs: 1136 - Found 36 in Z-axis Bottom Plate-2
2026-08-17 20:48:09,199 INFO  ExportHelperExtension.cs: 1145 - Found 0 features of type [CoordSys] in Z-axis Bottom Plate-2
2026-08-17 20:48:09,199 INFO  ExportHelperExtension.cs: 1125 - Retrieving features of type [RefAxis] from SCARA Robot With Controlled Motion
2026-08-17 20:48:09,200 INFO  ExportHelperExtension.cs: 1136 - Found 331 in SCARA Robot With Controlled Motion
2026-08-17 20:48:09,201 INFO  ExportHelperExtension.cs: 1145 - Found 0 features of type [RefAxis] in SCARA Robot With Controlled Motion
2026-08-17 20:48:09,202 INFO  ExportHelperExtension.cs: 1148 - Proceeding through assembly components
2026-08-17 20:48:09,202 INFO  ExportHelperExtension.cs: 1160 - 91 components to check
2026-08-17 20:48:09,203 INFO  ExportHelperExtension.cs: 1125 - Retrieving features of type [RefAxis] from Smooth Rod Clamp-7
2026-08-17 20:48:09,203 INFO  ExportHelperExtension.cs: 1136 - Found 27 in Smooth Rod Clamp-7
2026-08-17 20:48:09,204 INFO  ExportHelperExtension.cs: 1145 - Found 0 features of type [RefAxis] in Smooth Rod Clamp-7
2026-08-17 20:48:09,205 INFO  ExportHelperExtension.cs: 1125 - Retrieving features of type [RefAxis] from Smooth Rod Clamp-8
2026-08-17 20:48:09,205 INFO  ExportHelperExtension.cs: 1136 - Found 27 in Smooth Rod Clamp-8
2026-08-17 20:48:09,206 INFO  ExportHelperExtension.cs: 1145 - Found 0 features of type [RefAxis] in Smooth Rod Clamp-8
2026-08-17 20:48:09,207 INFO  ExportHelperExtension.cs: 1125 - Retrieving features of type [RefAxis] from Smooth Rod Clamp-4
2026-08-17 20:48:09,207 INFO  ExportHelperExtension.cs: 1136 - Found 27 in Smooth Rod Clamp-4
2026-08-17 20:48:09,209 INFO  ExportHelperExtension.cs: 1145 - Found 0 features of type [RefAxis] in Smooth Rod Clamp-4
2026-08-17 20:48:09,209 INFO  ExportHelperExtension.cs: 1125 - Retrieving features of type [RefAxis] from Z-axis Mount Platform-1
2026-08-17 20:48:09,210 INFO  ExportHelperExtension.cs: 1136 - Found 44 in Z-axis Mount Platform-1
2026-08-17 20:48:09,211 INFO  ExportHelperExtension.cs: 1145 - Found 0 features of type [RefAxis] in Z-axis Mount Platform-1
2026-08-17 20:48:09,212 INFO  ExportHelperExtension.cs: 1125 - Retrieving features of type [RefAxis] from Smooth Rod Clamp-6
2026-08-17 20:48:09,212 INFO  ExportHelperExtension.cs: 1136 - Found 27 in Smooth Rod Clamp-6
2026-08-17 20:48:09,213 INFO  ExportHelperExtension.cs: 1145 - Found 0 features of type [RefAxis] in Smooth Rod Clamp-6
2026-08-17 20:48:09,214 INFO  ExportHelperExtension.cs: 1125 - Retrieving features of type [RefAxis] from Ball Bearing 608 - 8x22x7mm-6
2026-08-17 20:48:09,214 INFO  ExportHelperExtension.cs: 1136 - Found 30 in Ball Bearing 608 - 8x22x7mm-6
2026-08-17 20:48:09,215 INFO  ExportHelperExtension.cs: 1145 - Found 0 features of type [RefAxis] in Ball Bearing 608 - 8x22x7mm-6
2026-08-17 20:48:09,216 INFO  ExportHelperExtension.cs: 1125 - Retrieving features of type [RefAxis] from Thrust Bearing 35x52x12mm-1
2026-08-17 20:48:09,216 INFO  ExportHelperExtension.cs: 1136 - Found 39 in Thrust Bearing 35x52x12mm-1
2026-08-17 20:48:09,217 INFO  ExportHelperExtension.cs: 1145 - Found 0 features of type [RefAxis] in Thrust Bearing 35x52x12mm-1
2026-08-17 20:48:09,218 INFO  ExportHelperExtension.cs: 1125 - Retrieving features of type [RefAxis] from Z-axis Top Plate-1
2026-08-17 20:48:09,218 INFO  ExportHelperExtension.cs: 1136 - Found 42 in Z-axis Top Plate-1
2026-08-17 20:48:09,219 INFO  ExportHelperExtension.cs: 1145 - Found 0 features of type [RefAxis] in Z-axis Top Plate-1
2026-08-17 20:48:09,219 INFO  ExportHelperExtension.cs: 1125 - Retrieving features of type [RefAxis] from Smooth Rod Clamp-3
2026-08-17 20:48:09,220 INFO  ExportHelperExtension.cs: 1136 - Found 27 in Smooth Rod Clamp-3
2026-08-17 20:48:09,220 INFO  ExportHelperExtension.cs: 1145 - Found 0 features of type [RefAxis] in Smooth Rod Clamp-3
2026-08-17 20:48:09,220 INFO  ExportHelperExtension.cs: 1125 - Retrieving features of type [RefAxis] from Smooth Rod Clamp-5
2026-08-17 20:48:09,221 INFO  ExportHelperExtension.cs: 1136 - Found 27 in Smooth Rod Clamp-5
2026-08-17 20:48:09,221 INFO  ExportHelperExtension.cs: 1145 - Found 0 features of type [RefAxis] in Smooth Rod Clamp-5
2026-08-17 20:48:09,222 INFO  ExportHelperExtension.cs: 1125 - Retrieving features of type [RefAxis] from Smooth Rod Clamp-2
2026-08-17 20:48:09,222 INFO  ExportHelperExtension.cs: 1136 - Found 27 in Smooth Rod Clamp-2
2026-08-17 20:48:09,222 INFO  ExportHelperExtension.cs: 1145 - Found 0 features of type [RefAxis] in Smooth Rod Clamp-2
2026-08-17 20:48:09,223 INFO  ExportHelperExtension.cs: 1125 - Retrieving features of type [RefAxis] from Lead Screw D8mm L380mm-1
2026-08-17 20:48:09,223 INFO  ExportHelperExtension.cs: 1136 - Found 26 in Lead Screw D8mm L380mm-1
2026-08-17 20:48:09,224 INFO  ExportHelperExtension.cs: 1145 - Found 0 features of type [RefAxis] in Lead Screw D8mm L380mm-1
2026-08-17 20:48:09,224 INFO  ExportHelperExtension.cs: 1125 - Retrieving features of type [RefAxis] from Stepper NEMA 17 -  20mm shaft-2
2026-08-17 20:48:09,224 INFO  ExportHelperExtension.cs: 1136 - Found 36 in Stepper NEMA 17 -  20mm shaft-2
2026-08-17 20:48:09,225 INFO  ExportHelperExtension.cs: 1145 - Found 0 features of type [RefAxis] in Stepper NEMA 17 -  20mm shaft-2
2026-08-17 20:48:09,225 INFO  ExportHelperExtension.cs: 1125 - Retrieving features of type [RefAxis] from Ball Bearing 608 - 8x22x7mm-4
2026-08-17 20:48:09,225 INFO  ExportHelperExtension.cs: 1136 - Found 30 in Ball Bearing 608 - 8x22x7mm-4
2026-08-17 20:48:09,226 INFO  ExportHelperExtension.cs: 1145 - Found 0 features of type [RefAxis] in Ball Bearing 608 - 8x22x7mm-4
2026-08-17 20:48:09,226 INFO  ExportHelperExtension.cs: 1125 - Retrieving features of type [RefAxis] from Arm 1-1
2026-08-17 20:48:09,227 INFO  ExportHelperExtension.cs: 1136 - Found 61 in Arm 1-1
2026-08-17 20:48:09,227 INFO  ExportHelperExtension.cs: 1145 - Found 0 features of type [RefAxis] in Arm 1-1
2026-08-17 20:48:09,227 INFO  ExportHelperExtension.cs: 1125 - Retrieving features of type [RefAxis] from Ball Bearing 608 - 8x22x7mm-5
2026-08-17 20:48:09,228 INFO  ExportHelperExtension.cs: 1136 - Found 30 in Ball Bearing 608 - 8x22x7mm-5
2026-08-17 20:48:09,228 INFO  ExportHelperExtension.cs: 1145 - Found 0 features of type [RefAxis] in Ball Bearing 608 - 8x22x7mm-5
2026-08-17 20:48:09,228 INFO  ExportHelperExtension.cs: 1125 - Retrieving features of type [RefAxis] from J2 Coupler-1
2026-08-17 20:48:09,229 INFO  ExportHelperExtension.cs: 1136 - Found 45 in J2 Coupler-1
2026-08-17 20:48:09,229 INFO  ExportHelperExtension.cs: 1145 - Found 0 features of type [RefAxis] in J2 Coupler-1
2026-08-17 20:48:09,230 INFO  ExportHelperExtension.cs: 1125 - Retrieving features of type [RefAxis] from GT2 Pulley - 92 teeth - J2-1
2026-08-17 20:48:09,230 INFO  ExportHelperExtension.cs: 1136 - Found 41 in GT2 Pulley - 92 teeth - J2-1
2026-08-17 20:48:09,230 INFO  ExportHelperExtension.cs: 1145 - Found 0 features of type [RefAxis] in GT2 Pulley - 92 teeth - J2-1
2026-08-17 20:48:09,231 INFO  ExportHelperExtension.cs: 1125 - Retrieving features of type [RefAxis] from GT2 Pulley - 23 - 80 teeth-1
2026-08-17 20:48:09,231 INFO  ExportHelperExtension.cs: 1136 - Found 45 in GT2 Pulley - 23 - 80 teeth-1
2026-08-17 20:48:09,232 INFO  ExportHelperExtension.cs: 1145 - Found 0 features of type [RefAxis] in GT2 Pulley - 23 - 80 teeth-1
2026-08-17 20:48:09,232 INFO  ExportHelperExtension.cs: 1125 - Retrieving features of type [RefAxis] from Ball Bearing 30x42x7mm-1
2026-08-17 20:48:09,232 INFO  ExportHelperExtension.cs: 1136 - Found 30 in Ball Bearing 30x42x7mm-1
2026-08-17 20:48:09,233 INFO  ExportHelperExtension.cs: 1145 - Found 0 features of type [RefAxis] in Ball Bearing 30x42x7mm-1
2026-08-17 20:48:09,233 INFO  ExportHelperExtension.cs: 1125 - Retrieving features of type [RefAxis] from Thrust Bearing 35x52x12mm-2
2026-08-17 20:48:09,233 INFO  ExportHelperExtension.cs: 1136 - Found 39 in Thrust Bearing 35x52x12mm-2
2026-08-17 20:48:09,234 INFO  ExportHelperExtension.cs: 1145 - Found 0 features of type [RefAxis] in Thrust Bearing 35x52x12mm-2
2026-08-17 20:48:09,234 INFO  ExportHelperExtension.cs: 1125 - Retrieving features of type [RefAxis] from Stepper NEMA 17 -  20mm shaft-3
2026-08-17 20:48:09,234 INFO  ExportHelperExtension.cs: 1136 - Found 36 in Stepper NEMA 17 -  20mm shaft-3
2026-08-17 20:48:09,235 INFO  ExportHelperExtension.cs: 1145 - Found 0 features of type [RefAxis] in Stepper NEMA 17 -  20mm shaft-3
2026-08-17 20:48:09,235 INFO  ExportHelperExtension.cs: 1125 - Retrieving features of type [RefAxis] from Micro switch-1
2026-08-17 20:48:09,235 INFO  ExportHelperExtension.cs: 1136 - Found 36 in Micro switch-1
2026-08-17 20:48:09,236 INFO  ExportHelperExtension.cs: 1145 - Found 0 features of type [RefAxis] in Micro switch-1
2026-08-17 20:48:09,236 INFO  ExportHelperExtension.cs: 1125 - Retrieving features of type [RefAxis] from Linear Bearing 10x19x29mm-6
2026-08-17 20:48:09,236 INFO  ExportHelperExtension.cs: 1136 - Found 30 in Linear Bearing 10x19x29mm-6
2026-08-17 20:48:09,237 INFO  ExportHelperExtension.cs: 1145 - Found 0 features of type [RefAxis] in Linear Bearing 10x19x29mm-6
2026-08-17 20:48:09,237 INFO  ExportHelperExtension.cs: 1125 - Retrieving features of type [RefAxis] from Linear Bearing 10x19x29mm-1
2026-08-17 20:48:09,238 INFO  ExportHelperExtension.cs: 1136 - Found 30 in Linear Bearing 10x19x29mm-1
2026-08-17 20:48:09,238 INFO  ExportHelperExtension.cs: 1145 - Found 0 features of type [RefAxis] in Linear Bearing 10x19x29mm-1
2026-08-17 20:48:09,238 INFO  ExportHelperExtension.cs: 1125 - Retrieving features of type [RefAxis] from Arm 2-1
2026-08-17 20:48:09,239 INFO  ExportHelperExtension.cs: 1136 - Found 53 in Arm 2-1
2026-08-17 20:48:09,239 INFO  ExportHelperExtension.cs: 1145 - Found 0 features of type [RefAxis] in Arm 2-1
2026-08-17 20:48:09,239 INFO  ExportHelperExtension.cs: 1125 - Retrieving features of type [RefAxis] from M8 Washer-3
2026-08-17 20:48:09,240 INFO  ExportHelperExtension.cs: 1136 - Found 25 in M8 Washer-3
2026-08-17 20:48:09,240 INFO  ExportHelperExtension.cs: 1145 - Found 0 features of type [RefAxis] in M8 Washer-3
2026-08-17 20:48:09,240 INFO  ExportHelperExtension.cs: 1125 - Retrieving features of type [RefAxis] from Arm 2 Cover-1
2026-08-17 20:48:09,241 INFO  ExportHelperExtension.cs: 1136 - Found 45 in Arm 2 Cover-1
2026-08-17 20:48:09,241 INFO  ExportHelperExtension.cs: 1145 - Found 0 features of type [RefAxis] in Arm 2 Cover-1
2026-08-17 20:48:09,242 INFO  ExportHelperExtension.cs: 1125 - Retrieving features of type [RefAxis] from GT2 Pulley - Parametric-3
2026-08-17 20:48:09,242 INFO  ExportHelperExtension.cs: 1136 - Found 35 in GT2 Pulley - Parametric-3
2026-08-17 20:48:09,242 INFO  ExportHelperExtension.cs: 1145 - Found 0 features of type [RefAxis] in GT2 Pulley - Parametric-3
2026-08-17 20:48:09,243 INFO  ExportHelperExtension.cs: 1125 - Retrieving features of type [RefAxis] from Micro switch-4
2026-08-17 20:48:09,243 INFO  ExportHelperExtension.cs: 1136 - Found 36 in Micro switch-4
2026-08-17 20:48:09,244 INFO  ExportHelperExtension.cs: 1145 - Found 0 features of type [RefAxis] in Micro switch-4
2026-08-17 20:48:09,244 INFO  ExportHelperExtension.cs: 1125 - Retrieving features of type [RefAxis] from Linear Bearing 10x19x29mm-3
2026-08-17 20:48:09,244 INFO  ExportHelperExtension.cs: 1136 - Found 30 in Linear Bearing 10x19x29mm-3
2026-08-17 20:48:09,245 INFO  ExportHelperExtension.cs: 1145 - Found 0 features of type [RefAxis] in Linear Bearing 10x19x29mm-3
2026-08-17 20:48:09,245 INFO  ExportHelperExtension.cs: 1125 - Retrieving features of type [RefAxis] from GT2 Pulley - Parametric-2
2026-08-17 20:48:09,245 INFO  ExportHelperExtension.cs: 1136 - Found 35 in GT2 Pulley - Parametric-2
2026-08-17 20:48:09,246 INFO  ExportHelperExtension.cs: 1145 - Found 0 features of type [RefAxis] in GT2 Pulley - Parametric-2
2026-08-17 20:48:09,246 INFO  ExportHelperExtension.cs: 1125 - Retrieving features of type [RefAxis] from Linear Bearing 10x19x29mm-2
2026-08-17 20:48:09,246 INFO  ExportHelperExtension.cs: 1136 - Found 30 in Linear Bearing 10x19x29mm-2
2026-08-17 20:48:09,247 INFO  ExportHelperExtension.cs: 1145 - Found 0 features of type [RefAxis] in Linear Bearing 10x19x29mm-2
2026-08-17 20:48:09,247 INFO  ExportHelperExtension.cs: 1125 - Retrieving features of type [RefAxis] from NEMA 17 Stepper L24mm - 20mm shaft-1
2026-08-17 20:48:09,247 INFO  ExportHelperExtension.cs: 1136 - Found 36 in NEMA 17 Stepper L24mm - 20mm shaft-1
2026-08-17 20:48:09,248 INFO  ExportHelperExtension.cs: 1145 - Found 0 features of type [RefAxis] in NEMA 17 Stepper L24mm - 20mm shaft-1
2026-08-17 20:48:09,248 INFO  ExportHelperExtension.cs: 1125 - Retrieving features of type [RefAxis] from Ball Bearing 30x42x7mm-2
2026-08-17 20:48:09,248 INFO  ExportHelperExtension.cs: 1136 - Found 30 in Ball Bearing 30x42x7mm-2
2026-08-17 20:48:09,249 INFO  ExportHelperExtension.cs: 1145 - Found 0 features of type [RefAxis] in Ball Bearing 30x42x7mm-2
2026-08-17 20:48:09,249 INFO  ExportHelperExtension.cs: 1125 - Retrieving features of type [RefAxis] from Thrust Bearing 35x52x12mm-3
2026-08-17 20:48:09,249 INFO  ExportHelperExtension.cs: 1136 - Found 39 in Thrust Bearing 35x52x12mm-3
2026-08-17 20:48:09,250 INFO  ExportHelperExtension.cs: 1145 - Found 0 features of type [RefAxis] in Thrust Bearing 35x52x12mm-3
2026-08-17 20:48:09,250 INFO  ExportHelperExtension.cs: 1125 - Retrieving features of type [RefAxis] from Thrust Bearing 35x52x12mm-4
2026-08-17 20:48:09,250 INFO  ExportHelperExtension.cs: 1136 - Found 39 in Thrust Bearing 35x52x12mm-4
2026-08-17 20:48:09,251 INFO  ExportHelperExtension.cs: 1145 - Found 0 features of type [RefAxis] in Thrust Bearing 35x52x12mm-4
2026-08-17 20:48:09,251 INFO  ExportHelperExtension.cs: 1125 - Retrieving features of type [RefAxis] from GT2 Pulley - 90 teeth - J3-1
2026-08-17 20:48:09,252 INFO  ExportHelperExtension.cs: 1136 - Found 41 in GT2 Pulley - 90 teeth - J3-1
2026-08-17 20:48:09,252 INFO  ExportHelperExtension.cs: 1145 - Found 0 features of type [RefAxis] in GT2 Pulley - 90 teeth - J3-1
2026-08-17 20:48:09,252 INFO  ExportHelperExtension.cs: 1125 - Retrieving features of type [RefAxis] from J3 Coupler-1
2026-08-17 20:48:09,253 INFO  ExportHelperExtension.cs: 1136 - Found 45 in J3 Coupler-1
2026-08-17 20:48:09,253 INFO  ExportHelperExtension.cs: 1145 - Found 0 features of type [RefAxis] in J3 Coupler-1
2026-08-17 20:48:09,253 INFO  ExportHelperExtension.cs: 1125 - Retrieving features of type [RefAxis] from Micro switch-3
2026-08-17 20:48:09,273 INFO  ExportHelperExtension.cs: 1136 - Found 36 in Micro switch-3
2026-08-17 20:48:09,274 INFO  ExportHelperExtension.cs: 1145 - Found 0 features of type [RefAxis] in Micro switch-3
2026-08-17 20:48:09,274 INFO  ExportHelperExtension.cs: 1125 - Retrieving features of type [RefAxis] from Lead Screw Nut 8mm-1
2026-08-17 20:48:09,275 INFO  ExportHelperExtension.cs: 1136 - Found 31 in Lead Screw Nut 8mm-1
2026-08-17 20:48:09,276 INFO  ExportHelperExtension.cs: 1145 - Found 0 features of type [RefAxis] in Lead Screw Nut 8mm-1
2026-08-17 20:48:09,276 INFO  ExportHelperExtension.cs: 1125 - Retrieving features of type [RefAxis] from Gripper Mechanism-1
2026-08-17 20:48:09,277 INFO  ExportHelperExtension.cs: 1136 - Found 98 in Gripper Mechanism-1
2026-08-17 20:48:09,278 INFO  ExportHelperExtension.cs: 1145 - Found 0 features of type [RefAxis] in Gripper Mechanism-1
2026-08-17 20:48:09,279 INFO  ExportHelperExtension.cs: 1125 - Retrieving features of type [RefAxis] from Arm 1 Cover-1
2026-08-17 20:48:09,280 INFO  ExportHelperExtension.cs: 1136 - Found 34 in Arm 1 Cover-1
2026-08-17 20:48:09,280 INFO  ExportHelperExtension.cs: 1145 - Found 1 features of type [RefAxis] in Arm 1 Cover-1
2026-08-17 20:48:09,281 INFO  ExportHelperExtension.cs: 1125 - Retrieving features of type [RefAxis] from Micro switch-5
2026-08-17 20:48:09,282 INFO  ExportHelperExtension.cs: 1136 - Found 36 in Micro switch-5
2026-08-17 20:48:09,282 INFO  ExportHelperExtension.cs: 1145 - Found 0 features of type [RefAxis] in Micro switch-5
2026-08-17 20:48:09,283 INFO  ExportHelperExtension.cs: 1125 - Retrieving features of type [RefAxis] from Ball Bearing 35x47x7mm-1
2026-08-17 20:48:09,284 INFO  ExportHelperExtension.cs: 1136 - Found 30 in Ball Bearing 35x47x7mm-1
2026-08-17 20:48:09,285 INFO  ExportHelperExtension.cs: 1145 - Found 0 features of type [RefAxis] in Ball Bearing 35x47x7mm-1
2026-08-17 20:48:09,285 INFO  ExportHelperExtension.cs: 1125 - Retrieving features of type [RefAxis] from GT2 Belt 300mm 2-1
2026-08-17 20:48:09,286 INFO  ExportHelperExtension.cs: 1136 - Found 25 in GT2 Belt 300mm 2-1
2026-08-17 20:48:09,287 INFO  ExportHelperExtension.cs: 1145 - Found 0 features of type [RefAxis] in GT2 Belt 300mm 2-1
2026-08-17 20:48:09,287 INFO  ExportHelperExtension.cs: 1125 - Retrieving features of type [RefAxis] from Top cover-1
2026-08-17 20:48:09,288 INFO  ExportHelperExtension.cs: 1136 - Found 40 in Top cover-1
2026-08-17 20:48:09,289 INFO  ExportHelperExtension.cs: 1145 - Found 0 features of type [RefAxis] in Top cover-1
2026-08-17 20:48:09,290 INFO  ExportHelperExtension.cs: 1125 - Retrieving features of type [RefAxis] from GT2 Belt 400mm 2-1
2026-08-17 20:48:09,291 INFO  ExportHelperExtension.cs: 1136 - Found 25 in GT2 Belt 400mm 2-1
2026-08-17 20:48:09,291 INFO  ExportHelperExtension.cs: 1145 - Found 0 features of type [RefAxis] in GT2 Belt 400mm 2-1
2026-08-17 20:48:09,292 INFO  ExportHelperExtension.cs: 1125 - Retrieving features of type [RefAxis] from Base cover-1
2026-08-17 20:48:09,292 INFO  ExportHelperExtension.cs: 1136 - Found 29 in Base cover-1
2026-08-17 20:48:09,293 INFO  ExportHelperExtension.cs: 1145 - Found 0 features of type [RefAxis] in Base cover-1
2026-08-17 20:48:09,294 INFO  ExportHelperExtension.cs: 1125 - Retrieving features of type [RefAxis] from Arduino UNO case p1-1
2026-08-17 20:48:09,295 INFO  ExportHelperExtension.cs: 1136 - Found 41 in Arduino UNO case p1-1
2026-08-17 20:48:09,295 INFO  ExportHelperExtension.cs: 1145 - Found 0 features of type [RefAxis] in Arduino UNO case p1-1
2026-08-17 20:48:09,296 INFO  ExportHelperExtension.cs: 1125 - Retrieving features of type [RefAxis] from GT2 Belt 400mm-1
2026-08-17 20:48:09,297 INFO  ExportHelperExtension.cs: 1136 - Found 25 in GT2 Belt 400mm-1
2026-08-17 20:48:09,298 INFO  ExportHelperExtension.cs: 1145 - Found 0 features of type [RefAxis] in GT2 Belt 400mm-1
2026-08-17 20:48:09,298 INFO  ExportHelperExtension.cs: 1125 - Retrieving features of type [RefAxis] from GT2 Belt 200mm-1
2026-08-17 20:48:09,299 INFO  ExportHelperExtension.cs: 1136 - Found 25 in GT2 Belt 200mm-1
2026-08-17 20:48:09,299 INFO  ExportHelperExtension.cs: 1145 - Found 0 features of type [RefAxis] in GT2 Belt 200mm-1
2026-08-17 20:48:09,300 INFO  ExportHelperExtension.cs: 1125 - Retrieving features of type [RefAxis] from M4 Lock nut-4
2026-08-17 20:48:09,300 INFO  ExportHelperExtension.cs: 1136 - Found 36 in M4 Lock nut-4
2026-08-17 20:48:09,302 INFO  ExportHelperExtension.cs: 1145 - Found 0 features of type [RefAxis] in M4 Lock nut-4
2026-08-17 20:48:09,302 INFO  ExportHelperExtension.cs: 1125 - Retrieving features of type [RefAxis] from Arduino UNO case p2-1
2026-08-17 20:48:09,303 INFO  ExportHelperExtension.cs: 1136 - Found 39 in Arduino UNO case p2-1
2026-08-17 20:48:09,304 INFO  ExportHelperExtension.cs: 1145 - Found 0 features of type [RefAxis] in Arduino UNO case p2-1
2026-08-17 20:48:09,304 INFO  ExportHelperExtension.cs: 1125 - Retrieving features of type [RefAxis] from GT2 Belt 300mm-1
2026-08-17 20:48:09,304 INFO  ExportHelperExtension.cs: 1136 - Found 25 in GT2 Belt 300mm-1
2026-08-17 20:48:09,305 INFO  ExportHelperExtension.cs: 1145 - Found 0 features of type [RefAxis] in GT2 Belt 300mm-1
2026-08-17 20:48:09,305 INFO  ExportHelperExtension.cs: 1125 - Retrieving features of type [RefAxis] from M8 Lock nut-1
2026-08-17 20:48:09,306 INFO  ExportHelperExtension.cs: 1136 - Found 36 in M8 Lock nut-1
2026-08-17 20:48:09,306 INFO  ExportHelperExtension.cs: 1145 - Found 0 features of type [RefAxis] in M8 Lock nut-1
2026-08-17 20:48:09,307 INFO  ExportHelperExtension.cs: 1125 - Retrieving features of type [RefAxis] from M4 Lock nut-1
2026-08-17 20:48:09,307 INFO  ExportHelperExtension.cs: 1136 - Found 36 in M4 Lock nut-1
2026-08-17 20:48:09,307 INFO  ExportHelperExtension.cs: 1145 - Found 0 features of type [RefAxis] in M4 Lock nut-1
2026-08-17 20:48:09,307 INFO  ExportHelperExtension.cs: 1125 - Retrieving features of type [RefAxis] from M8 45mm - Bolts-1
2026-08-17 20:48:09,308 INFO  ExportHelperExtension.cs: 1136 - Found 36 in M8 45mm - Bolts-1
2026-08-17 20:48:09,308 INFO  ExportHelperExtension.cs: 1145 - Found 0 features of type [RefAxis] in M8 45mm - Bolts-1
2026-08-17 20:48:09,308 INFO  ExportHelperExtension.cs: 1125 - Retrieving features of type [RefAxis] from M4 Lock nut-2
2026-08-17 20:48:09,309 INFO  ExportHelperExtension.cs: 1136 - Found 36 in M4 Lock nut-2
2026-08-17 20:48:09,309 INFO  ExportHelperExtension.cs: 1145 - Found 0 features of type [RefAxis] in M4 Lock nut-2
2026-08-17 20:48:09,309 INFO  ExportHelperExtension.cs: 1125 - Retrieving features of type [RefAxis] from M4 Lock nut-3
2026-08-17 20:48:09,310 INFO  ExportHelperExtension.cs: 1136 - Found 36 in M4 Lock nut-3
2026-08-17 20:48:09,310 INFO  ExportHelperExtension.cs: 1145 - Found 0 features of type [RefAxis] in M4 Lock nut-3
2026-08-17 20:48:09,310 INFO  ExportHelperExtension.cs: 1125 - Retrieving features of type [RefAxis] from M8 Lock nut-3
2026-08-17 20:48:09,311 INFO  ExportHelperExtension.cs: 1136 - Found 36 in M8 Lock nut-3
2026-08-17 20:48:09,311 INFO  ExportHelperExtension.cs: 1145 - Found 0 features of type [RefAxis] in M8 Lock nut-3
2026-08-17 20:48:09,311 INFO  ExportHelperExtension.cs: 1125 - Retrieving features of type [RefAxis] from M4 60mm - Bolts-3
2026-08-17 20:48:09,312 INFO  ExportHelperExtension.cs: 1136 - Found 36 in M4 60mm - Bolts-3
2026-08-17 20:48:09,312 INFO  ExportHelperExtension.cs: 1145 - Found 0 features of type [RefAxis] in M4 60mm - Bolts-3
2026-08-17 20:48:09,312 INFO  ExportHelperExtension.cs: 1125 - Retrieving features of type [RefAxis] from M8 45mm - Bolts-3
2026-08-17 20:48:09,313 INFO  ExportHelperExtension.cs: 1136 - Found 36 in M8 45mm - Bolts-3
2026-08-17 20:48:09,313 INFO  ExportHelperExtension.cs: 1145 - Found 0 features of type [RefAxis] in M8 45mm - Bolts-3
2026-08-17 20:48:09,313 INFO  ExportHelperExtension.cs: 1125 - Retrieving features of type [RefAxis] from M4 Lock nut-7
2026-08-17 20:48:09,314 INFO  ExportHelperExtension.cs: 1136 - Found 36 in M4 Lock nut-7
2026-08-17 20:48:09,314 INFO  ExportHelperExtension.cs: 1145 - Found 0 features of type [RefAxis] in M4 Lock nut-7
2026-08-17 20:48:09,314 INFO  ExportHelperExtension.cs: 1125 - Retrieving features of type [RefAxis] from M4 Lock nut-5
2026-08-17 20:48:09,315 INFO  ExportHelperExtension.cs: 1136 - Found 36 in M4 Lock nut-5
2026-08-17 20:48:09,315 INFO  ExportHelperExtension.cs: 1145 - Found 0 features of type [RefAxis] in M4 Lock nut-5
2026-08-17 20:48:09,315 INFO  ExportHelperExtension.cs: 1125 - Retrieving features of type [RefAxis] from M4 50mm - Bolts-3
2026-08-17 20:48:09,316 INFO  ExportHelperExtension.cs: 1136 - Found 36 in M4 50mm - Bolts-3
2026-08-17 20:48:09,316 INFO  ExportHelperExtension.cs: 1145 - Found 0 features of type [RefAxis] in M4 50mm - Bolts-3
2026-08-17 20:48:09,316 INFO  ExportHelperExtension.cs: 1125 - Retrieving features of type [RefAxis] from M4 60mm - Bolts-4
2026-08-17 20:48:09,317 INFO  ExportHelperExtension.cs: 1136 - Found 36 in M4 60mm - Bolts-4
2026-08-17 20:48:09,317 INFO  ExportHelperExtension.cs: 1145 - Found 0 features of type [RefAxis] in M4 60mm - Bolts-4
2026-08-17 20:48:09,317 INFO  ExportHelperExtension.cs: 1125 - Retrieving features of type [RefAxis] from M4 60mm - Bolts-1
2026-08-17 20:48:09,317 INFO  ExportHelperExtension.cs: 1136 - Found 36 in M4 60mm - Bolts-1
2026-08-17 20:48:09,318 INFO  ExportHelperExtension.cs: 1145 - Found 0 features of type [RefAxis] in M4 60mm - Bolts-1
2026-08-17 20:48:09,318 INFO  ExportHelperExtension.cs: 1125 - Retrieving features of type [RefAxis] from M4 60mm - Bolts-2
2026-08-17 20:48:09,318 INFO  ExportHelperExtension.cs: 1136 - Found 36 in M4 60mm - Bolts-2
2026-08-17 20:48:09,319 INFO  ExportHelperExtension.cs: 1145 - Found 0 features of type [RefAxis] in M4 60mm - Bolts-2
2026-08-17 20:48:09,319 INFO  ExportHelperExtension.cs: 1125 - Retrieving features of type [RefAxis] from M4 50mm - Bolts-4
2026-08-17 20:48:09,319 INFO  ExportHelperExtension.cs: 1136 - Found 36 in M4 50mm - Bolts-4
2026-08-17 20:48:09,320 INFO  ExportHelperExtension.cs: 1145 - Found 0 features of type [RefAxis] in M4 50mm - Bolts-4
2026-08-17 20:48:09,321 INFO  ExportHelperExtension.cs: 1125 - Retrieving features of type [RefAxis] from M4 50mm - Bolts-2
2026-08-17 20:48:09,321 INFO  ExportHelperExtension.cs: 1136 - Found 36 in M4 50mm - Bolts-2
2026-08-17 20:48:09,321 INFO  ExportHelperExtension.cs: 1145 - Found 0 features of type [RefAxis] in M4 50mm - Bolts-2
2026-08-17 20:48:09,321 INFO  ExportHelperExtension.cs: 1125 - Retrieving features of type [RefAxis] from M4 Lock nut-6
2026-08-17 20:48:09,321 INFO  ExportHelperExtension.cs: 1136 - Found 36 in M4 Lock nut-6
2026-08-17 20:48:09,322 INFO  ExportHelperExtension.cs: 1145 - Found 0 features of type [RefAxis] in M4 Lock nut-6
2026-08-17 20:48:09,322 INFO  ExportHelperExtension.cs: 1125 - Retrieving features of type [RefAxis] from M4 50mm - Bolts-1
2026-08-17 20:48:09,322 INFO  ExportHelperExtension.cs: 1136 - Found 36 in M4 50mm - Bolts-1
2026-08-17 20:48:09,323 INFO  ExportHelperExtension.cs: 1145 - Found 0 features of type [RefAxis] in M4 50mm - Bolts-1
2026-08-17 20:48:09,323 INFO  ExportHelperExtension.cs: 1125 - Retrieving features of type [RefAxis] from M4 Lock nut-8
2026-08-17 20:48:09,323 INFO  ExportHelperExtension.cs: 1136 - Found 36 in M4 Lock nut-8
2026-08-17 20:48:09,324 INFO  ExportHelperExtension.cs: 1145 - Found 0 features of type [RefAxis] in M4 Lock nut-8
2026-08-17 20:48:09,324 INFO  ExportHelperExtension.cs: 1125 - Retrieving features of type [RefAxis] from Ball Bearing 608 - 8x22x7mm-3
2026-08-17 20:48:09,324 INFO  ExportHelperExtension.cs: 1136 - Found 30 in Ball Bearing 608 - 8x22x7mm-3
2026-08-17 20:48:09,324 INFO  ExportHelperExtension.cs: 1145 - Found 0 features of type [RefAxis] in Ball Bearing 608 - 8x22x7mm-3
2026-08-17 20:48:09,325 INFO  ExportHelperExtension.cs: 1125 - Retrieving features of type [RefAxis] from GT2 Pulley - 22 - 80 teeth-2
2026-08-17 20:48:09,325 INFO  ExportHelperExtension.cs: 1136 - Found 45 in GT2 Pulley - 22 - 80 teeth-2
2026-08-17 20:48:09,326 INFO  ExportHelperExtension.cs: 1145 - Found 0 features of type [RefAxis] in GT2 Pulley - 22 - 80 teeth-2
2026-08-17 20:48:09,326 INFO  ExportHelperExtension.cs: 1125 - Retrieving features of type [RefAxis] from Base-1
2026-08-17 20:48:09,326 INFO  ExportHelperExtension.cs: 1136 - Found 80 in Base-1
2026-08-17 20:48:09,327 INFO  ExportHelperExtension.cs: 1145 - Found 0 features of type [RefAxis] in Base-1
2026-08-17 20:48:09,327 INFO  ExportHelperExtension.cs: 1125 - Retrieving features of type [RefAxis] from Thrust Bearing - 40x60x13-4
2026-08-17 20:48:09,328 INFO  ExportHelperExtension.cs: 1136 - Found 39 in Thrust Bearing - 40x60x13-4
2026-08-17 20:48:09,328 INFO  ExportHelperExtension.cs: 1145 - Found 0 features of type [RefAxis] in Thrust Bearing - 40x60x13-4
2026-08-17 20:48:09,328 INFO  ExportHelperExtension.cs: 1125 - Retrieving features of type [RefAxis] from Ball Bearing 608 - 8x22x7mm-2
2026-08-17 20:48:09,329 INFO  ExportHelperExtension.cs: 1136 - Found 30 in Ball Bearing 608 - 8x22x7mm-2
2026-08-17 20:48:09,329 INFO  ExportHelperExtension.cs: 1145 - Found 0 features of type [RefAxis] in Ball Bearing 608 - 8x22x7mm-2
2026-08-17 20:48:09,329 INFO  ExportHelperExtension.cs: 1125 - Retrieving features of type [RefAxis] from Stepper NEMA 17 -  20mm shaft-1
2026-08-17 20:48:09,329 INFO  ExportHelperExtension.cs: 1136 - Found 36 in Stepper NEMA 17 -  20mm shaft-1
2026-08-17 20:48:09,329 INFO  ExportHelperExtension.cs: 1145 - Found 0 features of type [RefAxis] in Stepper NEMA 17 -  20mm shaft-1
2026-08-17 20:48:09,331 INFO  ExportHelperExtension.cs: 1125 - Retrieving features of type [RefAxis] from Thrust Bearing - 40x60x13-3
2026-08-17 20:48:09,331 INFO  ExportHelperExtension.cs: 1136 - Found 39 in Thrust Bearing - 40x60x13-3
2026-08-17 20:48:09,331 INFO  ExportHelperExtension.cs: 1145 - Found 0 features of type [RefAxis] in Thrust Bearing - 40x60x13-3
2026-08-17 20:48:09,332 INFO  ExportHelperExtension.cs: 1125 - Retrieving features of type [RefAxis] from GT2 Pulley - 110 teeth - J1-2
2026-08-17 20:48:09,332 INFO  ExportHelperExtension.cs: 1136 - Found 41 in GT2 Pulley - 110 teeth - J1-2
2026-08-17 20:48:09,333 INFO  ExportHelperExtension.cs: 1145 - Found 0 features of type [RefAxis] in GT2 Pulley - 110 teeth - J1-2
2026-08-17 20:48:09,333 INFO  ExportHelperExtension.cs: 1125 - Retrieving features of type [RefAxis] from Smooth Rod D10mm L400mm-3
2026-08-17 20:48:09,333 INFO  ExportHelperExtension.cs: 1136 - Found 25 in Smooth Rod D10mm L400mm-3
2026-08-17 20:48:09,334 INFO  ExportHelperExtension.cs: 1145 - Found 0 features of type [RefAxis] in Smooth Rod D10mm L400mm-3
2026-08-17 20:48:09,334 INFO  ExportHelperExtension.cs: 1125 - Retrieving features of type [RefAxis] from Smooth Rod Clamp-1
2026-08-17 20:48:09,334 INFO  ExportHelperExtension.cs: 1136 - Found 27 in Smooth Rod Clamp-1
2026-08-17 20:48:09,335 INFO  ExportHelperExtension.cs: 1145 - Found 0 features of type [RefAxis] in Smooth Rod Clamp-1
2026-08-17 20:48:09,335 INFO  ExportHelperExtension.cs: 1125 - Retrieving features of type [RefAxis] from Smooth Rod D10mm L400mm-4
2026-08-17 20:48:09,335 INFO  ExportHelperExtension.cs: 1136 - Found 25 in Smooth Rod D10mm L400mm-4
2026-08-17 20:48:09,335 INFO  ExportHelperExtension.cs: 1145 - Found 0 features of type [RefAxis] in Smooth Rod D10mm L400mm-4
2026-08-17 20:48:09,336 INFO  ExportHelperExtension.cs: 1125 - Retrieving features of type [RefAxis] from M8 Washer-2
2026-08-17 20:48:09,336 INFO  ExportHelperExtension.cs: 1136 - Found 25 in M8 Washer-2
2026-08-17 20:48:09,337 INFO  ExportHelperExtension.cs: 1145 - Found 0 features of type [RefAxis] in M8 Washer-2
2026-08-17 20:48:09,337 INFO  ExportHelperExtension.cs: 1125 - Retrieving features of type [RefAxis] from Smooth Rod D10mm L400mm-2
2026-08-17 20:48:09,337 INFO  ExportHelperExtension.cs: 1136 - Found 25 in Smooth Rod D10mm L400mm-2
2026-08-17 20:48:09,338 INFO  ExportHelperExtension.cs: 1145 - Found 0 features of type [RefAxis] in Smooth Rod D10mm L400mm-2
2026-08-17 20:48:09,338 INFO  ExportHelperExtension.cs: 1125 - Retrieving features of type [RefAxis] from Smooth Rod D10mm L400mm-1
2026-08-17 20:48:09,338 INFO  ExportHelperExtension.cs: 1136 - Found 25 in Smooth Rod D10mm L400mm-1
2026-08-17 20:48:09,339 INFO  ExportHelperExtension.cs: 1145 - Found 0 features of type [RefAxis] in Smooth Rod D10mm L400mm-1
2026-08-17 20:48:09,339 INFO  ExportHelperExtension.cs: 1125 - Retrieving features of type [RefAxis] from J1 coupler-1
2026-08-17 20:48:09,339 INFO  ExportHelperExtension.cs: 1136 - Found 48 in J1 coupler-1
2026-08-17 20:48:09,340 INFO  ExportHelperExtension.cs: 1145 - Found 0 features of type [RefAxis] in J1 coupler-1
2026-08-17 20:48:09,340 INFO  ExportHelperExtension.cs: 1125 - Retrieving features of type [RefAxis] from GT2 Pulley - Parametric-1
2026-08-17 20:48:09,340 INFO  ExportHelperExtension.cs: 1136 - Found 35 in GT2 Pulley - Parametric-1
2026-08-17 20:48:09,341 INFO  ExportHelperExtension.cs: 1145 - Found 0 features of type [RefAxis] in GT2 Pulley - Parametric-1
2026-08-17 20:48:09,341 INFO  ExportHelperExtension.cs: 1125 - Retrieving features of type [RefAxis] from Z-axis Bottom Plate-2
2026-08-17 20:48:09,342 INFO  ExportHelperExtension.cs: 1136 - Found 36 in Z-axis Bottom Plate-2
2026-08-17 20:48:09,342 INFO  ExportHelperExtension.cs: 1145 - Found 0 features of type [RefAxis] in Z-axis Bottom Plate-2
2026-08-17 20:48:09,498 INFO  SwAddin.cs: 339 - Loading config tree
2026-08-17 20:48:09,504 INFO  ExportPropertyManagerExtension.cs: 520 - Starting new configuration
2026-08-17 20:48:09,556 INFO  SwAddin.cs: 344 - Showing property manager
2026-08-17 20:54:18,644 INFO  ExportPropertyManager.cs: 1136 - OnNumberBoxTrackingCompleted called. This method no longer throws an Exception. It just silently does nothing. Ok, except for this logging message
2026-08-17 21:01:59,820 INFO  ExportPropertyManager.cs: 1018 - OnComboboxSelectionChanged called. This method no longer throws an Exception. It just silently does nothing. Ok, except for this logging message
2026-08-17 21:02:03,984 INFO  ExportPropertyManager.cs: 1142 - AfterClose called. This method no longer throws an Exception. It just silently does nothing. Ok, except for this logging message
2026-08-17 21:02:17,160 INFO  SwAddin.cs: 294 - Assembly export called for file SCARA Robot With Controlled Motion
2026-08-17 21:02:20,534 INFO  SwAddin.cs: 313 - Saving assembly
2026-08-17 21:02:21,278 INFO  SwAddin.cs: 316 - Opening property manager
2026-08-17 21:02:21,280 INFO  ExportHelperExtension.cs: 1125 - Retrieving features of type [CoordSys] from SCARA Robot With Controlled Motion
2026-08-17 21:02:21,282 INFO  ExportHelperExtension.cs: 1136 - Found 331 in SCARA Robot With Controlled Motion
2026-08-17 21:02:21,285 INFO  ExportHelperExtension.cs: 1145 - Found 0 features of type [CoordSys] in SCARA Robot With Controlled Motion
2026-08-17 21:02:21,285 INFO  ExportHelperExtension.cs: 1148 - Proceeding through assembly components
2026-08-17 21:02:21,286 INFO  ExportHelperExtension.cs: 1160 - 91 components to check
2026-08-17 21:02:21,287 INFO  ExportHelperExtension.cs: 1125 - Retrieving features of type [CoordSys] from Smooth Rod Clamp-7
2026-08-17 21:02:21,288 INFO  ExportHelperExtension.cs: 1136 - Found 27 in Smooth Rod Clamp-7
2026-08-17 21:02:21,289 INFO  ExportHelperExtension.cs: 1145 - Found 0 features of type [CoordSys] in Smooth Rod Clamp-7
2026-08-17 21:02:21,291 INFO  ExportHelperExtension.cs: 1125 - Retrieving features of type [CoordSys] from Smooth Rod Clamp-8
2026-08-17 21:02:21,292 INFO  ExportHelperExtension.cs: 1136 - Found 27 in Smooth Rod Clamp-8
2026-08-17 21:02:21,293 INFO  ExportHelperExtension.cs: 1145 - Found 0 features of type [CoordSys] in Smooth Rod Clamp-8
2026-08-17 21:02:21,295 INFO  ExportHelperExtension.cs: 1125 - Retrieving features of type [CoordSys] from Smooth Rod Clamp-4
2026-08-17 21:02:21,296 INFO  ExportHelperExtension.cs: 1136 - Found 27 in Smooth Rod Clamp-4
2026-08-17 21:02:21,297 INFO  ExportHelperExtension.cs: 1145 - Found 0 features of type [CoordSys] in Smooth Rod Clamp-4
2026-08-17 21:02:21,298 INFO  ExportHelperExtension.cs: 1125 - Retrieving features of type [CoordSys] from Z-axis Mount Platform-1
2026-08-17 21:02:21,299 INFO  ExportHelperExtension.cs: 1136 - Found 44 in Z-axis Mount Platform-1
2026-08-17 21:02:21,300 INFO  ExportHelperExtension.cs: 1145 - Found 0 features of type [CoordSys] in Z-axis Mount Platform-1
2026-08-17 21:02:21,301 INFO  ExportHelperExtension.cs: 1125 - Retrieving features of type [CoordSys] from Smooth Rod Clamp-6
2026-08-17 21:02:21,302 INFO  ExportHelperExtension.cs: 1136 - Found 27 in Smooth Rod Clamp-6
2026-08-17 21:02:21,303 INFO  ExportHelperExtension.cs: 1145 - Found 0 features of type [CoordSys] in Smooth Rod Clamp-6
2026-08-17 21:02:21,304 INFO  ExportHelperExtension.cs: 1125 - Retrieving features of type [CoordSys] from Ball Bearing 608 - 8x22x7mm-6
2026-08-17 21:02:21,306 INFO  ExportHelperExtension.cs: 1136 - Found 30 in Ball Bearing 608 - 8x22x7mm-6
2026-08-17 21:02:21,307 INFO  ExportHelperExtension.cs: 1145 - Found 0 features of type [CoordSys] in Ball Bearing 608 - 8x22x7mm-6
2026-08-17 21:02:21,309 INFO  ExportHelperExtension.cs: 1125 - Retrieving features of type [CoordSys] from Thrust Bearing 35x52x12mm-1
2026-08-17 21:02:21,310 INFO  ExportHelperExtension.cs: 1136 - Found 39 in Thrust Bearing 35x52x12mm-1
2026-08-17 21:02:21,311 INFO  ExportHelperExtension.cs: 1145 - Found 0 features of type [CoordSys] in Thrust Bearing 35x52x12mm-1
2026-08-17 21:02:21,311 INFO  ExportHelperExtension.cs: 1125 - Retrieving features of type [CoordSys] from Z-axis Top Plate-1
2026-08-17 21:02:21,312 INFO  ExportHelperExtension.cs: 1136 - Found 42 in Z-axis Top Plate-1
2026-08-17 21:02:21,313 INFO  ExportHelperExtension.cs: 1145 - Found 0 features of type [CoordSys] in Z-axis Top Plate-1
2026-08-17 21:02:21,313 INFO  ExportHelperExtension.cs: 1125 - Retrieving features of type [CoordSys] from Smooth Rod Clamp-3
2026-08-17 21:02:21,314 INFO  ExportHelperExtension.cs: 1136 - Found 27 in Smooth Rod Clamp-3
2026-08-17 21:02:21,315 INFO  ExportHelperExtension.cs: 1145 - Found 0 features of type [CoordSys] in Smooth Rod Clamp-3
2026-08-17 21:02:21,315 INFO  ExportHelperExtension.cs: 1125 - Retrieving features of type [CoordSys] from Smooth Rod Clamp-5
2026-08-17 21:02:21,316 INFO  ExportHelperExtension.cs: 1136 - Found 27 in Smooth Rod Clamp-5
2026-08-17 21:02:21,316 INFO  ExportHelperExtension.cs: 1145 - Found 0 features of type [CoordSys] in Smooth Rod Clamp-5
2026-08-17 21:02:21,317 INFO  ExportHelperExtension.cs: 1125 - Retrieving features of type [CoordSys] from Smooth Rod Clamp-2
2026-08-17 21:02:21,318 INFO  ExportHelperExtension.cs: 1136 - Found 27 in Smooth Rod Clamp-2
2026-08-17 21:02:21,318 INFO  ExportHelperExtension.cs: 1145 - Found 0 features of type [CoordSys] in Smooth Rod Clamp-2
2026-08-17 21:02:21,319 INFO  ExportHelperExtension.cs: 1125 - Retrieving features of type [CoordSys] from Lead Screw D8mm L380mm-1
2026-08-17 21:02:21,320 INFO  ExportHelperExtension.cs: 1136 - Found 26 in Lead Screw D8mm L380mm-1
2026-08-17 21:02:21,320 INFO  ExportHelperExtension.cs: 1145 - Found 0 features of type [CoordSys] in Lead Screw D8mm L380mm-1
2026-08-17 21:02:21,322 INFO  ExportHelperExtension.cs: 1125 - Retrieving features of type [CoordSys] from Stepper NEMA 17 -  20mm shaft-2
2026-08-17 21:02:21,323 INFO  ExportHelperExtension.cs: 1136 - Found 36 in Stepper NEMA 17 -  20mm shaft-2
2026-08-17 21:02:21,324 INFO  ExportHelperExtension.cs: 1145 - Found 0 features of type [CoordSys] in Stepper NEMA 17 -  20mm shaft-2
2026-08-17 21:02:21,324 INFO  ExportHelperExtension.cs: 1125 - Retrieving features of type [CoordSys] from Ball Bearing 608 - 8x22x7mm-4
2026-08-17 21:02:21,325 INFO  ExportHelperExtension.cs: 1136 - Found 30 in Ball Bearing 608 - 8x22x7mm-4
2026-08-17 21:02:21,326 INFO  ExportHelperExtension.cs: 1145 - Found 0 features of type [CoordSys] in Ball Bearing 608 - 8x22x7mm-4
2026-08-17 21:02:21,326 INFO  ExportHelperExtension.cs: 1125 - Retrieving features of type [CoordSys] from Arm 1-1
2026-08-17 21:02:21,327 INFO  ExportHelperExtension.cs: 1136 - Found 61 in Arm 1-1
2026-08-17 21:02:21,328 INFO  ExportHelperExtension.cs: 1145 - Found 0 features of type [CoordSys] in Arm 1-1
2026-08-17 21:02:21,329 INFO  ExportHelperExtension.cs: 1125 - Retrieving features of type [CoordSys] from Ball Bearing 608 - 8x22x7mm-5
2026-08-17 21:02:21,329 INFO  ExportHelperExtension.cs: 1136 - Found 30 in Ball Bearing 608 - 8x22x7mm-5
2026-08-17 21:02:21,330 INFO  ExportHelperExtension.cs: 1145 - Found 0 features of type [CoordSys] in Ball Bearing 608 - 8x22x7mm-5
2026-08-17 21:02:21,331 INFO  ExportHelperExtension.cs: 1125 - Retrieving features of type [CoordSys] from J2 Coupler-1
2026-08-17 21:02:21,331 INFO  ExportHelperExtension.cs: 1136 - Found 45 in J2 Coupler-1
2026-08-17 21:02:21,332 INFO  ExportHelperExtension.cs: 1145 - Found 0 features of type [CoordSys] in J2 Coupler-1
2026-08-17 21:02:21,333 INFO  ExportHelperExtension.cs: 1125 - Retrieving features of type [CoordSys] from GT2 Pulley - 92 teeth - J2-1
2026-08-17 21:02:21,333 INFO  ExportHelperExtension.cs: 1136 - Found 41 in GT2 Pulley - 92 teeth - J2-1
2026-08-17 21:02:21,334 INFO  ExportHelperExtension.cs: 1145 - Found 0 features of type [CoordSys] in GT2 Pulley - 92 teeth - J2-1
2026-08-17 21:02:21,334 INFO  ExportHelperExtension.cs: 1125 - Retrieving features of type [CoordSys] from GT2 Pulley - 23 - 80 teeth-1
2026-08-17 21:02:21,335 INFO  ExportHelperExtension.cs: 1136 - Found 45 in GT2 Pulley - 23 - 80 teeth-1
2026-08-17 21:02:21,336 INFO  ExportHelperExtension.cs: 1145 - Found 0 features of type [CoordSys] in GT2 Pulley - 23 - 80 teeth-1
2026-08-17 21:02:21,336 INFO  ExportHelperExtension.cs: 1125 - Retrieving features of type [CoordSys] from Ball Bearing 30x42x7mm-1
2026-08-17 21:02:21,336 INFO  ExportHelperExtension.cs: 1136 - Found 30 in Ball Bearing 30x42x7mm-1
2026-08-17 21:02:21,337 INFO  ExportHelperExtension.cs: 1145 - Found 0 features of type [CoordSys] in Ball Bearing 30x42x7mm-1
2026-08-17 21:02:21,338 INFO  ExportHelperExtension.cs: 1125 - Retrieving features of type [CoordSys] from Thrust Bearing 35x52x12mm-2
2026-08-17 21:02:21,338 INFO  ExportHelperExtension.cs: 1136 - Found 39 in Thrust Bearing 35x52x12mm-2
2026-08-17 21:02:21,339 INFO  ExportHelperExtension.cs: 1145 - Found 0 features of type [CoordSys] in Thrust Bearing 35x52x12mm-2
2026-08-17 21:02:21,339 INFO  ExportHelperExtension.cs: 1125 - Retrieving features of type [CoordSys] from Stepper NEMA 17 -  20mm shaft-3
2026-08-17 21:02:21,339 INFO  ExportHelperExtension.cs: 1136 - Found 36 in Stepper NEMA 17 -  20mm shaft-3
2026-08-17 21:02:21,340 INFO  ExportHelperExtension.cs: 1145 - Found 0 features of type [CoordSys] in Stepper NEMA 17 -  20mm shaft-3
2026-08-17 21:02:21,340 INFO  ExportHelperExtension.cs: 1125 - Retrieving features of type [CoordSys] from Micro switch-1
2026-08-17 21:02:21,341 INFO  ExportHelperExtension.cs: 1136 - Found 36 in Micro switch-1
2026-08-17 21:02:21,341 INFO  ExportHelperExtension.cs: 1145 - Found 0 features of type [CoordSys] in Micro switch-1
2026-08-17 21:02:21,342 INFO  ExportHelperExtension.cs: 1125 - Retrieving features of type [CoordSys] from Linear Bearing 10x19x29mm-6
2026-08-17 21:02:21,342 INFO  ExportHelperExtension.cs: 1136 - Found 30 in Linear Bearing 10x19x29mm-6
2026-08-17 21:02:21,343 INFO  ExportHelperExtension.cs: 1145 - Found 0 features of type [CoordSys] in Linear Bearing 10x19x29mm-6
2026-08-17 21:02:21,343 INFO  ExportHelperExtension.cs: 1125 - Retrieving features of type [CoordSys] from Linear Bearing 10x19x29mm-1
2026-08-17 21:02:21,344 INFO  ExportHelperExtension.cs: 1136 - Found 30 in Linear Bearing 10x19x29mm-1
2026-08-17 21:02:21,348 INFO  ExportHelperExtension.cs: 1145 - Found 0 features of type [CoordSys] in Linear Bearing 10x19x29mm-1
2026-08-17 21:02:21,349 INFO  ExportHelperExtension.cs: 1125 - Retrieving features of type [CoordSys] from Arm 2-1
2026-08-17 21:02:21,514 INFO  ExportHelperExtension.cs: 1136 - Found 53 in Arm 2-1
2026-08-17 21:02:21,514 INFO  ExportHelperExtension.cs: 1145 - Found 0 features of type [CoordSys] in Arm 2-1
2026-08-17 21:02:21,515 INFO  ExportHelperExtension.cs: 1125 - Retrieving features of type [CoordSys] from M8 Washer-3
2026-08-17 21:02:21,515 INFO  ExportHelperExtension.cs: 1136 - Found 25 in M8 Washer-3
2026-08-17 21:02:21,516 INFO  ExportHelperExtension.cs: 1145 - Found 0 features of type [CoordSys] in M8 Washer-3
2026-08-17 21:02:21,516 INFO  ExportHelperExtension.cs: 1125 - Retrieving features of type [CoordSys] from Arm 2 Cover-1
2026-08-17 21:02:21,517 INFO  ExportHelperExtension.cs: 1136 - Found 45 in Arm 2 Cover-1
2026-08-17 21:02:21,517 INFO  ExportHelperExtension.cs: 1145 - Found 0 features of type [CoordSys] in Arm 2 Cover-1
2026-08-17 21:02:21,518 INFO  ExportHelperExtension.cs: 1125 - Retrieving features of type [CoordSys] from GT2 Pulley - Parametric-3
2026-08-17 21:02:21,519 INFO  ExportHelperExtension.cs: 1136 - Found 35 in GT2 Pulley - Parametric-3
2026-08-17 21:02:21,520 INFO  ExportHelperExtension.cs: 1145 - Found 0 features of type [CoordSys] in GT2 Pulley - Parametric-3
2026-08-17 21:02:21,520 INFO  ExportHelperExtension.cs: 1125 - Retrieving features of type [CoordSys] from Micro switch-4
2026-08-17 21:02:21,521 INFO  ExportHelperExtension.cs: 1136 - Found 36 in Micro switch-4
2026-08-17 21:02:21,522 INFO  ExportHelperExtension.cs: 1145 - Found 0 features of type [CoordSys] in Micro switch-4
2026-08-17 21:02:21,523 INFO  ExportHelperExtension.cs: 1125 - Retrieving features of type [CoordSys] from Linear Bearing 10x19x29mm-3
2026-08-17 21:02:21,523 INFO  ExportHelperExtension.cs: 1136 - Found 30 in Linear Bearing 10x19x29mm-3
2026-08-17 21:02:21,524 INFO  ExportHelperExtension.cs: 1145 - Found 0 features of type [CoordSys] in Linear Bearing 10x19x29mm-3
2026-08-17 21:02:21,524 INFO  ExportHelperExtension.cs: 1125 - Retrieving features of type [CoordSys] from GT2 Pulley - Parametric-2
2026-08-17 21:02:21,526 INFO  ExportHelperExtension.cs: 1136 - Found 35 in GT2 Pulley - Parametric-2
2026-08-17 21:02:21,527 INFO  ExportHelperExtension.cs: 1145 - Found 0 features of type [CoordSys] in GT2 Pulley - Parametric-2
2026-08-17 21:02:21,527 INFO  ExportHelperExtension.cs: 1125 - Retrieving features of type [CoordSys] from Linear Bearing 10x19x29mm-2
2026-08-17 21:02:21,528 INFO  ExportHelperExtension.cs: 1136 - Found 30 in Linear Bearing 10x19x29mm-2
2026-08-17 21:02:21,528 INFO  ExportHelperExtension.cs: 1145 - Found 0 features of type [CoordSys] in Linear Bearing 10x19x29mm-2
2026-08-17 21:02:21,529 INFO  ExportHelperExtension.cs: 1125 - Retrieving features of type [CoordSys] from NEMA 17 Stepper L24mm - 20mm shaft-1
2026-08-17 21:02:21,530 INFO  ExportHelperExtension.cs: 1136 - Found 36 in NEMA 17 Stepper L24mm - 20mm shaft-1
2026-08-17 21:02:21,530 INFO  ExportHelperExtension.cs: 1145 - Found 0 features of type [CoordSys] in NEMA 17 Stepper L24mm - 20mm shaft-1
2026-08-17 21:02:21,531 INFO  ExportHelperExtension.cs: 1125 - Retrieving features of type [CoordSys] from Ball Bearing 30x42x7mm-2
2026-08-17 21:02:21,532 INFO  ExportHelperExtension.cs: 1136 - Found 30 in Ball Bearing 30x42x7mm-2
2026-08-17 21:02:21,533 INFO  ExportHelperExtension.cs: 1145 - Found 0 features of type [CoordSys] in Ball Bearing 30x42x7mm-2
2026-08-17 21:02:21,534 INFO  ExportHelperExtension.cs: 1125 - Retrieving features of type [CoordSys] from Thrust Bearing 35x52x12mm-3
2026-08-17 21:02:21,534 INFO  ExportHelperExtension.cs: 1136 - Found 39 in Thrust Bearing 35x52x12mm-3
2026-08-17 21:02:21,535 INFO  ExportHelperExtension.cs: 1145 - Found 0 features of type [CoordSys] in Thrust Bearing 35x52x12mm-3
2026-08-17 21:02:21,536 INFO  ExportHelperExtension.cs: 1125 - Retrieving features of type [CoordSys] from Thrust Bearing 35x52x12mm-4
2026-08-17 21:02:21,537 INFO  ExportHelperExtension.cs: 1136 - Found 39 in Thrust Bearing 35x52x12mm-4
2026-08-17 21:02:21,537 INFO  ExportHelperExtension.cs: 1145 - Found 0 features of type [CoordSys] in Thrust Bearing 35x52x12mm-4
2026-08-17 21:02:21,538 INFO  ExportHelperExtension.cs: 1125 - Retrieving features of type [CoordSys] from GT2 Pulley - 90 teeth - J3-1
2026-08-17 21:02:21,539 INFO  ExportHelperExtension.cs: 1136 - Found 41 in GT2 Pulley - 90 teeth - J3-1
2026-08-17 21:02:21,540 INFO  ExportHelperExtension.cs: 1145 - Found 0 features of type [CoordSys] in GT2 Pulley - 90 teeth - J3-1
2026-08-17 21:02:21,540 INFO  ExportHelperExtension.cs: 1125 - Retrieving features of type [CoordSys] from J3 Coupler-1
2026-08-17 21:02:21,541 INFO  ExportHelperExtension.cs: 1136 - Found 45 in J3 Coupler-1
2026-08-17 21:02:21,542 INFO  ExportHelperExtension.cs: 1145 - Found 0 features of type [CoordSys] in J3 Coupler-1
2026-08-17 21:02:21,542 INFO  ExportHelperExtension.cs: 1125 - Retrieving features of type [CoordSys] from Micro switch-3
2026-08-17 21:02:21,543 INFO  ExportHelperExtension.cs: 1136 - Found 36 in Micro switch-3
2026-08-17 21:02:21,543 INFO  ExportHelperExtension.cs: 1145 - Found 0 features of type [CoordSys] in Micro switch-3
2026-08-17 21:02:21,544 INFO  ExportHelperExtension.cs: 1125 - Retrieving features of type [CoordSys] from Lead Screw Nut 8mm-1
2026-08-17 21:02:21,545 INFO  ExportHelperExtension.cs: 1136 - Found 31 in Lead Screw Nut 8mm-1
2026-08-17 21:02:21,545 INFO  ExportHelperExtension.cs: 1145 - Found 0 features of type [CoordSys] in Lead Screw Nut 8mm-1
2026-08-17 21:02:21,546 INFO  ExportHelperExtension.cs: 1125 - Retrieving features of type [CoordSys] from Gripper Mechanism-1
2026-08-17 21:02:21,547 INFO  ExportHelperExtension.cs: 1136 - Found 98 in Gripper Mechanism-1
2026-08-17 21:02:21,548 INFO  ExportHelperExtension.cs: 1145 - Found 0 features of type [CoordSys] in Gripper Mechanism-1
2026-08-17 21:02:21,548 INFO  ExportHelperExtension.cs: 1125 - Retrieving features of type [CoordSys] from Arm 1 Cover-1
2026-08-17 21:02:21,549 INFO  ExportHelperExtension.cs: 1136 - Found 34 in Arm 1 Cover-1
2026-08-17 21:02:21,550 INFO  ExportHelperExtension.cs: 1145 - Found 0 features of type [CoordSys] in Arm 1 Cover-1
2026-08-17 21:02:21,550 INFO  ExportHelperExtension.cs: 1125 - Retrieving features of type [CoordSys] from Micro switch-5
2026-08-17 21:02:21,551 INFO  ExportHelperExtension.cs: 1136 - Found 36 in Micro switch-5
2026-08-17 21:02:21,552 INFO  ExportHelperExtension.cs: 1145 - Found 0 features of type [CoordSys] in Micro switch-5
2026-08-17 21:02:21,552 INFO  ExportHelperExtension.cs: 1125 - Retrieving features of type [CoordSys] from Ball Bearing 35x47x7mm-1
2026-08-17 21:02:21,553 INFO  ExportHelperExtension.cs: 1136 - Found 30 in Ball Bearing 35x47x7mm-1
2026-08-17 21:02:21,553 INFO  ExportHelperExtension.cs: 1145 - Found 0 features of type [CoordSys] in Ball Bearing 35x47x7mm-1
2026-08-17 21:02:21,554 INFO  ExportHelperExtension.cs: 1125 - Retrieving features of type [CoordSys] from GT2 Belt 300mm 2-1
2026-08-17 21:02:21,555 INFO  ExportHelperExtension.cs: 1136 - Found 25 in GT2 Belt 300mm 2-1
2026-08-17 21:02:21,555 INFO  ExportHelperExtension.cs: 1145 - Found 0 features of type [CoordSys] in GT2 Belt 300mm 2-1
2026-08-17 21:02:21,556 INFO  ExportHelperExtension.cs: 1125 - Retrieving features of type [CoordSys] from Top cover-1
2026-08-17 21:02:21,557 INFO  ExportHelperExtension.cs: 1136 - Found 40 in Top cover-1
2026-08-17 21:02:21,557 INFO  ExportHelperExtension.cs: 1145 - Found 0 features of type [CoordSys] in Top cover-1
2026-08-17 21:02:21,558 INFO  ExportHelperExtension.cs: 1125 - Retrieving features of type [CoordSys] from GT2 Belt 400mm 2-1
2026-08-17 21:02:21,558 INFO  ExportHelperExtension.cs: 1136 - Found 25 in GT2 Belt 400mm 2-1
2026-08-17 21:02:21,558 INFO  ExportHelperExtension.cs: 1145 - Found 0 features of type [CoordSys] in GT2 Belt 400mm 2-1
2026-08-17 21:02:21,559 INFO  ExportHelperExtension.cs: 1125 - Retrieving features of type [CoordSys] from Base cover-1
2026-08-17 21:02:21,560 INFO  ExportHelperExtension.cs: 1136 - Found 29 in Base cover-1
2026-08-17 21:02:21,560 INFO  ExportHelperExtension.cs: 1145 - Found 0 features of type [CoordSys] in Base cover-1
2026-08-17 21:02:21,561 INFO  ExportHelperExtension.cs: 1125 - Retrieving features of type [CoordSys] from Arduino UNO case p1-1
2026-08-17 21:02:21,561 INFO  ExportHelperExtension.cs: 1136 - Found 41 in Arduino UNO case p1-1
2026-08-17 21:02:21,562 INFO  ExportHelperExtension.cs: 1145 - Found 0 features of type [CoordSys] in Arduino UNO case p1-1
2026-08-17 21:02:21,563 INFO  ExportHelperExtension.cs: 1125 - Retrieving features of type [CoordSys] from GT2 Belt 400mm-1
2026-08-17 21:02:21,563 INFO  ExportHelperExtension.cs: 1136 - Found 25 in GT2 Belt 400mm-1
2026-08-17 21:02:21,564 INFO  ExportHelperExtension.cs: 1145 - Found 0 features of type [CoordSys] in GT2 Belt 400mm-1
2026-08-17 21:02:21,564 INFO  ExportHelperExtension.cs: 1125 - Retrieving features of type [CoordSys] from GT2 Belt 200mm-1
2026-08-17 21:02:21,565 INFO  ExportHelperExtension.cs: 1136 - Found 25 in GT2 Belt 200mm-1
2026-08-17 21:02:21,565 INFO  ExportHelperExtension.cs: 1145 - Found 0 features of type [CoordSys] in GT2 Belt 200mm-1
2026-08-17 21:02:21,566 INFO  ExportHelperExtension.cs: 1125 - Retrieving features of type [CoordSys] from M4 Lock nut-4
2026-08-17 21:02:21,566 INFO  ExportHelperExtension.cs: 1136 - Found 36 in M4 Lock nut-4
2026-08-17 21:02:21,567 INFO  ExportHelperExtension.cs: 1145 - Found 0 features of type [CoordSys] in M4 Lock nut-4
2026-08-17 21:02:21,567 INFO  ExportHelperExtension.cs: 1125 - Retrieving features of type [CoordSys] from Arduino UNO case p2-1
2026-08-17 21:02:21,568 INFO  ExportHelperExtension.cs: 1136 - Found 39 in Arduino UNO case p2-1
2026-08-17 21:02:21,568 INFO  ExportHelperExtension.cs: 1145 - Found 0 features of type [CoordSys] in Arduino UNO case p2-1
2026-08-17 21:02:21,569 INFO  ExportHelperExtension.cs: 1125 - Retrieving features of type [CoordSys] from GT2 Belt 300mm-1
2026-08-17 21:02:21,569 INFO  ExportHelperExtension.cs: 1136 - Found 25 in GT2 Belt 300mm-1
2026-08-17 21:02:21,570 INFO  ExportHelperExtension.cs: 1145 - Found 0 features of type [CoordSys] in GT2 Belt 300mm-1
2026-08-17 21:02:21,570 INFO  ExportHelperExtension.cs: 1125 - Retrieving features of type [CoordSys] from M8 Lock nut-1
2026-08-17 21:02:21,571 INFO  ExportHelperExtension.cs: 1136 - Found 36 in M8 Lock nut-1
2026-08-17 21:02:21,572 INFO  ExportHelperExtension.cs: 1145 - Found 0 features of type [CoordSys] in M8 Lock nut-1
2026-08-17 21:02:21,573 INFO  ExportHelperExtension.cs: 1125 - Retrieving features of type [CoordSys] from M4 Lock nut-1
2026-08-17 21:02:21,573 INFO  ExportHelperExtension.cs: 1136 - Found 36 in M4 Lock nut-1
2026-08-17 21:02:21,574 INFO  ExportHelperExtension.cs: 1145 - Found 0 features of type [CoordSys] in M4 Lock nut-1
2026-08-17 21:02:21,575 INFO  ExportHelperExtension.cs: 1125 - Retrieving features of type [CoordSys] from M8 45mm - Bolts-1
2026-08-17 21:02:21,575 INFO  ExportHelperExtension.cs: 1136 - Found 36 in M8 45mm - Bolts-1
2026-08-17 21:02:21,576 INFO  ExportHelperExtension.cs: 1145 - Found 0 features of type [CoordSys] in M8 45mm - Bolts-1
2026-08-17 21:02:21,577 INFO  ExportHelperExtension.cs: 1125 - Retrieving features of type [CoordSys] from M4 Lock nut-2
2026-08-17 21:02:21,578 INFO  ExportHelperExtension.cs: 1136 - Found 36 in M4 Lock nut-2
2026-08-17 21:02:21,578 INFO  ExportHelperExtension.cs: 1145 - Found 0 features of type [CoordSys] in M4 Lock nut-2
2026-08-17 21:02:21,579 INFO  ExportHelperExtension.cs: 1125 - Retrieving features of type [CoordSys] from M4 Lock nut-3
2026-08-17 21:02:21,580 INFO  ExportHelperExtension.cs: 1136 - Found 36 in M4 Lock nut-3
2026-08-17 21:02:21,581 INFO  ExportHelperExtension.cs: 1145 - Found 0 features of type [CoordSys] in M4 Lock nut-3
2026-08-17 21:02:21,581 INFO  ExportHelperExtension.cs: 1125 - Retrieving features of type [CoordSys] from M8 Lock nut-3
2026-08-17 21:02:21,582 INFO  ExportHelperExtension.cs: 1136 - Found 36 in M8 Lock nut-3
2026-08-17 21:02:21,583 INFO  ExportHelperExtension.cs: 1145 - Found 0 features of type [CoordSys] in M8 Lock nut-3
2026-08-17 21:02:21,583 INFO  ExportHelperExtension.cs: 1125 - Retrieving features of type [CoordSys] from M4 60mm - Bolts-3
2026-08-17 21:02:21,585 INFO  ExportHelperExtension.cs: 1136 - Found 36 in M4 60mm - Bolts-3
2026-08-17 21:02:21,586 INFO  ExportHelperExtension.cs: 1145 - Found 0 features of type [CoordSys] in M4 60mm - Bolts-3
2026-08-17 21:02:21,587 INFO  ExportHelperExtension.cs: 1125 - Retrieving features of type [CoordSys] from M8 45mm - Bolts-3
2026-08-17 21:02:21,588 INFO  ExportHelperExtension.cs: 1136 - Found 36 in M8 45mm - Bolts-3
2026-08-17 21:02:21,588 INFO  ExportHelperExtension.cs: 1145 - Found 0 features of type [CoordSys] in M8 45mm - Bolts-3
2026-08-17 21:02:21,589 INFO  ExportHelperExtension.cs: 1125 - Retrieving features of type [CoordSys] from M4 Lock nut-7
2026-08-17 21:02:21,590 INFO  ExportHelperExtension.cs: 1136 - Found 36 in M4 Lock nut-7
2026-08-17 21:02:21,591 INFO  ExportHelperExtension.cs: 1145 - Found 0 features of type [CoordSys] in M4 Lock nut-7
2026-08-17 21:02:21,592 INFO  ExportHelperExtension.cs: 1125 - Retrieving features of type [CoordSys] from M4 Lock nut-5
2026-08-17 21:02:21,593 INFO  ExportHelperExtension.cs: 1136 - Found 36 in M4 Lock nut-5
2026-08-17 21:02:21,594 INFO  ExportHelperExtension.cs: 1145 - Found 0 features of type [CoordSys] in M4 Lock nut-5
2026-08-17 21:02:21,595 INFO  ExportHelperExtension.cs: 1125 - Retrieving features of type [CoordSys] from M4 50mm - Bolts-3
2026-08-17 21:02:21,595 INFO  ExportHelperExtension.cs: 1136 - Found 36 in M4 50mm - Bolts-3
2026-08-17 21:02:21,596 INFO  ExportHelperExtension.cs: 1145 - Found 0 features of type [CoordSys] in M4 50mm - Bolts-3
2026-08-17 21:02:21,596 INFO  ExportHelperExtension.cs: 1125 - Retrieving features of type [CoordSys] from M4 60mm - Bolts-4
2026-08-17 21:02:21,597 INFO  ExportHelperExtension.cs: 1136 - Found 36 in M4 60mm - Bolts-4
2026-08-17 21:02:21,598 INFO  ExportHelperExtension.cs: 1145 - Found 0 features of type [CoordSys] in M4 60mm - Bolts-4
2026-08-17 21:02:21,599 INFO  ExportHelperExtension.cs: 1125 - Retrieving features of type [CoordSys] from M4 60mm - Bolts-1
2026-08-17 21:02:21,599 INFO  ExportHelperExtension.cs: 1136 - Found 36 in M4 60mm - Bolts-1
2026-08-17 21:02:21,600 INFO  ExportHelperExtension.cs: 1145 - Found 0 features of type [CoordSys] in M4 60mm - Bolts-1
2026-08-17 21:02:21,601 INFO  ExportHelperExtension.cs: 1125 - Retrieving features of type [CoordSys] from M4 60mm - Bolts-2
2026-08-17 21:02:21,601 INFO  ExportHelperExtension.cs: 1136 - Found 36 in M4 60mm - Bolts-2
2026-08-17 21:02:21,602 INFO  ExportHelperExtension.cs: 1145 - Found 0 features of type [CoordSys] in M4 60mm - Bolts-2
2026-08-17 21:02:21,603 INFO  ExportHelperExtension.cs: 1125 - Retrieving features of type [CoordSys] from M4 50mm - Bolts-4
2026-08-17 21:02:21,604 INFO  ExportHelperExtension.cs: 1136 - Found 36 in M4 50mm - Bolts-4
2026-08-17 21:02:21,604 INFO  ExportHelperExtension.cs: 1145 - Found 0 features of type [CoordSys] in M4 50mm - Bolts-4
2026-08-17 21:02:21,605 INFO  ExportHelperExtension.cs: 1125 - Retrieving features of type [CoordSys] from M4 50mm - Bolts-2
2026-08-17 21:02:21,606 INFO  ExportHelperExtension.cs: 1136 - Found 36 in M4 50mm - Bolts-2
2026-08-17 21:02:21,606 INFO  ExportHelperExtension.cs: 1145 - Found 0 features of type [CoordSys] in M4 50mm - Bolts-2
2026-08-17 21:02:21,607 INFO  ExportHelperExtension.cs: 1125 - Retrieving features of type [CoordSys] from M4 Lock nut-6
2026-08-17 21:02:21,608 INFO  ExportHelperExtension.cs: 1136 - Found 36 in M4 Lock nut-6
2026-08-17 21:02:21,608 INFO  ExportHelperExtension.cs: 1145 - Found 0 features of type [CoordSys] in M4 Lock nut-6
2026-08-17 21:02:21,610 INFO  ExportHelperExtension.cs: 1125 - Retrieving features of type [CoordSys] from M4 50mm - Bolts-1
2026-08-17 21:02:21,611 INFO  ExportHelperExtension.cs: 1136 - Found 36 in M4 50mm - Bolts-1
2026-08-17 21:02:21,611 INFO  ExportHelperExtension.cs: 1145 - Found 0 features of type [CoordSys] in M4 50mm - Bolts-1
2026-08-17 21:02:21,612 INFO  ExportHelperExtension.cs: 1125 - Retrieving features of type [CoordSys] from M4 Lock nut-8
2026-08-17 21:02:21,613 INFO  ExportHelperExtension.cs: 1136 - Found 36 in M4 Lock nut-8
2026-08-17 21:02:21,613 INFO  ExportHelperExtension.cs: 1145 - Found 0 features of type [CoordSys] in M4 Lock nut-8
2026-08-17 21:02:21,614 INFO  ExportHelperExtension.cs: 1125 - Retrieving features of type [CoordSys] from Ball Bearing 608 - 8x22x7mm-3
2026-08-17 21:02:21,615 INFO  ExportHelperExtension.cs: 1136 - Found 30 in Ball Bearing 608 - 8x22x7mm-3
2026-08-17 21:02:21,616 INFO  ExportHelperExtension.cs: 1145 - Found 0 features of type [CoordSys] in Ball Bearing 608 - 8x22x7mm-3
2026-08-17 21:02:21,616 INFO  ExportHelperExtension.cs: 1125 - Retrieving features of type [CoordSys] from GT2 Pulley - 22 - 80 teeth-2
2026-08-17 21:02:21,617 INFO  ExportHelperExtension.cs: 1136 - Found 45 in GT2 Pulley - 22 - 80 teeth-2
2026-08-17 21:02:21,618 INFO  ExportHelperExtension.cs: 1145 - Found 0 features of type [CoordSys] in GT2 Pulley - 22 - 80 teeth-2
2026-08-17 21:02:21,618 INFO  ExportHelperExtension.cs: 1125 - Retrieving features of type [CoordSys] from Base-1
2026-08-17 21:02:21,619 INFO  ExportHelperExtension.cs: 1136 - Found 80 in Base-1
2026-08-17 21:02:21,620 INFO  ExportHelperExtension.cs: 1145 - Found 0 features of type [CoordSys] in Base-1
2026-08-17 21:02:21,620 INFO  ExportHelperExtension.cs: 1125 - Retrieving features of type [CoordSys] from Thrust Bearing - 40x60x13-4
2026-08-17 21:02:21,621 INFO  ExportHelperExtension.cs: 1136 - Found 39 in Thrust Bearing - 40x60x13-4
2026-08-17 21:02:21,625 INFO  ExportHelperExtension.cs: 1145 - Found 0 features of type [CoordSys] in Thrust Bearing - 40x60x13-4
2026-08-17 21:02:21,627 INFO  ExportHelperExtension.cs: 1125 - Retrieving features of type [CoordSys] from Ball Bearing 608 - 8x22x7mm-2
2026-08-17 21:02:21,640 INFO  ExportHelperExtension.cs: 1136 - Found 30 in Ball Bearing 608 - 8x22x7mm-2
2026-08-17 21:02:21,641 INFO  ExportHelperExtension.cs: 1145 - Found 0 features of type [CoordSys] in Ball Bearing 608 - 8x22x7mm-2
2026-08-17 21:02:21,642 INFO  ExportHelperExtension.cs: 1125 - Retrieving features of type [CoordSys] from Stepper NEMA 17 -  20mm shaft-1
2026-08-17 21:02:21,643 INFO  ExportHelperExtension.cs: 1136 - Found 36 in Stepper NEMA 17 -  20mm shaft-1
2026-08-17 21:02:21,644 INFO  ExportHelperExtension.cs: 1145 - Found 0 features of type [CoordSys] in Stepper NEMA 17 -  20mm shaft-1
2026-08-17 21:02:21,644 INFO  ExportHelperExtension.cs: 1125 - Retrieving features of type [CoordSys] from Thrust Bearing - 40x60x13-3
2026-08-17 21:02:21,645 INFO  ExportHelperExtension.cs: 1136 - Found 39 in Thrust Bearing - 40x60x13-3
2026-08-17 21:02:21,646 INFO  ExportHelperExtension.cs: 1145 - Found 0 features of type [CoordSys] in Thrust Bearing - 40x60x13-3
2026-08-17 21:02:21,646 INFO  ExportHelperExtension.cs: 1125 - Retrieving features of type [CoordSys] from GT2 Pulley - 110 teeth - J1-2
2026-08-17 21:02:21,647 INFO  ExportHelperExtension.cs: 1136 - Found 41 in GT2 Pulley - 110 teeth - J1-2
2026-08-17 21:02:21,648 INFO  ExportHelperExtension.cs: 1145 - Found 0 features of type [CoordSys] in GT2 Pulley - 110 teeth - J1-2
2026-08-17 21:02:21,648 INFO  ExportHelperExtension.cs: 1125 - Retrieving features of type [CoordSys] from Smooth Rod D10mm L400mm-3
2026-08-17 21:02:21,649 INFO  ExportHelperExtension.cs: 1136 - Found 25 in Smooth Rod D10mm L400mm-3
2026-08-17 21:02:21,649 INFO  ExportHelperExtension.cs: 1145 - Found 0 features of type [CoordSys] in Smooth Rod D10mm L400mm-3
2026-08-17 21:02:21,650 INFO  ExportHelperExtension.cs: 1125 - Retrieving features of type [CoordSys] from Smooth Rod Clamp-1
2026-08-17 21:02:21,650 INFO  ExportHelperExtension.cs: 1136 - Found 27 in Smooth Rod Clamp-1
2026-08-17 21:02:21,651 INFO  ExportHelperExtension.cs: 1145 - Found 0 features of type [CoordSys] in Smooth Rod Clamp-1
2026-08-17 21:02:21,651 INFO  ExportHelperExtension.cs: 1125 - Retrieving features of type [CoordSys] from Smooth Rod D10mm L400mm-4
2026-08-17 21:02:21,652 INFO  ExportHelperExtension.cs: 1136 - Found 25 in Smooth Rod D10mm L400mm-4
2026-08-17 21:02:21,652 INFO  ExportHelperExtension.cs: 1145 - Found 0 features of type [CoordSys] in Smooth Rod D10mm L400mm-4
2026-08-17 21:02:21,652 INFO  ExportHelperExtension.cs: 1125 - Retrieving features of type [CoordSys] from M8 Washer-2
2026-08-17 21:02:21,653 INFO  ExportHelperExtension.cs: 1136 - Found 25 in M8 Washer-2
2026-08-17 21:02:21,654 INFO  ExportHelperExtension.cs: 1145 - Found 0 features of type [CoordSys] in M8 Washer-2
2026-08-17 21:02:21,654 INFO  ExportHelperExtension.cs: 1125 - Retrieving features of type [CoordSys] from Smooth Rod D10mm L400mm-2
2026-08-17 21:02:21,655 INFO  ExportHelperExtension.cs: 1136 - Found 25 in Smooth Rod D10mm L400mm-2
2026-08-17 21:02:21,655 INFO  ExportHelperExtension.cs: 1145 - Found 0 features of type [CoordSys] in Smooth Rod D10mm L400mm-2
2026-08-17 21:02:21,656 INFO  ExportHelperExtension.cs: 1125 - Retrieving features of type [CoordSys] from Smooth Rod D10mm L400mm-1
2026-08-17 21:02:21,657 INFO  ExportHelperExtension.cs: 1136 - Found 25 in Smooth Rod D10mm L400mm-1
2026-08-17 21:02:21,657 INFO  ExportHelperExtension.cs: 1145 - Found 0 features of type [CoordSys] in Smooth Rod D10mm L400mm-1
2026-08-17 21:02:21,658 INFO  ExportHelperExtension.cs: 1125 - Retrieving features of type [CoordSys] from J1 coupler-1
2026-08-17 21:02:21,658 INFO  ExportHelperExtension.cs: 1136 - Found 48 in J1 coupler-1
2026-08-17 21:02:21,659 INFO  ExportHelperExtension.cs: 1145 - Found 0 features of type [CoordSys] in J1 coupler-1
2026-08-17 21:02:21,659 INFO  ExportHelperExtension.cs: 1125 - Retrieving features of type [CoordSys] from GT2 Pulley - Parametric-1
2026-08-17 21:02:21,660 INFO  ExportHelperExtension.cs: 1136 - Found 35 in GT2 Pulley - Parametric-1
2026-08-17 21:02:21,660 INFO  ExportHelperExtension.cs: 1145 - Found 0 features of type [CoordSys] in GT2 Pulley - Parametric-1
2026-08-17 21:02:21,661 INFO  ExportHelperExtension.cs: 1125 - Retrieving features of type [CoordSys] from Z-axis Bottom Plate-2
2026-08-17 21:02:21,662 INFO  ExportHelperExtension.cs: 1136 - Found 36 in Z-axis Bottom Plate-2
2026-08-17 21:02:21,663 INFO  ExportHelperExtension.cs: 1145 - Found 0 features of type [CoordSys] in Z-axis Bottom Plate-2
2026-08-17 21:02:21,664 INFO  ExportHelperExtension.cs: 1125 - Retrieving features of type [RefAxis] from SCARA Robot With Controlled Motion
2026-08-17 21:02:21,665 INFO  ExportHelperExtension.cs: 1136 - Found 331 in SCARA Robot With Controlled Motion
2026-08-17 21:02:21,667 INFO  ExportHelperExtension.cs: 1145 - Found 0 features of type [RefAxis] in SCARA Robot With Controlled Motion
2026-08-17 21:02:21,667 INFO  ExportHelperExtension.cs: 1148 - Proceeding through assembly components
2026-08-17 21:02:21,668 INFO  ExportHelperExtension.cs: 1160 - 91 components to check
2026-08-17 21:02:21,669 INFO  ExportHelperExtension.cs: 1125 - Retrieving features of type [RefAxis] from Smooth Rod Clamp-7
2026-08-17 21:02:21,669 INFO  ExportHelperExtension.cs: 1136 - Found 27 in Smooth Rod Clamp-7
2026-08-17 21:02:21,669 INFO  ExportHelperExtension.cs: 1145 - Found 0 features of type [RefAxis] in Smooth Rod Clamp-7
2026-08-17 21:02:21,670 INFO  ExportHelperExtension.cs: 1125 - Retrieving features of type [RefAxis] from Smooth Rod Clamp-8
2026-08-17 21:02:21,670 INFO  ExportHelperExtension.cs: 1136 - Found 27 in Smooth Rod Clamp-8
2026-08-17 21:02:21,671 INFO  ExportHelperExtension.cs: 1145 - Found 0 features of type [RefAxis] in Smooth Rod Clamp-8
2026-08-17 21:02:21,671 INFO  ExportHelperExtension.cs: 1125 - Retrieving features of type [RefAxis] from Smooth Rod Clamp-4
2026-08-17 21:02:21,671 INFO  ExportHelperExtension.cs: 1136 - Found 27 in Smooth Rod Clamp-4
2026-08-17 21:02:21,672 INFO  ExportHelperExtension.cs: 1145 - Found 0 features of type [RefAxis] in Smooth Rod Clamp-4
2026-08-17 21:02:21,673 INFO  ExportHelperExtension.cs: 1125 - Retrieving features of type [RefAxis] from Z-axis Mount Platform-1
2026-08-17 21:02:21,674 INFO  ExportHelperExtension.cs: 1136 - Found 44 in Z-axis Mount Platform-1
2026-08-17 21:02:21,674 INFO  ExportHelperExtension.cs: 1145 - Found 0 features of type [RefAxis] in Z-axis Mount Platform-1
2026-08-17 21:02:21,674 INFO  ExportHelperExtension.cs: 1125 - Retrieving features of type [RefAxis] from Smooth Rod Clamp-6
2026-08-17 21:02:21,675 INFO  ExportHelperExtension.cs: 1136 - Found 27 in Smooth Rod Clamp-6
2026-08-17 21:02:21,675 INFO  ExportHelperExtension.cs: 1145 - Found 0 features of type [RefAxis] in Smooth Rod Clamp-6
2026-08-17 21:02:21,675 INFO  ExportHelperExtension.cs: 1125 - Retrieving features of type [RefAxis] from Ball Bearing 608 - 8x22x7mm-6
2026-08-17 21:02:21,676 INFO  ExportHelperExtension.cs: 1136 - Found 30 in Ball Bearing 608 - 8x22x7mm-6
2026-08-17 21:02:21,677 INFO  ExportHelperExtension.cs: 1145 - Found 0 features of type [RefAxis] in Ball Bearing 608 - 8x22x7mm-6
2026-08-17 21:02:21,677 INFO  ExportHelperExtension.cs: 1125 - Retrieving features of type [RefAxis] from Thrust Bearing 35x52x12mm-1
2026-08-17 21:02:21,678 INFO  ExportHelperExtension.cs: 1136 - Found 39 in Thrust Bearing 35x52x12mm-1
2026-08-17 21:02:21,679 INFO  ExportHelperExtension.cs: 1145 - Found 0 features of type [RefAxis] in Thrust Bearing 35x52x12mm-1
2026-08-17 21:02:21,679 INFO  ExportHelperExtension.cs: 1125 - Retrieving features of type [RefAxis] from Z-axis Top Plate-1
2026-08-17 21:02:21,679 INFO  ExportHelperExtension.cs: 1136 - Found 42 in Z-axis Top Plate-1
2026-08-17 21:02:21,680 INFO  ExportHelperExtension.cs: 1145 - Found 0 features of type [RefAxis] in Z-axis Top Plate-1
2026-08-17 21:02:21,680 INFO  ExportHelperExtension.cs: 1125 - Retrieving features of type [RefAxis] from Smooth Rod Clamp-3
2026-08-17 21:02:21,680 INFO  ExportHelperExtension.cs: 1136 - Found 27 in Smooth Rod Clamp-3
2026-08-17 21:02:21,681 INFO  ExportHelperExtension.cs: 1145 - Found 0 features of type [RefAxis] in Smooth Rod Clamp-3
2026-08-17 21:02:21,681 INFO  ExportHelperExtension.cs: 1125 - Retrieving features of type [RefAxis] from Smooth Rod Clamp-5
2026-08-17 21:02:21,681 INFO  ExportHelperExtension.cs: 1136 - Found 27 in Smooth Rod Clamp-5
2026-08-17 21:02:21,682 INFO  ExportHelperExtension.cs: 1145 - Found 0 features of type [RefAxis] in Smooth Rod Clamp-5
2026-08-17 21:02:21,682 INFO  ExportHelperExtension.cs: 1125 - Retrieving features of type [RefAxis] from Smooth Rod Clamp-2
2026-08-17 21:02:21,683 INFO  ExportHelperExtension.cs: 1136 - Found 27 in Smooth Rod Clamp-2
2026-08-17 21:02:21,683 INFO  ExportHelperExtension.cs: 1145 - Found 0 features of type [RefAxis] in Smooth Rod Clamp-2
2026-08-17 21:02:21,684 INFO  ExportHelperExtension.cs: 1125 - Retrieving features of type [RefAxis] from Lead Screw D8mm L380mm-1
2026-08-17 21:02:21,684 INFO  ExportHelperExtension.cs: 1136 - Found 26 in Lead Screw D8mm L380mm-1
2026-08-17 21:02:21,684 INFO  ExportHelperExtension.cs: 1145 - Found 0 features of type [RefAxis] in Lead Screw D8mm L380mm-1
2026-08-17 21:02:21,685 INFO  ExportHelperExtension.cs: 1125 - Retrieving features of type [RefAxis] from Stepper NEMA 17 -  20mm shaft-2
2026-08-17 21:02:21,685 INFO  ExportHelperExtension.cs: 1136 - Found 36 in Stepper NEMA 17 -  20mm shaft-2
2026-08-17 21:02:21,685 INFO  ExportHelperExtension.cs: 1145 - Found 0 features of type [RefAxis] in Stepper NEMA 17 -  20mm shaft-2
2026-08-17 21:02:21,686 INFO  ExportHelperExtension.cs: 1125 - Retrieving features of type [RefAxis] from Ball Bearing 608 - 8x22x7mm-4
2026-08-17 21:02:21,686 INFO  ExportHelperExtension.cs: 1136 - Found 30 in Ball Bearing 608 - 8x22x7mm-4
2026-08-17 21:02:21,687 INFO  ExportHelperExtension.cs: 1145 - Found 0 features of type [RefAxis] in Ball Bearing 608 - 8x22x7mm-4
2026-08-17 21:02:21,687 INFO  ExportHelperExtension.cs: 1125 - Retrieving features of type [RefAxis] from Arm 1-1
2026-08-17 21:02:21,688 INFO  ExportHelperExtension.cs: 1136 - Found 61 in Arm 1-1
2026-08-17 21:02:21,688 INFO  ExportHelperExtension.cs: 1145 - Found 0 features of type [RefAxis] in Arm 1-1
2026-08-17 21:02:21,689 INFO  ExportHelperExtension.cs: 1125 - Retrieving features of type [RefAxis] from Ball Bearing 608 - 8x22x7mm-5
2026-08-17 21:02:21,690 INFO  ExportHelperExtension.cs: 1136 - Found 30 in Ball Bearing 608 - 8x22x7mm-5
2026-08-17 21:02:21,690 INFO  ExportHelperExtension.cs: 1145 - Found 0 features of type [RefAxis] in Ball Bearing 608 - 8x22x7mm-5
2026-08-17 21:02:21,691 INFO  ExportHelperExtension.cs: 1125 - Retrieving features of type [RefAxis] from J2 Coupler-1
2026-08-17 21:02:21,691 INFO  ExportHelperExtension.cs: 1136 - Found 45 in J2 Coupler-1
2026-08-17 21:02:21,692 INFO  ExportHelperExtension.cs: 1145 - Found 0 features of type [RefAxis] in J2 Coupler-1
2026-08-17 21:02:21,692 INFO  ExportHelperExtension.cs: 1125 - Retrieving features of type [RefAxis] from GT2 Pulley - 92 teeth - J2-1
2026-08-17 21:02:21,693 INFO  ExportHelperExtension.cs: 1136 - Found 41 in GT2 Pulley - 92 teeth - J2-1
2026-08-17 21:02:21,694 INFO  ExportHelperExtension.cs: 1145 - Found 0 features of type [RefAxis] in GT2 Pulley - 92 teeth - J2-1
2026-08-17 21:02:21,694 INFO  ExportHelperExtension.cs: 1125 - Retrieving features of type [RefAxis] from GT2 Pulley - 23 - 80 teeth-1
2026-08-17 21:02:21,695 INFO  ExportHelperExtension.cs: 1136 - Found 45 in GT2 Pulley - 23 - 80 teeth-1
2026-08-17 21:02:21,695 INFO  ExportHelperExtension.cs: 1145 - Found 0 features of type [RefAxis] in GT2 Pulley - 23 - 80 teeth-1
2026-08-17 21:02:21,696 INFO  ExportHelperExtension.cs: 1125 - Retrieving features of type [RefAxis] from Ball Bearing 30x42x7mm-1
2026-08-17 21:02:21,696 INFO  ExportHelperExtension.cs: 1136 - Found 30 in Ball Bearing 30x42x7mm-1
2026-08-17 21:02:21,697 INFO  ExportHelperExtension.cs: 1145 - Found 0 features of type [RefAxis] in Ball Bearing 30x42x7mm-1
2026-08-17 21:02:21,697 INFO  ExportHelperExtension.cs: 1125 - Retrieving features of type [RefAxis] from Thrust Bearing 35x52x12mm-2
2026-08-17 21:02:21,698 INFO  ExportHelperExtension.cs: 1136 - Found 39 in Thrust Bearing 35x52x12mm-2
2026-08-17 21:02:21,698 INFO  ExportHelperExtension.cs: 1145 - Found 0 features of type [RefAxis] in Thrust Bearing 35x52x12mm-2
2026-08-17 21:02:21,698 INFO  ExportHelperExtension.cs: 1125 - Retrieving features of type [RefAxis] from Stepper NEMA 17 -  20mm shaft-3
2026-08-17 21:02:21,699 INFO  ExportHelperExtension.cs: 1136 - Found 36 in Stepper NEMA 17 -  20mm shaft-3
2026-08-17 21:02:21,699 INFO  ExportHelperExtension.cs: 1145 - Found 0 features of type [RefAxis] in Stepper NEMA 17 -  20mm shaft-3
2026-08-17 21:02:21,700 INFO  ExportHelperExtension.cs: 1125 - Retrieving features of type [RefAxis] from Micro switch-1
2026-08-17 21:02:21,700 INFO  ExportHelperExtension.cs: 1136 - Found 36 in Micro switch-1
2026-08-17 21:02:21,701 INFO  ExportHelperExtension.cs: 1145 - Found 0 features of type [RefAxis] in Micro switch-1
2026-08-17 21:02:21,701 INFO  ExportHelperExtension.cs: 1125 - Retrieving features of type [RefAxis] from Linear Bearing 10x19x29mm-6
2026-08-17 21:02:21,701 INFO  ExportHelperExtension.cs: 1136 - Found 30 in Linear Bearing 10x19x29mm-6
2026-08-17 21:02:21,702 INFO  ExportHelperExtension.cs: 1145 - Found 0 features of type [RefAxis] in Linear Bearing 10x19x29mm-6
2026-08-17 21:02:21,702 INFO  ExportHelperExtension.cs: 1125 - Retrieving features of type [RefAxis] from Linear Bearing 10x19x29mm-1
2026-08-17 21:02:21,703 INFO  ExportHelperExtension.cs: 1136 - Found 30 in Linear Bearing 10x19x29mm-1
2026-08-17 21:02:21,703 INFO  ExportHelperExtension.cs: 1145 - Found 0 features of type [RefAxis] in Linear Bearing 10x19x29mm-1
2026-08-17 21:02:21,703 INFO  ExportHelperExtension.cs: 1125 - Retrieving features of type [RefAxis] from Arm 2-1
2026-08-17 21:02:21,704 INFO  ExportHelperExtension.cs: 1136 - Found 53 in Arm 2-1
2026-08-17 21:02:21,705 INFO  ExportHelperExtension.cs: 1145 - Found 0 features of type [RefAxis] in Arm 2-1
2026-08-17 21:02:21,705 INFO  ExportHelperExtension.cs: 1125 - Retrieving features of type [RefAxis] from M8 Washer-3
2026-08-17 21:02:21,705 INFO  ExportHelperExtension.cs: 1136 - Found 25 in M8 Washer-3
2026-08-17 21:02:21,706 INFO  ExportHelperExtension.cs: 1145 - Found 0 features of type [RefAxis] in M8 Washer-3
2026-08-17 21:02:21,706 INFO  ExportHelperExtension.cs: 1125 - Retrieving features of type [RefAxis] from Arm 2 Cover-1
2026-08-17 21:02:21,707 INFO  ExportHelperExtension.cs: 1136 - Found 45 in Arm 2 Cover-1
2026-08-17 21:02:21,707 INFO  ExportHelperExtension.cs: 1145 - Found 0 features of type [RefAxis] in Arm 2 Cover-1
2026-08-17 21:02:21,707 INFO  ExportHelperExtension.cs: 1125 - Retrieving features of type [RefAxis] from GT2 Pulley - Parametric-3
2026-08-17 21:02:21,708 INFO  ExportHelperExtension.cs: 1136 - Found 35 in GT2 Pulley - Parametric-3
2026-08-17 21:02:21,708 INFO  ExportHelperExtension.cs: 1145 - Found 0 features of type [RefAxis] in GT2 Pulley - Parametric-3
2026-08-17 21:02:21,708 INFO  ExportHelperExtension.cs: 1125 - Retrieving features of type [RefAxis] from Micro switch-4
2026-08-17 21:02:21,709 INFO  ExportHelperExtension.cs: 1136 - Found 36 in Micro switch-4
2026-08-17 21:02:21,709 INFO  ExportHelperExtension.cs: 1145 - Found 0 features of type [RefAxis] in Micro switch-4
2026-08-17 21:02:21,710 INFO  ExportHelperExtension.cs: 1125 - Retrieving features of type [RefAxis] from Linear Bearing 10x19x29mm-3
2026-08-17 21:02:21,710 INFO  ExportHelperExtension.cs: 1136 - Found 30 in Linear Bearing 10x19x29mm-3
2026-08-17 21:02:21,711 INFO  ExportHelperExtension.cs: 1145 - Found 0 features of type [RefAxis] in Linear Bearing 10x19x29mm-3
2026-08-17 21:02:21,711 INFO  ExportHelperExtension.cs: 1125 - Retrieving features of type [RefAxis] from GT2 Pulley - Parametric-2
2026-08-17 21:02:21,711 INFO  ExportHelperExtension.cs: 1136 - Found 35 in GT2 Pulley - Parametric-2
2026-08-17 21:02:21,712 INFO  ExportHelperExtension.cs: 1145 - Found 0 features of type [RefAxis] in GT2 Pulley - Parametric-2
2026-08-17 21:02:21,712 INFO  ExportHelperExtension.cs: 1125 - Retrieving features of type [RefAxis] from Linear Bearing 10x19x29mm-2
2026-08-17 21:02:21,712 INFO  ExportHelperExtension.cs: 1136 - Found 30 in Linear Bearing 10x19x29mm-2
2026-08-17 21:02:21,713 INFO  ExportHelperExtension.cs: 1145 - Found 0 features of type [RefAxis] in Linear Bearing 10x19x29mm-2
2026-08-17 21:02:21,713 INFO  ExportHelperExtension.cs: 1125 - Retrieving features of type [RefAxis] from NEMA 17 Stepper L24mm - 20mm shaft-1
2026-08-17 21:02:21,714 INFO  ExportHelperExtension.cs: 1136 - Found 36 in NEMA 17 Stepper L24mm - 20mm shaft-1
2026-08-17 21:02:21,714 INFO  ExportHelperExtension.cs: 1145 - Found 0 features of type [RefAxis] in NEMA 17 Stepper L24mm - 20mm shaft-1
2026-08-17 21:02:21,714 INFO  ExportHelperExtension.cs: 1125 - Retrieving features of type [RefAxis] from Ball Bearing 30x42x7mm-2
2026-08-17 21:02:21,715 INFO  ExportHelperExtension.cs: 1136 - Found 30 in Ball Bearing 30x42x7mm-2
2026-08-17 21:02:21,715 INFO  ExportHelperExtension.cs: 1145 - Found 0 features of type [RefAxis] in Ball Bearing 30x42x7mm-2
2026-08-17 21:02:21,716 INFO  ExportHelperExtension.cs: 1125 - Retrieving features of type [RefAxis] from Thrust Bearing 35x52x12mm-3
2026-08-17 21:02:21,716 INFO  ExportHelperExtension.cs: 1136 - Found 39 in Thrust Bearing 35x52x12mm-3
2026-08-17 21:02:21,716 INFO  ExportHelperExtension.cs: 1145 - Found 0 features of type [RefAxis] in Thrust Bearing 35x52x12mm-3
2026-08-17 21:02:21,717 INFO  ExportHelperExtension.cs: 1125 - Retrieving features of type [RefAxis] from Thrust Bearing 35x52x12mm-4
2026-08-17 21:02:21,717 INFO  ExportHelperExtension.cs: 1136 - Found 39 in Thrust Bearing 35x52x12mm-4
2026-08-17 21:02:21,718 INFO  ExportHelperExtension.cs: 1145 - Found 0 features of type [RefAxis] in Thrust Bearing 35x52x12mm-4
2026-08-17 21:02:21,718 INFO  ExportHelperExtension.cs: 1125 - Retrieving features of type [RefAxis] from GT2 Pulley - 90 teeth - J3-1
2026-08-17 21:02:21,718 INFO  ExportHelperExtension.cs: 1136 - Found 41 in GT2 Pulley - 90 teeth - J3-1
2026-08-17 21:02:21,729 INFO  ExportHelperExtension.cs: 1145 - Found 0 features of type [RefAxis] in GT2 Pulley - 90 teeth - J3-1
2026-08-17 21:02:21,730 INFO  ExportHelperExtension.cs: 1125 - Retrieving features of type [RefAxis] from J3 Coupler-1
2026-08-17 21:02:21,748 INFO  ExportHelperExtension.cs: 1136 - Found 45 in J3 Coupler-1
2026-08-17 21:02:21,749 INFO  ExportHelperExtension.cs: 1145 - Found 0 features of type [RefAxis] in J3 Coupler-1
2026-08-17 21:02:21,749 INFO  ExportHelperExtension.cs: 1125 - Retrieving features of type [RefAxis] from Micro switch-3
2026-08-17 21:02:21,750 INFO  ExportHelperExtension.cs: 1136 - Found 36 in Micro switch-3
2026-08-17 21:02:21,751 INFO  ExportHelperExtension.cs: 1145 - Found 0 features of type [RefAxis] in Micro switch-3
2026-08-17 21:02:21,751 INFO  ExportHelperExtension.cs: 1125 - Retrieving features of type [RefAxis] from Lead Screw Nut 8mm-1
2026-08-17 21:02:21,752 INFO  ExportHelperExtension.cs: 1136 - Found 31 in Lead Screw Nut 8mm-1
2026-08-17 21:02:21,753 INFO  ExportHelperExtension.cs: 1145 - Found 0 features of type [RefAxis] in Lead Screw Nut 8mm-1
2026-08-17 21:02:21,753 INFO  ExportHelperExtension.cs: 1125 - Retrieving features of type [RefAxis] from Gripper Mechanism-1
2026-08-17 21:02:21,755 INFO  ExportHelperExtension.cs: 1136 - Found 98 in Gripper Mechanism-1
2026-08-17 21:02:21,755 INFO  ExportHelperExtension.cs: 1145 - Found 0 features of type [RefAxis] in Gripper Mechanism-1
2026-08-17 21:02:21,756 INFO  ExportHelperExtension.cs: 1125 - Retrieving features of type [RefAxis] from Arm 1 Cover-1
2026-08-17 21:02:21,756 INFO  ExportHelperExtension.cs: 1136 - Found 34 in Arm 1 Cover-1
2026-08-17 21:02:21,757 INFO  ExportHelperExtension.cs: 1145 - Found 1 features of type [RefAxis] in Arm 1 Cover-1
2026-08-17 21:02:21,758 INFO  ExportHelperExtension.cs: 1125 - Retrieving features of type [RefAxis] from Micro switch-5
2026-08-17 21:02:21,759 INFO  ExportHelperExtension.cs: 1136 - Found 36 in Micro switch-5
2026-08-17 21:02:21,759 INFO  ExportHelperExtension.cs: 1145 - Found 0 features of type [RefAxis] in Micro switch-5
2026-08-17 21:02:21,759 INFO  ExportHelperExtension.cs: 1125 - Retrieving features of type [RefAxis] from Ball Bearing 35x47x7mm-1
2026-08-17 21:02:21,760 INFO  ExportHelperExtension.cs: 1136 - Found 30 in Ball Bearing 35x47x7mm-1
2026-08-17 21:02:21,760 INFO  ExportHelperExtension.cs: 1145 - Found 0 features of type [RefAxis] in Ball Bearing 35x47x7mm-1
2026-08-17 21:02:21,761 INFO  ExportHelperExtension.cs: 1125 - Retrieving features of type [RefAxis] from GT2 Belt 300mm 2-1
2026-08-17 21:02:21,761 INFO  ExportHelperExtension.cs: 1136 - Found 25 in GT2 Belt 300mm 2-1
2026-08-17 21:02:21,762 INFO  ExportHelperExtension.cs: 1145 - Found 0 features of type [RefAxis] in GT2 Belt 300mm 2-1
2026-08-17 21:02:21,762 INFO  ExportHelperExtension.cs: 1125 - Retrieving features of type [RefAxis] from Top cover-1
2026-08-17 21:02:21,762 INFO  ExportHelperExtension.cs: 1136 - Found 40 in Top cover-1
2026-08-17 21:02:21,763 INFO  ExportHelperExtension.cs: 1145 - Found 0 features of type [RefAxis] in Top cover-1
2026-08-17 21:02:21,763 INFO  ExportHelperExtension.cs: 1125 - Retrieving features of type [RefAxis] from GT2 Belt 400mm 2-1
2026-08-17 21:02:21,764 INFO  ExportHelperExtension.cs: 1136 - Found 25 in GT2 Belt 400mm 2-1
2026-08-17 21:02:21,764 INFO  ExportHelperExtension.cs: 1145 - Found 0 features of type [RefAxis] in GT2 Belt 400mm 2-1
2026-08-17 21:02:21,764 INFO  ExportHelperExtension.cs: 1125 - Retrieving features of type [RefAxis] from Base cover-1
2026-08-17 21:02:21,765 INFO  ExportHelperExtension.cs: 1136 - Found 29 in Base cover-1
2026-08-17 21:02:21,765 INFO  ExportHelperExtension.cs: 1145 - Found 0 features of type [RefAxis] in Base cover-1
2026-08-17 21:02:21,766 INFO  ExportHelperExtension.cs: 1125 - Retrieving features of type [RefAxis] from Arduino UNO case p1-1
2026-08-17 21:02:21,766 INFO  ExportHelperExtension.cs: 1136 - Found 41 in Arduino UNO case p1-1
2026-08-17 21:02:21,767 INFO  ExportHelperExtension.cs: 1145 - Found 0 features of type [RefAxis] in Arduino UNO case p1-1
2026-08-17 21:02:21,768 INFO  ExportHelperExtension.cs: 1125 - Retrieving features of type [RefAxis] from GT2 Belt 400mm-1
2026-08-17 21:02:21,768 INFO  ExportHelperExtension.cs: 1136 - Found 25 in GT2 Belt 400mm-1
2026-08-17 21:02:21,769 INFO  ExportHelperExtension.cs: 1145 - Found 0 features of type [RefAxis] in GT2 Belt 400mm-1
2026-08-17 21:02:21,770 INFO  ExportHelperExtension.cs: 1125 - Retrieving features of type [RefAxis] from GT2 Belt 200mm-1
2026-08-17 21:02:21,771 INFO  ExportHelperExtension.cs: 1136 - Found 25 in GT2 Belt 200mm-1
2026-08-17 21:02:21,772 INFO  ExportHelperExtension.cs: 1145 - Found 0 features of type [RefAxis] in GT2 Belt 200mm-1
2026-08-17 21:02:21,772 INFO  ExportHelperExtension.cs: 1125 - Retrieving features of type [RefAxis] from M4 Lock nut-4
2026-08-17 21:02:21,773 INFO  ExportHelperExtension.cs: 1136 - Found 36 in M4 Lock nut-4
2026-08-17 21:02:21,775 INFO  ExportHelperExtension.cs: 1145 - Found 0 features of type [RefAxis] in M4 Lock nut-4
2026-08-17 21:02:21,775 INFO  ExportHelperExtension.cs: 1125 - Retrieving features of type [RefAxis] from Arduino UNO case p2-1
2026-08-17 21:02:21,776 INFO  ExportHelperExtension.cs: 1136 - Found 39 in Arduino UNO case p2-1
2026-08-17 21:02:21,776 INFO  ExportHelperExtension.cs: 1145 - Found 0 features of type [RefAxis] in Arduino UNO case p2-1
2026-08-17 21:02:21,777 INFO  ExportHelperExtension.cs: 1125 - Retrieving features of type [RefAxis] from GT2 Belt 300mm-1
2026-08-17 21:02:21,777 INFO  ExportHelperExtension.cs: 1136 - Found 25 in GT2 Belt 300mm-1
2026-08-17 21:02:21,778 INFO  ExportHelperExtension.cs: 1145 - Found 0 features of type [RefAxis] in GT2 Belt 300mm-1
2026-08-17 21:02:21,779 INFO  ExportHelperExtension.cs: 1125 - Retrieving features of type [RefAxis] from M8 Lock nut-1
2026-08-17 21:02:21,780 INFO  ExportHelperExtension.cs: 1136 - Found 36 in M8 Lock nut-1
2026-08-17 21:02:21,781 INFO  ExportHelperExtension.cs: 1145 - Found 0 features of type [RefAxis] in M8 Lock nut-1
2026-08-17 21:02:21,781 INFO  ExportHelperExtension.cs: 1125 - Retrieving features of type [RefAxis] from M4 Lock nut-1
2026-08-17 21:02:21,781 INFO  ExportHelperExtension.cs: 1136 - Found 36 in M4 Lock nut-1
2026-08-17 21:02:21,782 INFO  ExportHelperExtension.cs: 1145 - Found 0 features of type [RefAxis] in M4 Lock nut-1
2026-08-17 21:02:21,783 INFO  ExportHelperExtension.cs: 1125 - Retrieving features of type [RefAxis] from M8 45mm - Bolts-1
2026-08-17 21:02:21,784 INFO  ExportHelperExtension.cs: 1136 - Found 36 in M8 45mm - Bolts-1
2026-08-17 21:02:21,785 INFO  ExportHelperExtension.cs: 1145 - Found 0 features of type [RefAxis] in M8 45mm - Bolts-1
2026-08-17 21:02:21,786 INFO  ExportHelperExtension.cs: 1125 - Retrieving features of type [RefAxis] from M4 Lock nut-2
2026-08-17 21:02:21,787 INFO  ExportHelperExtension.cs: 1136 - Found 36 in M4 Lock nut-2
2026-08-17 21:02:21,787 INFO  ExportHelperExtension.cs: 1145 - Found 0 features of type [RefAxis] in M4 Lock nut-2
2026-08-17 21:02:21,788 INFO  ExportHelperExtension.cs: 1125 - Retrieving features of type [RefAxis] from M4 Lock nut-3
2026-08-17 21:02:21,788 INFO  ExportHelperExtension.cs: 1136 - Found 36 in M4 Lock nut-3
2026-08-17 21:02:21,789 INFO  ExportHelperExtension.cs: 1145 - Found 0 features of type [RefAxis] in M4 Lock nut-3
2026-08-17 21:02:21,790 INFO  ExportHelperExtension.cs: 1125 - Retrieving features of type [RefAxis] from M8 Lock nut-3
2026-08-17 21:02:21,791 INFO  ExportHelperExtension.cs: 1136 - Found 36 in M8 Lock nut-3
2026-08-17 21:02:21,791 INFO  ExportHelperExtension.cs: 1145 - Found 0 features of type [RefAxis] in M8 Lock nut-3
2026-08-17 21:02:21,791 INFO  ExportHelperExtension.cs: 1125 - Retrieving features of type [RefAxis] from M4 60mm - Bolts-3
2026-08-17 21:02:21,792 INFO  ExportHelperExtension.cs: 1136 - Found 36 in M4 60mm - Bolts-3
2026-08-17 21:02:21,793 INFO  ExportHelperExtension.cs: 1145 - Found 0 features of type [RefAxis] in M4 60mm - Bolts-3
2026-08-17 21:02:21,794 INFO  ExportHelperExtension.cs: 1125 - Retrieving features of type [RefAxis] from M8 45mm - Bolts-3
2026-08-17 21:02:21,795 INFO  ExportHelperExtension.cs: 1136 - Found 36 in M8 45mm - Bolts-3
2026-08-17 21:02:21,796 INFO  ExportHelperExtension.cs: 1145 - Found 0 features of type [RefAxis] in M8 45mm - Bolts-3
2026-08-17 21:02:21,797 INFO  ExportHelperExtension.cs: 1125 - Retrieving features of type [RefAxis] from M4 Lock nut-7
2026-08-17 21:02:21,797 INFO  ExportHelperExtension.cs: 1136 - Found 36 in M4 Lock nut-7
2026-08-17 21:02:21,798 INFO  ExportHelperExtension.cs: 1145 - Found 0 features of type [RefAxis] in M4 Lock nut-7
2026-08-17 21:02:21,798 INFO  ExportHelperExtension.cs: 1125 - Retrieving features of type [RefAxis] from M4 Lock nut-5
2026-08-17 21:02:21,799 INFO  ExportHelperExtension.cs: 1136 - Found 36 in M4 Lock nut-5
2026-08-17 21:02:21,799 INFO  ExportHelperExtension.cs: 1145 - Found 0 features of type [RefAxis] in M4 Lock nut-5
2026-08-17 21:02:21,800 INFO  ExportHelperExtension.cs: 1125 - Retrieving features of type [RefAxis] from M4 50mm - Bolts-3
2026-08-17 21:02:21,800 INFO  ExportHelperExtension.cs: 1136 - Found 36 in M4 50mm - Bolts-3
2026-08-17 21:02:21,801 INFO  ExportHelperExtension.cs: 1145 - Found 0 features of type [RefAxis] in M4 50mm - Bolts-3
2026-08-17 21:02:21,802 INFO  ExportHelperExtension.cs: 1125 - Retrieving features of type [RefAxis] from M4 60mm - Bolts-4
2026-08-17 21:02:21,803 INFO  ExportHelperExtension.cs: 1136 - Found 36 in M4 60mm - Bolts-4
2026-08-17 21:02:21,804 INFO  ExportHelperExtension.cs: 1145 - Found 0 features of type [RefAxis] in M4 60mm - Bolts-4
2026-08-17 21:02:21,804 INFO  ExportHelperExtension.cs: 1125 - Retrieving features of type [RefAxis] from M4 60mm - Bolts-1
2026-08-17 21:02:21,804 INFO  ExportHelperExtension.cs: 1136 - Found 36 in M4 60mm - Bolts-1
2026-08-17 21:02:21,805 INFO  ExportHelperExtension.cs: 1145 - Found 0 features of type [RefAxis] in M4 60mm - Bolts-1
2026-08-17 21:02:21,806 INFO  ExportHelperExtension.cs: 1125 - Retrieving features of type [RefAxis] from M4 60mm - Bolts-2
2026-08-17 21:02:21,807 INFO  ExportHelperExtension.cs: 1136 - Found 36 in M4 60mm - Bolts-2
2026-08-17 21:02:21,808 INFO  ExportHelperExtension.cs: 1145 - Found 0 features of type [RefAxis] in M4 60mm - Bolts-2
2026-08-17 21:02:21,808 INFO  ExportHelperExtension.cs: 1125 - Retrieving features of type [RefAxis] from M4 50mm - Bolts-4
2026-08-17 21:02:21,808 INFO  ExportHelperExtension.cs: 1136 - Found 36 in M4 50mm - Bolts-4
2026-08-17 21:02:21,809 INFO  ExportHelperExtension.cs: 1145 - Found 0 features of type [RefAxis] in M4 50mm - Bolts-4
2026-08-17 21:02:21,809 INFO  ExportHelperExtension.cs: 1125 - Retrieving features of type [RefAxis] from M4 50mm - Bolts-2
2026-08-17 21:02:21,809 INFO  ExportHelperExtension.cs: 1136 - Found 36 in M4 50mm - Bolts-2
2026-08-17 21:02:21,810 INFO  ExportHelperExtension.cs: 1145 - Found 0 features of type [RefAxis] in M4 50mm - Bolts-2
2026-08-17 21:02:21,811 INFO  ExportHelperExtension.cs: 1125 - Retrieving features of type [RefAxis] from M4 Lock nut-6
2026-08-17 21:02:21,812 INFO  ExportHelperExtension.cs: 1136 - Found 36 in M4 Lock nut-6
2026-08-17 21:02:21,813 INFO  ExportHelperExtension.cs: 1145 - Found 0 features of type [RefAxis] in M4 Lock nut-6
2026-08-17 21:02:21,813 INFO  ExportHelperExtension.cs: 1125 - Retrieving features of type [RefAxis] from M4 50mm - Bolts-1
2026-08-17 21:02:21,813 INFO  ExportHelperExtension.cs: 1136 - Found 36 in M4 50mm - Bolts-1
2026-08-17 21:02:21,814 INFO  ExportHelperExtension.cs: 1145 - Found 0 features of type [RefAxis] in M4 50mm - Bolts-1
2026-08-17 21:02:21,815 INFO  ExportHelperExtension.cs: 1125 - Retrieving features of type [RefAxis] from M4 Lock nut-8
2026-08-17 21:02:21,816 INFO  ExportHelperExtension.cs: 1136 - Found 36 in M4 Lock nut-8
2026-08-17 21:02:21,816 INFO  ExportHelperExtension.cs: 1145 - Found 0 features of type [RefAxis] in M4 Lock nut-8
2026-08-17 21:02:21,817 INFO  ExportHelperExtension.cs: 1125 - Retrieving features of type [RefAxis] from Ball Bearing 608 - 8x22x7mm-3
2026-08-17 21:02:21,817 INFO  ExportHelperExtension.cs: 1136 - Found 30 in Ball Bearing 608 - 8x22x7mm-3
2026-08-17 21:02:21,817 INFO  ExportHelperExtension.cs: 1145 - Found 0 features of type [RefAxis] in Ball Bearing 608 - 8x22x7mm-3
2026-08-17 21:02:21,818 INFO  ExportHelperExtension.cs: 1125 - Retrieving features of type [RefAxis] from GT2 Pulley - 22 - 80 teeth-2
2026-08-17 21:02:21,818 INFO  ExportHelperExtension.cs: 1136 - Found 45 in GT2 Pulley - 22 - 80 teeth-2
2026-08-17 21:02:21,819 INFO  ExportHelperExtension.cs: 1145 - Found 0 features of type [RefAxis] in GT2 Pulley - 22 - 80 teeth-2
2026-08-17 21:02:21,820 INFO  ExportHelperExtension.cs: 1125 - Retrieving features of type [RefAxis] from Base-1
2026-08-17 21:02:21,821 INFO  ExportHelperExtension.cs: 1136 - Found 80 in Base-1
2026-08-17 21:02:21,822 INFO  ExportHelperExtension.cs: 1145 - Found 0 features of type [RefAxis] in Base-1
2026-08-17 21:02:21,823 INFO  ExportHelperExtension.cs: 1125 - Retrieving features of type [RefAxis] from Thrust Bearing - 40x60x13-4
2026-08-17 21:02:21,824 INFO  ExportHelperExtension.cs: 1136 - Found 39 in Thrust Bearing - 40x60x13-4
2026-08-17 21:02:21,825 INFO  ExportHelperExtension.cs: 1145 - Found 0 features of type [RefAxis] in Thrust Bearing - 40x60x13-4
2026-08-17 21:02:21,826 INFO  ExportHelperExtension.cs: 1125 - Retrieving features of type [RefAxis] from Ball Bearing 608 - 8x22x7mm-2
2026-08-17 21:02:21,826 INFO  ExportHelperExtension.cs: 1136 - Found 30 in Ball Bearing 608 - 8x22x7mm-2
2026-08-17 21:02:21,827 INFO  ExportHelperExtension.cs: 1145 - Found 0 features of type [RefAxis] in Ball Bearing 608 - 8x22x7mm-2
2026-08-17 21:02:21,828 INFO  ExportHelperExtension.cs: 1125 - Retrieving features of type [RefAxis] from Stepper NEMA 17 -  20mm shaft-1
2026-08-17 21:02:21,828 INFO  ExportHelperExtension.cs: 1136 - Found 36 in Stepper NEMA 17 -  20mm shaft-1
2026-08-17 21:02:21,828 INFO  ExportHelperExtension.cs: 1145 - Found 0 features of type [RefAxis] in Stepper NEMA 17 -  20mm shaft-1
2026-08-17 21:02:21,829 INFO  ExportHelperExtension.cs: 1125 - Retrieving features of type [RefAxis] from Thrust Bearing - 40x60x13-3
2026-08-17 21:02:21,830 INFO  ExportHelperExtension.cs: 1136 - Found 39 in Thrust Bearing - 40x60x13-3
2026-08-17 21:02:21,831 INFO  ExportHelperExtension.cs: 1145 - Found 0 features of type [RefAxis] in Thrust Bearing - 40x60x13-3
2026-08-17 21:02:21,831 INFO  ExportHelperExtension.cs: 1125 - Retrieving features of type [RefAxis] from GT2 Pulley - 110 teeth - J1-2
2026-08-17 21:02:21,832 INFO  ExportHelperExtension.cs: 1136 - Found 41 in GT2 Pulley - 110 teeth - J1-2
2026-08-17 21:02:21,833 INFO  ExportHelperExtension.cs: 1145 - Found 0 features of type [RefAxis] in GT2 Pulley - 110 teeth - J1-2
2026-08-17 21:02:21,834 INFO  ExportHelperExtension.cs: 1125 - Retrieving features of type [RefAxis] from Smooth Rod D10mm L400mm-3
2026-08-17 21:02:21,834 INFO  ExportHelperExtension.cs: 1136 - Found 25 in Smooth Rod D10mm L400mm-3
2026-08-17 21:02:21,834 INFO  ExportHelperExtension.cs: 1145 - Found 0 features of type [RefAxis] in Smooth Rod D10mm L400mm-3
2026-08-17 21:02:21,835 INFO  ExportHelperExtension.cs: 1125 - Retrieving features of type [RefAxis] from Smooth Rod Clamp-1
2026-08-17 21:02:21,836 INFO  ExportHelperExtension.cs: 1136 - Found 27 in Smooth Rod Clamp-1
2026-08-17 21:02:21,837 INFO  ExportHelperExtension.cs: 1145 - Found 0 features of type [RefAxis] in Smooth Rod Clamp-1
2026-08-17 21:02:21,837 INFO  ExportHelperExtension.cs: 1125 - Retrieving features of type [RefAxis] from Smooth Rod D10mm L400mm-4
2026-08-17 21:02:21,838 INFO  ExportHelperExtension.cs: 1136 - Found 25 in Smooth Rod D10mm L400mm-4
2026-08-17 21:02:21,838 INFO  ExportHelperExtension.cs: 1145 - Found 0 features of type [RefAxis] in Smooth Rod D10mm L400mm-4
2026-08-17 21:02:21,838 INFO  ExportHelperExtension.cs: 1125 - Retrieving features of type [RefAxis] from M8 Washer-2
2026-08-17 21:02:21,839 INFO  ExportHelperExtension.cs: 1136 - Found 25 in M8 Washer-2
2026-08-17 21:02:21,840 INFO  ExportHelperExtension.cs: 1145 - Found 0 features of type [RefAxis] in M8 Washer-2
2026-08-17 21:02:21,841 INFO  ExportHelperExtension.cs: 1125 - Retrieving features of type [RefAxis] from Smooth Rod D10mm L400mm-2
2026-08-17 21:02:21,842 INFO  ExportHelperExtension.cs: 1136 - Found 25 in Smooth Rod D10mm L400mm-2
2026-08-17 21:02:21,843 INFO  ExportHelperExtension.cs: 1145 - Found 0 features of type [RefAxis] in Smooth Rod D10mm L400mm-2
2026-08-17 21:02:21,843 INFO  ExportHelperExtension.cs: 1125 - Retrieving features of type [RefAxis] from Smooth Rod D10mm L400mm-1
2026-08-17 21:02:21,843 INFO  ExportHelperExtension.cs: 1136 - Found 25 in Smooth Rod D10mm L400mm-1
2026-08-17 21:02:21,844 INFO  ExportHelperExtension.cs: 1145 - Found 0 features of type [RefAxis] in Smooth Rod D10mm L400mm-1
2026-08-17 21:02:21,844 INFO  ExportHelperExtension.cs: 1125 - Retrieving features of type [RefAxis] from J1 coupler-1
2026-08-17 21:02:21,845 INFO  ExportHelperExtension.cs: 1136 - Found 48 in J1 coupler-1
2026-08-17 21:02:21,846 INFO  ExportHelperExtension.cs: 1145 - Found 0 features of type [RefAxis] in J1 coupler-1
2026-08-17 21:02:21,847 INFO  ExportHelperExtension.cs: 1125 - Retrieving features of type [RefAxis] from GT2 Pulley - Parametric-1
2026-08-17 21:02:21,848 INFO  ExportHelperExtension.cs: 1136 - Found 35 in GT2 Pulley - Parametric-1
2026-08-17 21:02:21,849 INFO  ExportHelperExtension.cs: 1145 - Found 0 features of type [RefAxis] in GT2 Pulley - Parametric-1
2026-08-17 21:02:21,850 INFO  ExportHelperExtension.cs: 1125 - Retrieving features of type [RefAxis] from Z-axis Bottom Plate-2
2026-08-17 21:02:21,850 INFO  ExportHelperExtension.cs: 1136 - Found 36 in Z-axis Bottom Plate-2
2026-08-17 21:02:21,857 INFO  ExportHelperExtension.cs: 1145 - Found 0 features of type [RefAxis] in Z-axis Bottom Plate-2
2026-08-17 21:02:21,920 INFO  SwAddin.cs: 339 - Loading config tree
2026-08-17 21:02:21,922 INFO  ExportPropertyManagerExtension.cs: 520 - Starting new configuration
2026-08-17 21:02:21,925 INFO  SwAddin.cs: 344 - Showing property manager
2026-08-17 21:03:25,839 INFO  ExportPropertyManager.cs: 1136 - OnNumberBoxTrackingCompleted called. This method no longer throws an Exception. It just silently does nothing. Ok, except for this logging message
2026-08-17 21:04:26,830 INFO  ExportPropertyManager.cs: 1018 - OnComboboxSelectionChanged called. This method no longer throws an Exception. It just silently does nothing. Ok, except for this logging message
2026-08-17 21:04:28,294 INFO  ExportPropertyManager.cs: 1136 - OnNumberBoxTrackingCompleted called. This method no longer throws an Exception. It just silently does nothing. Ok, except for this logging message
2026-08-17 21:05:41,214 INFO  ExportPropertyManager.cs: 1142 - AfterClose called. This method no longer throws an Exception. It just silently does nothing. Ok, except for this logging message
2026-08-17 21:05:55,448 INFO  SwAddin.cs: 294 - Assembly export called for file SCARA Robot With Controlled Motion
2026-08-17 21:05:56,811 INFO  SwAddin.cs: 313 - Saving assembly
2026-08-17 21:05:57,501 INFO  SwAddin.cs: 316 - Opening property manager
2026-08-17 21:05:57,502 INFO  ExportHelperExtension.cs: 1125 - Retrieving features of type [CoordSys] from SCARA Robot With Controlled Motion
2026-08-17 21:05:57,503 INFO  ExportHelperExtension.cs: 1136 - Found 331 in SCARA Robot With Controlled Motion
2026-08-17 21:05:57,506 INFO  ExportHelperExtension.cs: 1145 - Found 0 features of type [CoordSys] in SCARA Robot With Controlled Motion
2026-08-17 21:05:57,506 INFO  ExportHelperExtension.cs: 1148 - Proceeding through assembly components
2026-08-17 21:05:57,508 INFO  ExportHelperExtension.cs: 1160 - 91 components to check
2026-08-17 21:05:57,509 INFO  ExportHelperExtension.cs: 1125 - Retrieving features of type [CoordSys] from Smooth Rod Clamp-7
2026-08-17 21:05:57,509 INFO  ExportHelperExtension.cs: 1136 - Found 27 in Smooth Rod Clamp-7
2026-08-17 21:05:57,510 INFO  ExportHelperExtension.cs: 1145 - Found 0 features of type [CoordSys] in Smooth Rod Clamp-7
2026-08-17 21:05:57,511 INFO  ExportHelperExtension.cs: 1125 - Retrieving features of type [CoordSys] from Smooth Rod Clamp-8
2026-08-17 21:05:57,512 INFO  ExportHelperExtension.cs: 1136 - Found 27 in Smooth Rod Clamp-8
2026-08-17 21:05:57,512 INFO  ExportHelperExtension.cs: 1145 - Found 0 features of type [CoordSys] in Smooth Rod Clamp-8
2026-08-17 21:05:57,513 INFO  ExportHelperExtension.cs: 1125 - Retrieving features of type [CoordSys] from Smooth Rod Clamp-4
2026-08-17 21:05:57,514 INFO  ExportHelperExtension.cs: 1136 - Found 27 in Smooth Rod Clamp-4
2026-08-17 21:05:57,514 INFO  ExportHelperExtension.cs: 1145 - Found 0 features of type [CoordSys] in Smooth Rod Clamp-4
2026-08-17 21:05:57,515 INFO  ExportHelperExtension.cs: 1125 - Retrieving features of type [CoordSys] from Z-axis Mount Platform-1
2026-08-17 21:05:57,516 INFO  ExportHelperExtension.cs: 1136 - Found 44 in Z-axis Mount Platform-1
2026-08-17 21:05:57,517 INFO  ExportHelperExtension.cs: 1145 - Found 0 features of type [CoordSys] in Z-axis Mount Platform-1
2026-08-17 21:05:57,518 INFO  ExportHelperExtension.cs: 1125 - Retrieving features of type [CoordSys] from Smooth Rod Clamp-6
2026-08-17 21:05:57,518 INFO  ExportHelperExtension.cs: 1136 - Found 27 in Smooth Rod Clamp-6
2026-08-17 21:05:57,520 INFO  ExportHelperExtension.cs: 1145 - Found 0 features of type [CoordSys] in Smooth Rod Clamp-6
2026-08-17 21:05:57,520 INFO  ExportHelperExtension.cs: 1125 - Retrieving features of type [CoordSys] from Ball Bearing 608 - 8x22x7mm-6
2026-08-17 21:05:57,521 INFO  ExportHelperExtension.cs: 1136 - Found 30 in Ball Bearing 608 - 8x22x7mm-6
2026-08-17 21:05:57,522 INFO  ExportHelperExtension.cs: 1145 - Found 0 features of type [CoordSys] in Ball Bearing 608 - 8x22x7mm-6
2026-08-17 21:05:57,522 INFO  ExportHelperExtension.cs: 1125 - Retrieving features of type [CoordSys] from Thrust Bearing 35x52x12mm-1
2026-08-17 21:05:57,524 INFO  ExportHelperExtension.cs: 1136 - Found 39 in Thrust Bearing 35x52x12mm-1
2026-08-17 21:05:57,525 INFO  ExportHelperExtension.cs: 1145 - Found 0 features of type [CoordSys] in Thrust Bearing 35x52x12mm-1
2026-08-17 21:05:57,526 INFO  ExportHelperExtension.cs: 1125 - Retrieving features of type [CoordSys] from Z-axis Top Plate-1
2026-08-17 21:05:57,527 INFO  ExportHelperExtension.cs: 1136 - Found 42 in Z-axis Top Plate-1
2026-08-17 21:05:57,528 INFO  ExportHelperExtension.cs: 1145 - Found 0 features of type [CoordSys] in Z-axis Top Plate-1
2026-08-17 21:05:57,528 INFO  ExportHelperExtension.cs: 1125 - Retrieving features of type [CoordSys] from Smooth Rod Clamp-3
2026-08-17 21:05:57,529 INFO  ExportHelperExtension.cs: 1136 - Found 27 in Smooth Rod Clamp-3
2026-08-17 21:05:57,530 INFO  ExportHelperExtension.cs: 1145 - Found 0 features of type [CoordSys] in Smooth Rod Clamp-3
2026-08-17 21:05:57,530 INFO  ExportHelperExtension.cs: 1125 - Retrieving features of type [CoordSys] from Smooth Rod Clamp-5
2026-08-17 21:05:57,531 INFO  ExportHelperExtension.cs: 1136 - Found 27 in Smooth Rod Clamp-5
2026-08-17 21:05:57,532 INFO  ExportHelperExtension.cs: 1145 - Found 0 features of type [CoordSys] in Smooth Rod Clamp-5
2026-08-17 21:05:57,532 INFO  ExportHelperExtension.cs: 1125 - Retrieving features of type [CoordSys] from Smooth Rod Clamp-2
2026-08-17 21:05:57,533 INFO  ExportHelperExtension.cs: 1136 - Found 27 in Smooth Rod Clamp-2
2026-08-17 21:05:57,533 INFO  ExportHelperExtension.cs: 1145 - Found 0 features of type [CoordSys] in Smooth Rod Clamp-2
2026-08-17 21:05:57,534 INFO  ExportHelperExtension.cs: 1125 - Retrieving features of type [CoordSys] from Lead Screw D8mm L380mm-1
2026-08-17 21:05:57,535 INFO  ExportHelperExtension.cs: 1136 - Found 26 in Lead Screw D8mm L380mm-1
2026-08-17 21:05:57,535 INFO  ExportHelperExtension.cs: 1145 - Found 0 features of type [CoordSys] in Lead Screw D8mm L380mm-1
2026-08-17 21:05:57,536 INFO  ExportHelperExtension.cs: 1125 - Retrieving features of type [CoordSys] from Stepper NEMA 17 -  20mm shaft-2
2026-08-17 21:05:57,536 INFO  ExportHelperExtension.cs: 1136 - Found 36 in Stepper NEMA 17 -  20mm shaft-2
2026-08-17 21:05:57,537 INFO  ExportHelperExtension.cs: 1145 - Found 0 features of type [CoordSys] in Stepper NEMA 17 -  20mm shaft-2
2026-08-17 21:05:57,537 INFO  ExportHelperExtension.cs: 1125 - Retrieving features of type [CoordSys] from Ball Bearing 608 - 8x22x7mm-4
2026-08-17 21:05:57,538 INFO  ExportHelperExtension.cs: 1136 - Found 30 in Ball Bearing 608 - 8x22x7mm-4
2026-08-17 21:05:57,538 INFO  ExportHelperExtension.cs: 1145 - Found 0 features of type [CoordSys] in Ball Bearing 608 - 8x22x7mm-4
2026-08-17 21:05:57,539 INFO  ExportHelperExtension.cs: 1125 - Retrieving features of type [CoordSys] from Arm 1-1
2026-08-17 21:05:57,540 INFO  ExportHelperExtension.cs: 1136 - Found 61 in Arm 1-1
2026-08-17 21:05:57,540 INFO  ExportHelperExtension.cs: 1145 - Found 0 features of type [CoordSys] in Arm 1-1
2026-08-17 21:05:57,541 INFO  ExportHelperExtension.cs: 1125 - Retrieving features of type [CoordSys] from Ball Bearing 608 - 8x22x7mm-5
2026-08-17 21:05:57,541 INFO  ExportHelperExtension.cs: 1136 - Found 30 in Ball Bearing 608 - 8x22x7mm-5
2026-08-17 21:05:57,542 INFO  ExportHelperExtension.cs: 1145 - Found 0 features of type [CoordSys] in Ball Bearing 608 - 8x22x7mm-5
2026-08-17 21:05:57,543 INFO  ExportHelperExtension.cs: 1125 - Retrieving features of type [CoordSys] from J2 Coupler-1
2026-08-17 21:05:57,543 INFO  ExportHelperExtension.cs: 1136 - Found 45 in J2 Coupler-1
2026-08-17 21:05:57,544 INFO  ExportHelperExtension.cs: 1145 - Found 0 features of type [CoordSys] in J2 Coupler-1
2026-08-17 21:05:57,545 INFO  ExportHelperExtension.cs: 1125 - Retrieving features of type [CoordSys] from GT2 Pulley - 92 teeth - J2-1
2026-08-17 21:05:57,545 INFO  ExportHelperExtension.cs: 1136 - Found 41 in GT2 Pulley - 92 teeth - J2-1
2026-08-17 21:05:57,546 INFO  ExportHelperExtension.cs: 1145 - Found 0 features of type [CoordSys] in GT2 Pulley - 92 teeth - J2-1
2026-08-17 21:05:57,546 INFO  ExportHelperExtension.cs: 1125 - Retrieving features of type [CoordSys] from GT2 Pulley - 23 - 80 teeth-1
2026-08-17 21:05:57,547 INFO  ExportHelperExtension.cs: 1136 - Found 45 in GT2 Pulley - 23 - 80 teeth-1
2026-08-17 21:05:57,549 INFO  ExportHelperExtension.cs: 1145 - Found 0 features of type [CoordSys] in GT2 Pulley - 23 - 80 teeth-1
2026-08-17 21:05:57,550 INFO  ExportHelperExtension.cs: 1125 - Retrieving features of type [CoordSys] from Ball Bearing 30x42x7mm-1
2026-08-17 21:05:57,551 INFO  ExportHelperExtension.cs: 1136 - Found 30 in Ball Bearing 30x42x7mm-1
2026-08-17 21:05:57,552 INFO  ExportHelperExtension.cs: 1145 - Found 0 features of type [CoordSys] in Ball Bearing 30x42x7mm-1
2026-08-17 21:05:57,552 INFO  ExportHelperExtension.cs: 1125 - Retrieving features of type [CoordSys] from Thrust Bearing 35x52x12mm-2
2026-08-17 21:05:57,553 INFO  ExportHelperExtension.cs: 1136 - Found 39 in Thrust Bearing 35x52x12mm-2
2026-08-17 21:05:57,554 INFO  ExportHelperExtension.cs: 1145 - Found 0 features of type [CoordSys] in Thrust Bearing 35x52x12mm-2
2026-08-17 21:05:57,555 INFO  ExportHelperExtension.cs: 1125 - Retrieving features of type [CoordSys] from Stepper NEMA 17 -  20mm shaft-3
2026-08-17 21:05:57,556 INFO  ExportHelperExtension.cs: 1136 - Found 36 in Stepper NEMA 17 -  20mm shaft-3
2026-08-17 21:05:57,557 INFO  ExportHelperExtension.cs: 1145 - Found 0 features of type [CoordSys] in Stepper NEMA 17 -  20mm shaft-3
2026-08-17 21:05:57,557 INFO  ExportHelperExtension.cs: 1125 - Retrieving features of type [CoordSys] from Micro switch-1
2026-08-17 21:05:57,558 INFO  ExportHelperExtension.cs: 1136 - Found 36 in Micro switch-1
2026-08-17 21:05:57,559 INFO  ExportHelperExtension.cs: 1145 - Found 0 features of type [CoordSys] in Micro switch-1
2026-08-17 21:05:57,560 INFO  ExportHelperExtension.cs: 1125 - Retrieving features of type [CoordSys] from Linear Bearing 10x19x29mm-6
2026-08-17 21:05:57,560 INFO  ExportHelperExtension.cs: 1136 - Found 30 in Linear Bearing 10x19x29mm-6
2026-08-17 21:05:57,561 INFO  ExportHelperExtension.cs: 1145 - Found 0 features of type [CoordSys] in Linear Bearing 10x19x29mm-6
2026-08-17 21:05:57,562 INFO  ExportHelperExtension.cs: 1125 - Retrieving features of type [CoordSys] from Linear Bearing 10x19x29mm-1
2026-08-17 21:05:57,562 INFO  ExportHelperExtension.cs: 1136 - Found 30 in Linear Bearing 10x19x29mm-1
2026-08-17 21:05:57,563 INFO  ExportHelperExtension.cs: 1145 - Found 0 features of type [CoordSys] in Linear Bearing 10x19x29mm-1
2026-08-17 21:05:57,563 INFO  ExportHelperExtension.cs: 1125 - Retrieving features of type [CoordSys] from Arm 2-1
2026-08-17 21:05:57,564 INFO  ExportHelperExtension.cs: 1136 - Found 53 in Arm 2-1
2026-08-17 21:05:57,565 INFO  ExportHelperExtension.cs: 1145 - Found 0 features of type [CoordSys] in Arm 2-1
2026-08-17 21:05:57,565 INFO  ExportHelperExtension.cs: 1125 - Retrieving features of type [CoordSys] from M8 Washer-3
2026-08-17 21:05:57,566 INFO  ExportHelperExtension.cs: 1136 - Found 25 in M8 Washer-3
2026-08-17 21:05:57,567 INFO  ExportHelperExtension.cs: 1145 - Found 0 features of type [CoordSys] in M8 Washer-3
2026-08-17 21:05:57,567 INFO  ExportHelperExtension.cs: 1125 - Retrieving features of type [CoordSys] from Arm 2 Cover-1
2026-08-17 21:05:57,568 INFO  ExportHelperExtension.cs: 1136 - Found 45 in Arm 2 Cover-1
2026-08-17 21:05:57,568 INFO  ExportHelperExtension.cs: 1145 - Found 0 features of type [CoordSys] in Arm 2 Cover-1
2026-08-17 21:05:57,569 INFO  ExportHelperExtension.cs: 1125 - Retrieving features of type [CoordSys] from GT2 Pulley - Parametric-3
2026-08-17 21:05:57,569 INFO  ExportHelperExtension.cs: 1136 - Found 35 in GT2 Pulley - Parametric-3
2026-08-17 21:05:57,570 INFO  ExportHelperExtension.cs: 1145 - Found 0 features of type [CoordSys] in GT2 Pulley - Parametric-3
2026-08-17 21:05:57,571 INFO  ExportHelperExtension.cs: 1125 - Retrieving features of type [CoordSys] from Micro switch-4
2026-08-17 21:05:57,572 INFO  ExportHelperExtension.cs: 1136 - Found 36 in Micro switch-4
2026-08-17 21:05:57,572 INFO  ExportHelperExtension.cs: 1145 - Found 0 features of type [CoordSys] in Micro switch-4
2026-08-17 21:05:57,573 INFO  ExportHelperExtension.cs: 1125 - Retrieving features of type [CoordSys] from Linear Bearing 10x19x29mm-3
2026-08-17 21:05:57,573 INFO  ExportHelperExtension.cs: 1136 - Found 30 in Linear Bearing 10x19x29mm-3
2026-08-17 21:05:57,574 INFO  ExportHelperExtension.cs: 1145 - Found 0 features of type [CoordSys] in Linear Bearing 10x19x29mm-3
2026-08-17 21:05:57,574 INFO  ExportHelperExtension.cs: 1125 - Retrieving features of type [CoordSys] from GT2 Pulley - Parametric-2
2026-08-17 21:05:57,575 INFO  ExportHelperExtension.cs: 1136 - Found 35 in GT2 Pulley - Parametric-2
2026-08-17 21:05:57,575 INFO  ExportHelperExtension.cs: 1145 - Found 0 features of type [CoordSys] in GT2 Pulley - Parametric-2
2026-08-17 21:05:57,576 INFO  ExportHelperExtension.cs: 1125 - Retrieving features of type [CoordSys] from Linear Bearing 10x19x29mm-2
2026-08-17 21:05:57,576 INFO  ExportHelperExtension.cs: 1136 - Found 30 in Linear Bearing 10x19x29mm-2
2026-08-17 21:05:57,577 INFO  ExportHelperExtension.cs: 1145 - Found 0 features of type [CoordSys] in Linear Bearing 10x19x29mm-2
2026-08-17 21:05:57,577 INFO  ExportHelperExtension.cs: 1125 - Retrieving features of type [CoordSys] from NEMA 17 Stepper L24mm - 20mm shaft-1
2026-08-17 21:05:57,578 INFO  ExportHelperExtension.cs: 1136 - Found 36 in NEMA 17 Stepper L24mm - 20mm shaft-1
2026-08-17 21:05:57,579 INFO  ExportHelperExtension.cs: 1145 - Found 0 features of type [CoordSys] in NEMA 17 Stepper L24mm - 20mm shaft-1
2026-08-17 21:05:57,583 INFO  ExportHelperExtension.cs: 1125 - Retrieving features of type [CoordSys] from Ball Bearing 30x42x7mm-2
2026-08-17 21:05:57,698 INFO  ExportHelperExtension.cs: 1136 - Found 30 in Ball Bearing 30x42x7mm-2
2026-08-17 21:05:57,699 INFO  ExportHelperExtension.cs: 1145 - Found 0 features of type [CoordSys] in Ball Bearing 30x42x7mm-2
2026-08-17 21:05:57,699 INFO  ExportHelperExtension.cs: 1125 - Retrieving features of type [CoordSys] from Thrust Bearing 35x52x12mm-3
2026-08-17 21:05:57,700 INFO  ExportHelperExtension.cs: 1136 - Found 39 in Thrust Bearing 35x52x12mm-3
2026-08-17 21:05:57,701 INFO  ExportHelperExtension.cs: 1145 - Found 0 features of type [CoordSys] in Thrust Bearing 35x52x12mm-3
2026-08-17 21:05:57,701 INFO  ExportHelperExtension.cs: 1125 - Retrieving features of type [CoordSys] from Thrust Bearing 35x52x12mm-4
2026-08-17 21:05:57,702 INFO  ExportHelperExtension.cs: 1136 - Found 39 in Thrust Bearing 35x52x12mm-4
2026-08-17 21:05:57,702 INFO  ExportHelperExtension.cs: 1145 - Found 0 features of type [CoordSys] in Thrust Bearing 35x52x12mm-4
2026-08-17 21:05:57,703 INFO  ExportHelperExtension.cs: 1125 - Retrieving features of type [CoordSys] from GT2 Pulley - 90 teeth - J3-1
2026-08-17 21:05:57,704 INFO  ExportHelperExtension.cs: 1136 - Found 41 in GT2 Pulley - 90 teeth - J3-1
2026-08-17 21:05:57,704 INFO  ExportHelperExtension.cs: 1145 - Found 0 features of type [CoordSys] in GT2 Pulley - 90 teeth - J3-1
2026-08-17 21:05:57,705 INFO  ExportHelperExtension.cs: 1125 - Retrieving features of type [CoordSys] from J3 Coupler-1
2026-08-17 21:05:57,706 INFO  ExportHelperExtension.cs: 1136 - Found 45 in J3 Coupler-1
2026-08-17 21:05:57,706 INFO  ExportHelperExtension.cs: 1145 - Found 0 features of type [CoordSys] in J3 Coupler-1
2026-08-17 21:05:57,707 INFO  ExportHelperExtension.cs: 1125 - Retrieving features of type [CoordSys] from Micro switch-3
2026-08-17 21:05:57,707 INFO  ExportHelperExtension.cs: 1136 - Found 36 in Micro switch-3
2026-08-17 21:05:57,708 INFO  ExportHelperExtension.cs: 1145 - Found 0 features of type [CoordSys] in Micro switch-3
2026-08-17 21:05:57,708 INFO  ExportHelperExtension.cs: 1125 - Retrieving features of type [CoordSys] from Lead Screw Nut 8mm-1
2026-08-17 21:05:57,709 INFO  ExportHelperExtension.cs: 1136 - Found 31 in Lead Screw Nut 8mm-1
2026-08-17 21:05:57,709 INFO  ExportHelperExtension.cs: 1145 - Found 0 features of type [CoordSys] in Lead Screw Nut 8mm-1
2026-08-17 21:05:57,710 INFO  ExportHelperExtension.cs: 1125 - Retrieving features of type [CoordSys] from Gripper Mechanism-1
2026-08-17 21:05:57,711 INFO  ExportHelperExtension.cs: 1136 - Found 98 in Gripper Mechanism-1
2026-08-17 21:05:57,712 INFO  ExportHelperExtension.cs: 1145 - Found 0 features of type [CoordSys] in Gripper Mechanism-1
2026-08-17 21:05:57,712 INFO  ExportHelperExtension.cs: 1125 - Retrieving features of type [CoordSys] from Arm 1 Cover-1
2026-08-17 21:05:57,713 INFO  ExportHelperExtension.cs: 1136 - Found 34 in Arm 1 Cover-1
2026-08-17 21:05:57,714 INFO  ExportHelperExtension.cs: 1145 - Found 0 features of type [CoordSys] in Arm 1 Cover-1
2026-08-17 21:05:57,714 INFO  ExportHelperExtension.cs: 1125 - Retrieving features of type [CoordSys] from Micro switch-5
2026-08-17 21:05:57,715 INFO  ExportHelperExtension.cs: 1136 - Found 36 in Micro switch-5
2026-08-17 21:05:57,715 INFO  ExportHelperExtension.cs: 1145 - Found 0 features of type [CoordSys] in Micro switch-5
2026-08-17 21:05:57,716 INFO  ExportHelperExtension.cs: 1125 - Retrieving features of type [CoordSys] from Ball Bearing 35x47x7mm-1
2026-08-17 21:05:57,716 INFO  ExportHelperExtension.cs: 1136 - Found 30 in Ball Bearing 35x47x7mm-1
2026-08-17 21:05:57,717 INFO  ExportHelperExtension.cs: 1145 - Found 0 features of type [CoordSys] in Ball Bearing 35x47x7mm-1
2026-08-17 21:05:57,717 INFO  ExportHelperExtension.cs: 1125 - Retrieving features of type [CoordSys] from GT2 Belt 300mm 2-1
2026-08-17 21:05:57,718 INFO  ExportHelperExtension.cs: 1136 - Found 25 in GT2 Belt 300mm 2-1
2026-08-17 21:05:57,718 INFO  ExportHelperExtension.cs: 1145 - Found 0 features of type [CoordSys] in GT2 Belt 300mm 2-1
2026-08-17 21:05:57,719 INFO  ExportHelperExtension.cs: 1125 - Retrieving features of type [CoordSys] from Top cover-1
2026-08-17 21:05:57,719 INFO  ExportHelperExtension.cs: 1136 - Found 40 in Top cover-1
2026-08-17 21:05:57,720 INFO  ExportHelperExtension.cs: 1145 - Found 0 features of type [CoordSys] in Top cover-1
2026-08-17 21:05:57,720 INFO  ExportHelperExtension.cs: 1125 - Retrieving features of type [CoordSys] from GT2 Belt 400mm 2-1
2026-08-17 21:05:57,721 INFO  ExportHelperExtension.cs: 1136 - Found 25 in GT2 Belt 400mm 2-1
2026-08-17 21:05:57,721 INFO  ExportHelperExtension.cs: 1145 - Found 0 features of type [CoordSys] in GT2 Belt 400mm 2-1
2026-08-17 21:05:57,722 INFO  ExportHelperExtension.cs: 1125 - Retrieving features of type [CoordSys] from Base cover-1
2026-08-17 21:05:57,722 INFO  ExportHelperExtension.cs: 1136 - Found 29 in Base cover-1
2026-08-17 21:05:57,722 INFO  ExportHelperExtension.cs: 1145 - Found 0 features of type [CoordSys] in Base cover-1
2026-08-17 21:05:57,724 INFO  ExportHelperExtension.cs: 1125 - Retrieving features of type [CoordSys] from Arduino UNO case p1-1
2026-08-17 21:05:57,724 INFO  ExportHelperExtension.cs: 1136 - Found 41 in Arduino UNO case p1-1
2026-08-17 21:05:57,725 INFO  ExportHelperExtension.cs: 1145 - Found 0 features of type [CoordSys] in Arduino UNO case p1-1
2026-08-17 21:05:57,725 INFO  ExportHelperExtension.cs: 1125 - Retrieving features of type [CoordSys] from GT2 Belt 400mm-1
2026-08-17 21:05:57,726 INFO  ExportHelperExtension.cs: 1136 - Found 25 in GT2 Belt 400mm-1
2026-08-17 21:05:57,726 INFO  ExportHelperExtension.cs: 1145 - Found 0 features of type [CoordSys] in GT2 Belt 400mm-1
2026-08-17 21:05:57,726 INFO  ExportHelperExtension.cs: 1125 - Retrieving features of type [CoordSys] from GT2 Belt 200mm-1
2026-08-17 21:05:57,727 INFO  ExportHelperExtension.cs: 1136 - Found 25 in GT2 Belt 200mm-1
2026-08-17 21:05:57,727 INFO  ExportHelperExtension.cs: 1145 - Found 0 features of type [CoordSys] in GT2 Belt 200mm-1
2026-08-17 21:05:57,728 INFO  ExportHelperExtension.cs: 1125 - Retrieving features of type [CoordSys] from M4 Lock nut-4
2026-08-17 21:05:57,728 INFO  ExportHelperExtension.cs: 1136 - Found 36 in M4 Lock nut-4
2026-08-17 21:05:57,729 INFO  ExportHelperExtension.cs: 1145 - Found 0 features of type [CoordSys] in M4 Lock nut-4
2026-08-17 21:05:57,729 INFO  ExportHelperExtension.cs: 1125 - Retrieving features of type [CoordSys] from Arduino UNO case p2-1
2026-08-17 21:05:57,730 INFO  ExportHelperExtension.cs: 1136 - Found 39 in Arduino UNO case p2-1
2026-08-17 21:05:57,730 INFO  ExportHelperExtension.cs: 1145 - Found 0 features of type [CoordSys] in Arduino UNO case p2-1
2026-08-17 21:05:57,730 INFO  ExportHelperExtension.cs: 1125 - Retrieving features of type [CoordSys] from GT2 Belt 300mm-1
2026-08-17 21:05:57,731 INFO  ExportHelperExtension.cs: 1136 - Found 25 in GT2 Belt 300mm-1
2026-08-17 21:05:57,731 INFO  ExportHelperExtension.cs: 1145 - Found 0 features of type [CoordSys] in GT2 Belt 300mm-1
2026-08-17 21:05:57,732 INFO  ExportHelperExtension.cs: 1125 - Retrieving features of type [CoordSys] from M8 Lock nut-1
2026-08-17 21:05:57,732 INFO  ExportHelperExtension.cs: 1136 - Found 36 in M8 Lock nut-1
2026-08-17 21:05:57,732 INFO  ExportHelperExtension.cs: 1145 - Found 0 features of type [CoordSys] in M8 Lock nut-1
2026-08-17 21:05:57,733 INFO  ExportHelperExtension.cs: 1125 - Retrieving features of type [CoordSys] from M4 Lock nut-1
2026-08-17 21:05:57,733 INFO  ExportHelperExtension.cs: 1136 - Found 36 in M4 Lock nut-1
2026-08-17 21:05:57,733 INFO  ExportHelperExtension.cs: 1145 - Found 0 features of type [CoordSys] in M4 Lock nut-1
2026-08-17 21:05:57,734 INFO  ExportHelperExtension.cs: 1125 - Retrieving features of type [CoordSys] from M8 45mm - Bolts-1
2026-08-17 21:05:57,734 INFO  ExportHelperExtension.cs: 1136 - Found 36 in M8 45mm - Bolts-1
2026-08-17 21:05:57,735 INFO  ExportHelperExtension.cs: 1145 - Found 0 features of type [CoordSys] in M8 45mm - Bolts-1
2026-08-17 21:05:57,735 INFO  ExportHelperExtension.cs: 1125 - Retrieving features of type [CoordSys] from M4 Lock nut-2
2026-08-17 21:05:57,735 INFO  ExportHelperExtension.cs: 1136 - Found 36 in M4 Lock nut-2
2026-08-17 21:05:57,736 INFO  ExportHelperExtension.cs: 1145 - Found 0 features of type [CoordSys] in M4 Lock nut-2
2026-08-17 21:05:57,736 INFO  ExportHelperExtension.cs: 1125 - Retrieving features of type [CoordSys] from M4 Lock nut-3
2026-08-17 21:05:57,737 INFO  ExportHelperExtension.cs: 1136 - Found 36 in M4 Lock nut-3
2026-08-17 21:05:57,737 INFO  ExportHelperExtension.cs: 1145 - Found 0 features of type [CoordSys] in M4 Lock nut-3
2026-08-17 21:05:57,737 INFO  ExportHelperExtension.cs: 1125 - Retrieving features of type [CoordSys] from M8 Lock nut-3
2026-08-17 21:05:57,738 INFO  ExportHelperExtension.cs: 1136 - Found 36 in M8 Lock nut-3
2026-08-17 21:05:57,738 INFO  ExportHelperExtension.cs: 1145 - Found 0 features of type [CoordSys] in M8 Lock nut-3
2026-08-17 21:05:57,738 INFO  ExportHelperExtension.cs: 1125 - Retrieving features of type [CoordSys] from M4 60mm - Bolts-3
2026-08-17 21:05:57,739 INFO  ExportHelperExtension.cs: 1136 - Found 36 in M4 60mm - Bolts-3
2026-08-17 21:05:57,739 INFO  ExportHelperExtension.cs: 1145 - Found 0 features of type [CoordSys] in M4 60mm - Bolts-3
2026-08-17 21:05:57,739 INFO  ExportHelperExtension.cs: 1125 - Retrieving features of type [CoordSys] from M8 45mm - Bolts-3
2026-08-17 21:05:57,740 INFO  ExportHelperExtension.cs: 1136 - Found 36 in M8 45mm - Bolts-3
2026-08-17 21:05:57,740 INFO  ExportHelperExtension.cs: 1145 - Found 0 features of type [CoordSys] in M8 45mm - Bolts-3
2026-08-17 21:05:57,741 INFO  ExportHelperExtension.cs: 1125 - Retrieving features of type [CoordSys] from M4 Lock nut-7
2026-08-17 21:05:57,741 INFO  ExportHelperExtension.cs: 1136 - Found 36 in M4 Lock nut-7
2026-08-17 21:05:57,741 INFO  ExportHelperExtension.cs: 1145 - Found 0 features of type [CoordSys] in M4 Lock nut-7
2026-08-17 21:05:57,742 INFO  ExportHelperExtension.cs: 1125 - Retrieving features of type [CoordSys] from M4 Lock nut-5
2026-08-17 21:05:57,742 INFO  ExportHelperExtension.cs: 1136 - Found 36 in M4 Lock nut-5
2026-08-17 21:05:57,742 INFO  ExportHelperExtension.cs: 1145 - Found 0 features of type [CoordSys] in M4 Lock nut-5
2026-08-17 21:05:57,743 INFO  ExportHelperExtension.cs: 1125 - Retrieving features of type [CoordSys] from M4 50mm - Bolts-3
2026-08-17 21:05:57,743 INFO  ExportHelperExtension.cs: 1136 - Found 36 in M4 50mm - Bolts-3
2026-08-17 21:05:57,743 INFO  ExportHelperExtension.cs: 1145 - Found 0 features of type [CoordSys] in M4 50mm - Bolts-3
2026-08-17 21:05:57,744 INFO  ExportHelperExtension.cs: 1125 - Retrieving features of type [CoordSys] from M4 60mm - Bolts-4
2026-08-17 21:05:57,744 INFO  ExportHelperExtension.cs: 1136 - Found 36 in M4 60mm - Bolts-4
2026-08-17 21:05:57,744 INFO  ExportHelperExtension.cs: 1145 - Found 0 features of type [CoordSys] in M4 60mm - Bolts-4
2026-08-17 21:05:57,745 INFO  ExportHelperExtension.cs: 1125 - Retrieving features of type [CoordSys] from M4 60mm - Bolts-1
2026-08-17 21:05:57,745 INFO  ExportHelperExtension.cs: 1136 - Found 36 in M4 60mm - Bolts-1
2026-08-17 21:05:57,745 INFO  ExportHelperExtension.cs: 1145 - Found 0 features of type [CoordSys] in M4 60mm - Bolts-1
2026-08-17 21:05:57,746 INFO  ExportHelperExtension.cs: 1125 - Retrieving features of type [CoordSys] from M4 60mm - Bolts-2
2026-08-17 21:05:57,746 INFO  ExportHelperExtension.cs: 1136 - Found 36 in M4 60mm - Bolts-2
2026-08-17 21:05:57,746 INFO  ExportHelperExtension.cs: 1145 - Found 0 features of type [CoordSys] in M4 60mm - Bolts-2
2026-08-17 21:05:57,747 INFO  ExportHelperExtension.cs: 1125 - Retrieving features of type [CoordSys] from M4 50mm - Bolts-4
2026-08-17 21:05:57,747 INFO  ExportHelperExtension.cs: 1136 - Found 36 in M4 50mm - Bolts-4
2026-08-17 21:05:57,747 INFO  ExportHelperExtension.cs: 1145 - Found 0 features of type [CoordSys] in M4 50mm - Bolts-4
2026-08-17 21:05:57,748 INFO  ExportHelperExtension.cs: 1125 - Retrieving features of type [CoordSys] from M4 50mm - Bolts-2
2026-08-17 21:05:57,748 INFO  ExportHelperExtension.cs: 1136 - Found 36 in M4 50mm - Bolts-2
2026-08-17 21:05:57,748 INFO  ExportHelperExtension.cs: 1145 - Found 0 features of type [CoordSys] in M4 50mm - Bolts-2
2026-08-17 21:05:57,749 INFO  ExportHelperExtension.cs: 1125 - Retrieving features of type [CoordSys] from M4 Lock nut-6
2026-08-17 21:05:57,749 INFO  ExportHelperExtension.cs: 1136 - Found 36 in M4 Lock nut-6
2026-08-17 21:05:57,749 INFO  ExportHelperExtension.cs: 1145 - Found 0 features of type [CoordSys] in M4 Lock nut-6
2026-08-17 21:05:57,750 INFO  ExportHelperExtension.cs: 1125 - Retrieving features of type [CoordSys] from M4 50mm - Bolts-1
2026-08-17 21:05:57,750 INFO  ExportHelperExtension.cs: 1136 - Found 36 in M4 50mm - Bolts-1
2026-08-17 21:05:57,751 INFO  ExportHelperExtension.cs: 1145 - Found 0 features of type [CoordSys] in M4 50mm - Bolts-1
2026-08-17 21:05:57,751 INFO  ExportHelperExtension.cs: 1125 - Retrieving features of type [CoordSys] from M4 Lock nut-8
2026-08-17 21:05:57,751 INFO  ExportHelperExtension.cs: 1136 - Found 36 in M4 Lock nut-8
2026-08-17 21:05:57,752 INFO  ExportHelperExtension.cs: 1145 - Found 0 features of type [CoordSys] in M4 Lock nut-8
2026-08-17 21:05:57,752 INFO  ExportHelperExtension.cs: 1125 - Retrieving features of type [CoordSys] from Ball Bearing 608 - 8x22x7mm-3
2026-08-17 21:05:57,752 INFO  ExportHelperExtension.cs: 1136 - Found 30 in Ball Bearing 608 - 8x22x7mm-3
2026-08-17 21:05:57,752 INFO  ExportHelperExtension.cs: 1145 - Found 0 features of type [CoordSys] in Ball Bearing 608 - 8x22x7mm-3
2026-08-17 21:05:57,752 INFO  ExportHelperExtension.cs: 1125 - Retrieving features of type [CoordSys] from GT2 Pulley - 22 - 80 teeth-2
2026-08-17 21:05:57,753 INFO  ExportHelperExtension.cs: 1136 - Found 45 in GT2 Pulley - 22 - 80 teeth-2
2026-08-17 21:05:57,753 INFO  ExportHelperExtension.cs: 1145 - Found 0 features of type [CoordSys] in GT2 Pulley - 22 - 80 teeth-2
2026-08-17 21:05:57,754 INFO  ExportHelperExtension.cs: 1125 - Retrieving features of type [CoordSys] from Base-1
2026-08-17 21:05:57,754 INFO  ExportHelperExtension.cs: 1136 - Found 80 in Base-1
2026-08-17 21:05:57,755 INFO  ExportHelperExtension.cs: 1145 - Found 0 features of type [CoordSys] in Base-1
2026-08-17 21:05:57,755 INFO  ExportHelperExtension.cs: 1125 - Retrieving features of type [CoordSys] from Thrust Bearing - 40x60x13-4
2026-08-17 21:05:57,755 INFO  ExportHelperExtension.cs: 1136 - Found 39 in Thrust Bearing - 40x60x13-4
2026-08-17 21:05:57,756 INFO  ExportHelperExtension.cs: 1145 - Found 0 features of type [CoordSys] in Thrust Bearing - 40x60x13-4
2026-08-17 21:05:57,756 INFO  ExportHelperExtension.cs: 1125 - Retrieving features of type [CoordSys] from Ball Bearing 608 - 8x22x7mm-2
2026-08-17 21:05:57,756 INFO  ExportHelperExtension.cs: 1136 - Found 30 in Ball Bearing 608 - 8x22x7mm-2
2026-08-17 21:05:57,756 INFO  ExportHelperExtension.cs: 1145 - Found 0 features of type [CoordSys] in Ball Bearing 608 - 8x22x7mm-2
2026-08-17 21:05:57,758 INFO  ExportHelperExtension.cs: 1125 - Retrieving features of type [CoordSys] from Stepper NEMA 17 -  20mm shaft-1
2026-08-17 21:05:57,758 INFO  ExportHelperExtension.cs: 1136 - Found 36 in Stepper NEMA 17 -  20mm shaft-1
2026-08-17 21:05:57,759 INFO  ExportHelperExtension.cs: 1145 - Found 0 features of type [CoordSys] in Stepper NEMA 17 -  20mm shaft-1
2026-08-17 21:05:57,759 INFO  ExportHelperExtension.cs: 1125 - Retrieving features of type [CoordSys] from Thrust Bearing - 40x60x13-3
2026-08-17 21:05:57,759 INFO  ExportHelperExtension.cs: 1136 - Found 39 in Thrust Bearing - 40x60x13-3
2026-08-17 21:05:57,760 INFO  ExportHelperExtension.cs: 1145 - Found 0 features of type [CoordSys] in Thrust Bearing - 40x60x13-3
2026-08-17 21:05:57,760 INFO  ExportHelperExtension.cs: 1125 - Retrieving features of type [CoordSys] from GT2 Pulley - 110 teeth - J1-2
2026-08-17 21:05:57,760 INFO  ExportHelperExtension.cs: 1136 - Found 41 in GT2 Pulley - 110 teeth - J1-2
2026-08-17 21:05:57,761 INFO  ExportHelperExtension.cs: 1145 - Found 0 features of type [CoordSys] in GT2 Pulley - 110 teeth - J1-2
2026-08-17 21:05:57,761 INFO  ExportHelperExtension.cs: 1125 - Retrieving features of type [CoordSys] from Smooth Rod D10mm L400mm-3
2026-08-17 21:05:57,762 INFO  ExportHelperExtension.cs: 1136 - Found 25 in Smooth Rod D10mm L400mm-3
2026-08-17 21:05:57,762 INFO  ExportHelperExtension.cs: 1145 - Found 0 features of type [CoordSys] in Smooth Rod D10mm L400mm-3
2026-08-17 21:05:57,762 INFO  ExportHelperExtension.cs: 1125 - Retrieving features of type [CoordSys] from Smooth Rod Clamp-1
2026-08-17 21:05:57,763 INFO  ExportHelperExtension.cs: 1136 - Found 27 in Smooth Rod Clamp-1
2026-08-17 21:05:57,763 INFO  ExportHelperExtension.cs: 1145 - Found 0 features of type [CoordSys] in Smooth Rod Clamp-1
2026-08-17 21:05:57,763 INFO  ExportHelperExtension.cs: 1125 - Retrieving features of type [CoordSys] from Smooth Rod D10mm L400mm-4
2026-08-17 21:05:57,764 INFO  ExportHelperExtension.cs: 1136 - Found 25 in Smooth Rod D10mm L400mm-4
2026-08-17 21:05:57,764 INFO  ExportHelperExtension.cs: 1145 - Found 0 features of type [CoordSys] in Smooth Rod D10mm L400mm-4
2026-08-17 21:05:57,765 INFO  ExportHelperExtension.cs: 1125 - Retrieving features of type [CoordSys] from M8 Washer-2
2026-08-17 21:05:57,765 INFO  ExportHelperExtension.cs: 1136 - Found 25 in M8 Washer-2
2026-08-17 21:05:57,765 INFO  ExportHelperExtension.cs: 1145 - Found 0 features of type [CoordSys] in M8 Washer-2
2026-08-17 21:05:57,766 INFO  ExportHelperExtension.cs: 1125 - Retrieving features of type [CoordSys] from Smooth Rod D10mm L400mm-2
2026-08-17 21:05:57,766 INFO  ExportHelperExtension.cs: 1136 - Found 25 in Smooth Rod D10mm L400mm-2
2026-08-17 21:05:57,769 INFO  ExportHelperExtension.cs: 1145 - Found 0 features of type [CoordSys] in Smooth Rod D10mm L400mm-2
2026-08-17 21:05:57,769 INFO  ExportHelperExtension.cs: 1125 - Retrieving features of type [CoordSys] from Smooth Rod D10mm L400mm-1
2026-08-17 21:05:57,770 INFO  ExportHelperExtension.cs: 1136 - Found 25 in Smooth Rod D10mm L400mm-1
2026-08-17 21:05:57,770 INFO  ExportHelperExtension.cs: 1145 - Found 0 features of type [CoordSys] in Smooth Rod D10mm L400mm-1
2026-08-17 21:05:57,771 INFO  ExportHelperExtension.cs: 1125 - Retrieving features of type [CoordSys] from J1 coupler-1
2026-08-17 21:05:57,792 INFO  ExportHelperExtension.cs: 1136 - Found 48 in J1 coupler-1
2026-08-17 21:05:57,793 INFO  ExportHelperExtension.cs: 1145 - Found 0 features of type [CoordSys] in J1 coupler-1
2026-08-17 21:05:57,794 INFO  ExportHelperExtension.cs: 1125 - Retrieving features of type [CoordSys] from GT2 Pulley - Parametric-1
2026-08-17 21:05:57,794 INFO  ExportHelperExtension.cs: 1136 - Found 35 in GT2 Pulley - Parametric-1
2026-08-17 21:05:57,795 INFO  ExportHelperExtension.cs: 1145 - Found 0 features of type [CoordSys] in GT2 Pulley - Parametric-1
2026-08-17 21:05:57,796 INFO  ExportHelperExtension.cs: 1125 - Retrieving features of type [CoordSys] from Z-axis Bottom Plate-2
2026-08-17 21:05:57,796 INFO  ExportHelperExtension.cs: 1136 - Found 36 in Z-axis Bottom Plate-2
2026-08-17 21:05:57,797 INFO  ExportHelperExtension.cs: 1145 - Found 0 features of type [CoordSys] in Z-axis Bottom Plate-2
2026-08-17 21:05:57,798 INFO  ExportHelperExtension.cs: 1125 - Retrieving features of type [RefAxis] from SCARA Robot With Controlled Motion
2026-08-17 21:05:57,798 INFO  ExportHelperExtension.cs: 1136 - Found 331 in SCARA Robot With Controlled Motion
2026-08-17 21:05:57,800 INFO  ExportHelperExtension.cs: 1145 - Found 0 features of type [RefAxis] in SCARA Robot With Controlled Motion
2026-08-17 21:05:57,800 INFO  ExportHelperExtension.cs: 1148 - Proceeding through assembly components
2026-08-17 21:05:57,801 INFO  ExportHelperExtension.cs: 1160 - 91 components to check
2026-08-17 21:05:57,801 INFO  ExportHelperExtension.cs: 1125 - Retrieving features of type [RefAxis] from Smooth Rod Clamp-7
2026-08-17 21:05:57,802 INFO  ExportHelperExtension.cs: 1136 - Found 27 in Smooth Rod Clamp-7
2026-08-17 21:05:57,803 INFO  ExportHelperExtension.cs: 1145 - Found 0 features of type [RefAxis] in Smooth Rod Clamp-7
2026-08-17 21:05:57,803 INFO  ExportHelperExtension.cs: 1125 - Retrieving features of type [RefAxis] from Smooth Rod Clamp-8
2026-08-17 21:05:57,804 INFO  ExportHelperExtension.cs: 1136 - Found 27 in Smooth Rod Clamp-8
2026-08-17 21:05:57,805 INFO  ExportHelperExtension.cs: 1145 - Found 0 features of type [RefAxis] in Smooth Rod Clamp-8
2026-08-17 21:05:57,805 INFO  ExportHelperExtension.cs: 1125 - Retrieving features of type [RefAxis] from Smooth Rod Clamp-4
2026-08-17 21:05:57,806 INFO  ExportHelperExtension.cs: 1136 - Found 27 in Smooth Rod Clamp-4
2026-08-17 21:05:57,806 INFO  ExportHelperExtension.cs: 1145 - Found 0 features of type [RefAxis] in Smooth Rod Clamp-4
2026-08-17 21:05:57,806 INFO  ExportHelperExtension.cs: 1125 - Retrieving features of type [RefAxis] from Z-axis Mount Platform-1
2026-08-17 21:05:57,807 INFO  ExportHelperExtension.cs: 1136 - Found 44 in Z-axis Mount Platform-1
2026-08-17 21:05:57,808 INFO  ExportHelperExtension.cs: 1145 - Found 0 features of type [RefAxis] in Z-axis Mount Platform-1
2026-08-17 21:05:57,809 INFO  ExportHelperExtension.cs: 1125 - Retrieving features of type [RefAxis] from Smooth Rod Clamp-6
2026-08-17 21:05:57,809 INFO  ExportHelperExtension.cs: 1136 - Found 27 in Smooth Rod Clamp-6
2026-08-17 21:05:57,810 INFO  ExportHelperExtension.cs: 1145 - Found 0 features of type [RefAxis] in Smooth Rod Clamp-6
2026-08-17 21:05:57,811 INFO  ExportHelperExtension.cs: 1125 - Retrieving features of type [RefAxis] from Ball Bearing 608 - 8x22x7mm-6
2026-08-17 21:05:57,811 INFO  ExportHelperExtension.cs: 1136 - Found 30 in Ball Bearing 608 - 8x22x7mm-6
2026-08-17 21:05:57,812 INFO  ExportHelperExtension.cs: 1145 - Found 0 features of type [RefAxis] in Ball Bearing 608 - 8x22x7mm-6
2026-08-17 21:05:57,813 INFO  ExportHelperExtension.cs: 1125 - Retrieving features of type [RefAxis] from Thrust Bearing 35x52x12mm-1
2026-08-17 21:05:57,813 INFO  ExportHelperExtension.cs: 1136 - Found 39 in Thrust Bearing 35x52x12mm-1
2026-08-17 21:05:57,814 INFO  ExportHelperExtension.cs: 1145 - Found 0 features of type [RefAxis] in Thrust Bearing 35x52x12mm-1
2026-08-17 21:05:57,815 INFO  ExportHelperExtension.cs: 1125 - Retrieving features of type [RefAxis] from Z-axis Top Plate-1
2026-08-17 21:05:57,815 INFO  ExportHelperExtension.cs: 1136 - Found 42 in Z-axis Top Plate-1
2026-08-17 21:05:57,816 INFO  ExportHelperExtension.cs: 1145 - Found 0 features of type [RefAxis] in Z-axis Top Plate-1
2026-08-17 21:05:57,817 INFO  ExportHelperExtension.cs: 1125 - Retrieving features of type [RefAxis] from Smooth Rod Clamp-3
2026-08-17 21:05:57,818 INFO  ExportHelperExtension.cs: 1136 - Found 27 in Smooth Rod Clamp-3
2026-08-17 21:05:57,818 INFO  ExportHelperExtension.cs: 1145 - Found 0 features of type [RefAxis] in Smooth Rod Clamp-3
2026-08-17 21:05:57,819 INFO  ExportHelperExtension.cs: 1125 - Retrieving features of type [RefAxis] from Smooth Rod Clamp-5
2026-08-17 21:05:57,819 INFO  ExportHelperExtension.cs: 1136 - Found 27 in Smooth Rod Clamp-5
2026-08-17 21:05:57,820 INFO  ExportHelperExtension.cs: 1145 - Found 0 features of type [RefAxis] in Smooth Rod Clamp-5
2026-08-17 21:05:57,820 INFO  ExportHelperExtension.cs: 1125 - Retrieving features of type [RefAxis] from Smooth Rod Clamp-2
2026-08-17 21:05:57,821 INFO  ExportHelperExtension.cs: 1136 - Found 27 in Smooth Rod Clamp-2
2026-08-17 21:05:57,822 INFO  ExportHelperExtension.cs: 1145 - Found 0 features of type [RefAxis] in Smooth Rod Clamp-2
2026-08-17 21:05:57,822 INFO  ExportHelperExtension.cs: 1125 - Retrieving features of type [RefAxis] from Lead Screw D8mm L380mm-1
2026-08-17 21:05:57,823 INFO  ExportHelperExtension.cs: 1136 - Found 26 in Lead Screw D8mm L380mm-1
2026-08-17 21:05:57,824 INFO  ExportHelperExtension.cs: 1145 - Found 0 features of type [RefAxis] in Lead Screw D8mm L380mm-1
2026-08-17 21:05:57,824 INFO  ExportHelperExtension.cs: 1125 - Retrieving features of type [RefAxis] from Stepper NEMA 17 -  20mm shaft-2
2026-08-17 21:05:57,825 INFO  ExportHelperExtension.cs: 1136 - Found 36 in Stepper NEMA 17 -  20mm shaft-2
2026-08-17 21:05:57,826 INFO  ExportHelperExtension.cs: 1145 - Found 0 features of type [RefAxis] in Stepper NEMA 17 -  20mm shaft-2
2026-08-17 21:05:57,826 INFO  ExportHelperExtension.cs: 1125 - Retrieving features of type [RefAxis] from Ball Bearing 608 - 8x22x7mm-4
2026-08-17 21:05:57,827 INFO  ExportHelperExtension.cs: 1136 - Found 30 in Ball Bearing 608 - 8x22x7mm-4
2026-08-17 21:05:57,828 INFO  ExportHelperExtension.cs: 1145 - Found 0 features of type [RefAxis] in Ball Bearing 608 - 8x22x7mm-4
2026-08-17 21:05:57,828 INFO  ExportHelperExtension.cs: 1125 - Retrieving features of type [RefAxis] from Arm 1-1
2026-08-17 21:05:57,829 INFO  ExportHelperExtension.cs: 1136 - Found 61 in Arm 1-1
2026-08-17 21:05:57,829 INFO  ExportHelperExtension.cs: 1145 - Found 0 features of type [RefAxis] in Arm 1-1
2026-08-17 21:05:57,830 INFO  ExportHelperExtension.cs: 1125 - Retrieving features of type [RefAxis] from Ball Bearing 608 - 8x22x7mm-5
2026-08-17 21:05:57,830 INFO  ExportHelperExtension.cs: 1136 - Found 30 in Ball Bearing 608 - 8x22x7mm-5
2026-08-17 21:05:57,831 INFO  ExportHelperExtension.cs: 1145 - Found 0 features of type [RefAxis] in Ball Bearing 608 - 8x22x7mm-5
2026-08-17 21:05:57,831 INFO  ExportHelperExtension.cs: 1125 - Retrieving features of type [RefAxis] from J2 Coupler-1
2026-08-17 21:05:57,832 INFO  ExportHelperExtension.cs: 1136 - Found 45 in J2 Coupler-1
2026-08-17 21:05:57,832 INFO  ExportHelperExtension.cs: 1145 - Found 0 features of type [RefAxis] in J2 Coupler-1
2026-08-17 21:05:57,832 INFO  ExportHelperExtension.cs: 1125 - Retrieving features of type [RefAxis] from GT2 Pulley - 92 teeth - J2-1
2026-08-17 21:05:57,833 INFO  ExportHelperExtension.cs: 1136 - Found 41 in GT2 Pulley - 92 teeth - J2-1
2026-08-17 21:05:57,834 INFO  ExportHelperExtension.cs: 1145 - Found 0 features of type [RefAxis] in GT2 Pulley - 92 teeth - J2-1
2026-08-17 21:05:57,834 INFO  ExportHelperExtension.cs: 1125 - Retrieving features of type [RefAxis] from GT2 Pulley - 23 - 80 teeth-1
2026-08-17 21:05:57,835 INFO  ExportHelperExtension.cs: 1136 - Found 45 in GT2 Pulley - 23 - 80 teeth-1
2026-08-17 21:05:57,835 INFO  ExportHelperExtension.cs: 1145 - Found 0 features of type [RefAxis] in GT2 Pulley - 23 - 80 teeth-1
2026-08-17 21:05:57,836 INFO  ExportHelperExtension.cs: 1125 - Retrieving features of type [RefAxis] from Ball Bearing 30x42x7mm-1
2026-08-17 21:05:57,836 INFO  ExportHelperExtension.cs: 1136 - Found 30 in Ball Bearing 30x42x7mm-1
2026-08-17 21:05:57,837 INFO  ExportHelperExtension.cs: 1145 - Found 0 features of type [RefAxis] in Ball Bearing 30x42x7mm-1
2026-08-17 21:05:57,837 INFO  ExportHelperExtension.cs: 1125 - Retrieving features of type [RefAxis] from Thrust Bearing 35x52x12mm-2
2026-08-17 21:05:57,838 INFO  ExportHelperExtension.cs: 1136 - Found 39 in Thrust Bearing 35x52x12mm-2
2026-08-17 21:05:57,838 INFO  ExportHelperExtension.cs: 1145 - Found 0 features of type [RefAxis] in Thrust Bearing 35x52x12mm-2
2026-08-17 21:05:57,839 INFO  ExportHelperExtension.cs: 1125 - Retrieving features of type [RefAxis] from Stepper NEMA 17 -  20mm shaft-3
2026-08-17 21:05:57,840 INFO  ExportHelperExtension.cs: 1136 - Found 36 in Stepper NEMA 17 -  20mm shaft-3
2026-08-17 21:05:57,840 INFO  ExportHelperExtension.cs: 1145 - Found 0 features of type [RefAxis] in Stepper NEMA 17 -  20mm shaft-3
2026-08-17 21:05:57,841 INFO  ExportHelperExtension.cs: 1125 - Retrieving features of type [RefAxis] from Micro switch-1
2026-08-17 21:05:57,842 INFO  ExportHelperExtension.cs: 1136 - Found 36 in Micro switch-1
2026-08-17 21:05:57,843 INFO  ExportHelperExtension.cs: 1145 - Found 0 features of type [RefAxis] in Micro switch-1
2026-08-17 21:05:57,843 INFO  ExportHelperExtension.cs: 1125 - Retrieving features of type [RefAxis] from Linear Bearing 10x19x29mm-6
2026-08-17 21:05:57,844 INFO  ExportHelperExtension.cs: 1136 - Found 30 in Linear Bearing 10x19x29mm-6
2026-08-17 21:05:57,845 INFO  ExportHelperExtension.cs: 1145 - Found 0 features of type [RefAxis] in Linear Bearing 10x19x29mm-6
2026-08-17 21:05:57,845 INFO  ExportHelperExtension.cs: 1125 - Retrieving features of type [RefAxis] from Linear Bearing 10x19x29mm-1
2026-08-17 21:05:57,846 INFO  ExportHelperExtension.cs: 1136 - Found 30 in Linear Bearing 10x19x29mm-1
2026-08-17 21:05:57,847 INFO  ExportHelperExtension.cs: 1145 - Found 0 features of type [RefAxis] in Linear Bearing 10x19x29mm-1
2026-08-17 21:05:57,847 INFO  ExportHelperExtension.cs: 1125 - Retrieving features of type [RefAxis] from Arm 2-1
2026-08-17 21:05:57,848 INFO  ExportHelperExtension.cs: 1136 - Found 53 in Arm 2-1
2026-08-17 21:05:57,849 INFO  ExportHelperExtension.cs: 1145 - Found 0 features of type [RefAxis] in Arm 2-1
2026-08-17 21:05:57,849 INFO  ExportHelperExtension.cs: 1125 - Retrieving features of type [RefAxis] from M8 Washer-3
2026-08-17 21:05:57,850 INFO  ExportHelperExtension.cs: 1136 - Found 25 in M8 Washer-3
2026-08-17 21:05:57,851 INFO  ExportHelperExtension.cs: 1145 - Found 0 features of type [RefAxis] in M8 Washer-3
2026-08-17 21:05:57,851 INFO  ExportHelperExtension.cs: 1125 - Retrieving features of type [RefAxis] from Arm 2 Cover-1
2026-08-17 21:05:57,852 INFO  ExportHelperExtension.cs: 1136 - Found 45 in Arm 2 Cover-1
2026-08-17 21:05:57,853 INFO  ExportHelperExtension.cs: 1145 - Found 0 features of type [RefAxis] in Arm 2 Cover-1
2026-08-17 21:05:57,853 INFO  ExportHelperExtension.cs: 1125 - Retrieving features of type [RefAxis] from GT2 Pulley - Parametric-3
2026-08-17 21:05:57,854 INFO  ExportHelperExtension.cs: 1136 - Found 35 in GT2 Pulley - Parametric-3
2026-08-17 21:05:57,855 INFO  ExportHelperExtension.cs: 1145 - Found 0 features of type [RefAxis] in GT2 Pulley - Parametric-3
2026-08-17 21:05:57,855 INFO  ExportHelperExtension.cs: 1125 - Retrieving features of type [RefAxis] from Micro switch-4
2026-08-17 21:05:57,856 INFO  ExportHelperExtension.cs: 1136 - Found 36 in Micro switch-4
2026-08-17 21:05:57,857 INFO  ExportHelperExtension.cs: 1145 - Found 0 features of type [RefAxis] in Micro switch-4
2026-08-17 21:05:57,857 INFO  ExportHelperExtension.cs: 1125 - Retrieving features of type [RefAxis] from Linear Bearing 10x19x29mm-3
2026-08-17 21:05:57,858 INFO  ExportHelperExtension.cs: 1136 - Found 30 in Linear Bearing 10x19x29mm-3
2026-08-17 21:05:57,859 INFO  ExportHelperExtension.cs: 1145 - Found 0 features of type [RefAxis] in Linear Bearing 10x19x29mm-3
2026-08-17 21:05:57,859 INFO  ExportHelperExtension.cs: 1125 - Retrieving features of type [RefAxis] from GT2 Pulley - Parametric-2
2026-08-17 21:05:57,859 INFO  ExportHelperExtension.cs: 1136 - Found 35 in GT2 Pulley - Parametric-2
2026-08-17 21:05:57,860 INFO  ExportHelperExtension.cs: 1145 - Found 0 features of type [RefAxis] in GT2 Pulley - Parametric-2
2026-08-17 21:05:57,860 INFO  ExportHelperExtension.cs: 1125 - Retrieving features of type [RefAxis] from Linear Bearing 10x19x29mm-2
2026-08-17 21:05:57,861 INFO  ExportHelperExtension.cs: 1136 - Found 30 in Linear Bearing 10x19x29mm-2
2026-08-17 21:05:57,861 INFO  ExportHelperExtension.cs: 1145 - Found 0 features of type [RefAxis] in Linear Bearing 10x19x29mm-2
2026-08-17 21:05:57,862 INFO  ExportHelperExtension.cs: 1125 - Retrieving features of type [RefAxis] from NEMA 17 Stepper L24mm - 20mm shaft-1
2026-08-17 21:05:57,862 INFO  ExportHelperExtension.cs: 1136 - Found 36 in NEMA 17 Stepper L24mm - 20mm shaft-1
2026-08-17 21:05:57,863 INFO  ExportHelperExtension.cs: 1145 - Found 0 features of type [RefAxis] in NEMA 17 Stepper L24mm - 20mm shaft-1
2026-08-17 21:05:57,863 INFO  ExportHelperExtension.cs: 1125 - Retrieving features of type [RefAxis] from Ball Bearing 30x42x7mm-2
2026-08-17 21:05:57,863 INFO  ExportHelperExtension.cs: 1136 - Found 30 in Ball Bearing 30x42x7mm-2
2026-08-17 21:05:57,864 INFO  ExportHelperExtension.cs: 1145 - Found 0 features of type [RefAxis] in Ball Bearing 30x42x7mm-2
2026-08-17 21:05:57,864 INFO  ExportHelperExtension.cs: 1125 - Retrieving features of type [RefAxis] from Thrust Bearing 35x52x12mm-3
2026-08-17 21:05:57,865 INFO  ExportHelperExtension.cs: 1136 - Found 39 in Thrust Bearing 35x52x12mm-3
2026-08-17 21:05:57,866 INFO  ExportHelperExtension.cs: 1145 - Found 0 features of type [RefAxis] in Thrust Bearing 35x52x12mm-3
2026-08-17 21:05:57,867 INFO  ExportHelperExtension.cs: 1125 - Retrieving features of type [RefAxis] from Thrust Bearing 35x52x12mm-4
2026-08-17 21:05:57,867 INFO  ExportHelperExtension.cs: 1136 - Found 39 in Thrust Bearing 35x52x12mm-4
2026-08-17 21:05:57,868 INFO  ExportHelperExtension.cs: 1145 - Found 0 features of type [RefAxis] in Thrust Bearing 35x52x12mm-4
2026-08-17 21:05:57,868 INFO  ExportHelperExtension.cs: 1125 - Retrieving features of type [RefAxis] from GT2 Pulley - 90 teeth - J3-1
2026-08-17 21:05:57,869 INFO  ExportHelperExtension.cs: 1136 - Found 41 in GT2 Pulley - 90 teeth - J3-1
2026-08-17 21:05:57,870 INFO  ExportHelperExtension.cs: 1145 - Found 0 features of type [RefAxis] in GT2 Pulley - 90 teeth - J3-1
2026-08-17 21:05:57,870 INFO  ExportHelperExtension.cs: 1125 - Retrieving features of type [RefAxis] from J3 Coupler-1
2026-08-17 21:05:57,871 INFO  ExportHelperExtension.cs: 1136 - Found 45 in J3 Coupler-1
2026-08-17 21:05:57,871 INFO  ExportHelperExtension.cs: 1145 - Found 0 features of type [RefAxis] in J3 Coupler-1
2026-08-17 21:05:57,872 INFO  ExportHelperExtension.cs: 1125 - Retrieving features of type [RefAxis] from Micro switch-3
2026-08-17 21:05:57,872 INFO  ExportHelperExtension.cs: 1136 - Found 36 in Micro switch-3
2026-08-17 21:05:57,872 INFO  ExportHelperExtension.cs: 1145 - Found 0 features of type [RefAxis] in Micro switch-3
2026-08-17 21:05:57,873 INFO  ExportHelperExtension.cs: 1125 - Retrieving features of type [RefAxis] from Lead Screw Nut 8mm-1
2026-08-17 21:05:57,873 INFO  ExportHelperExtension.cs: 1136 - Found 31 in Lead Screw Nut 8mm-1
2026-08-17 21:05:57,874 INFO  ExportHelperExtension.cs: 1145 - Found 0 features of type [RefAxis] in Lead Screw Nut 8mm-1
2026-08-17 21:05:57,875 INFO  ExportHelperExtension.cs: 1125 - Retrieving features of type [RefAxis] from Gripper Mechanism-1
2026-08-17 21:05:57,876 INFO  ExportHelperExtension.cs: 1136 - Found 98 in Gripper Mechanism-1
2026-08-17 21:05:57,877 INFO  ExportHelperExtension.cs: 1145 - Found 0 features of type [RefAxis] in Gripper Mechanism-1
2026-08-17 21:05:57,878 INFO  ExportHelperExtension.cs: 1125 - Retrieving features of type [RefAxis] from Arm 1 Cover-1
2026-08-17 21:05:57,879 INFO  ExportHelperExtension.cs: 1136 - Found 34 in Arm 1 Cover-1
2026-08-17 21:05:57,880 INFO  ExportHelperExtension.cs: 1145 - Found 1 features of type [RefAxis] in Arm 1 Cover-1
2026-08-17 21:05:57,880 INFO  ExportHelperExtension.cs: 1125 - Retrieving features of type [RefAxis] from Micro switch-5
2026-08-17 21:05:57,881 INFO  ExportHelperExtension.cs: 1136 - Found 36 in Micro switch-5
2026-08-17 21:05:57,882 INFO  ExportHelperExtension.cs: 1145 - Found 0 features of type [RefAxis] in Micro switch-5
2026-08-17 21:05:57,883 INFO  ExportHelperExtension.cs: 1125 - Retrieving features of type [RefAxis] from Ball Bearing 35x47x7mm-1
2026-08-17 21:05:57,883 INFO  ExportHelperExtension.cs: 1136 - Found 30 in Ball Bearing 35x47x7mm-1
2026-08-17 21:05:57,883 INFO  ExportHelperExtension.cs: 1145 - Found 0 features of type [RefAxis] in Ball Bearing 35x47x7mm-1
2026-08-17 21:05:57,884 INFO  ExportHelperExtension.cs: 1125 - Retrieving features of type [RefAxis] from GT2 Belt 300mm 2-1
2026-08-17 21:05:57,884 INFO  ExportHelperExtension.cs: 1136 - Found 25 in GT2 Belt 300mm 2-1
2026-08-17 21:05:57,885 INFO  ExportHelperExtension.cs: 1145 - Found 0 features of type [RefAxis] in GT2 Belt 300mm 2-1
2026-08-17 21:05:57,885 INFO  ExportHelperExtension.cs: 1125 - Retrieving features of type [RefAxis] from Top cover-1
2026-08-17 21:05:57,886 INFO  ExportHelperExtension.cs: 1136 - Found 40 in Top cover-1
2026-08-17 21:05:57,899 INFO  ExportHelperExtension.cs: 1145 - Found 0 features of type [RefAxis] in Top cover-1
2026-08-17 21:05:57,900 INFO  ExportHelperExtension.cs: 1125 - Retrieving features of type [RefAxis] from GT2 Belt 400mm 2-1
2026-08-17 21:05:57,907 INFO  ExportHelperExtension.cs: 1136 - Found 25 in GT2 Belt 400mm 2-1
2026-08-17 21:05:57,907 INFO  ExportHelperExtension.cs: 1145 - Found 0 features of type [RefAxis] in GT2 Belt 400mm 2-1
2026-08-17 21:05:57,908 INFO  ExportHelperExtension.cs: 1125 - Retrieving features of type [RefAxis] from Base cover-1
2026-08-17 21:05:57,909 INFO  ExportHelperExtension.cs: 1136 - Found 29 in Base cover-1
2026-08-17 21:05:57,910 INFO  ExportHelperExtension.cs: 1145 - Found 0 features of type [RefAxis] in Base cover-1
2026-08-17 21:05:57,910 INFO  ExportHelperExtension.cs: 1125 - Retrieving features of type [RefAxis] from Arduino UNO case p1-1
2026-08-17 21:05:57,911 INFO  ExportHelperExtension.cs: 1136 - Found 41 in Arduino UNO case p1-1
2026-08-17 21:05:57,912 INFO  ExportHelperExtension.cs: 1145 - Found 0 features of type [RefAxis] in Arduino UNO case p1-1
2026-08-17 21:05:57,912 INFO  ExportHelperExtension.cs: 1125 - Retrieving features of type [RefAxis] from GT2 Belt 400mm-1
2026-08-17 21:05:57,913 INFO  ExportHelperExtension.cs: 1136 - Found 25 in GT2 Belt 400mm-1
2026-08-17 21:05:57,913 INFO  ExportHelperExtension.cs: 1145 - Found 0 features of type [RefAxis] in GT2 Belt 400mm-1
2026-08-17 21:05:57,914 INFO  ExportHelperExtension.cs: 1125 - Retrieving features of type [RefAxis] from GT2 Belt 200mm-1
2026-08-17 21:05:57,915 INFO  ExportHelperExtension.cs: 1136 - Found 25 in GT2 Belt 200mm-1
2026-08-17 21:05:57,915 INFO  ExportHelperExtension.cs: 1145 - Found 0 features of type [RefAxis] in GT2 Belt 200mm-1
2026-08-17 21:05:57,915 INFO  ExportHelperExtension.cs: 1125 - Retrieving features of type [RefAxis] from M4 Lock nut-4
2026-08-17 21:05:57,916 INFO  ExportHelperExtension.cs: 1136 - Found 36 in M4 Lock nut-4
2026-08-17 21:05:57,916 INFO  ExportHelperExtension.cs: 1145 - Found 0 features of type [RefAxis] in M4 Lock nut-4
2026-08-17 21:05:57,917 INFO  ExportHelperExtension.cs: 1125 - Retrieving features of type [RefAxis] from Arduino UNO case p2-1
2026-08-17 21:05:57,917 INFO  ExportHelperExtension.cs: 1136 - Found 39 in Arduino UNO case p2-1
2026-08-17 21:05:57,918 INFO  ExportHelperExtension.cs: 1145 - Found 0 features of type [RefAxis] in Arduino UNO case p2-1
2026-08-17 21:05:57,918 INFO  ExportHelperExtension.cs: 1125 - Retrieving features of type [RefAxis] from GT2 Belt 300mm-1
2026-08-17 21:05:57,919 INFO  ExportHelperExtension.cs: 1136 - Found 25 in GT2 Belt 300mm-1
2026-08-17 21:05:57,919 INFO  ExportHelperExtension.cs: 1145 - Found 0 features of type [RefAxis] in GT2 Belt 300mm-1
2026-08-17 21:05:57,920 INFO  ExportHelperExtension.cs: 1125 - Retrieving features of type [RefAxis] from M8 Lock nut-1
2026-08-17 21:05:57,920 INFO  ExportHelperExtension.cs: 1136 - Found 36 in M8 Lock nut-1
2026-08-17 21:05:57,920 INFO  ExportHelperExtension.cs: 1145 - Found 0 features of type [RefAxis] in M8 Lock nut-1
2026-08-17 21:05:57,921 INFO  ExportHelperExtension.cs: 1125 - Retrieving features of type [RefAxis] from M4 Lock nut-1
2026-08-17 21:05:57,921 INFO  ExportHelperExtension.cs: 1136 - Found 36 in M4 Lock nut-1
2026-08-17 21:05:57,922 INFO  ExportHelperExtension.cs: 1145 - Found 0 features of type [RefAxis] in M4 Lock nut-1
2026-08-17 21:05:57,922 INFO  ExportHelperExtension.cs: 1125 - Retrieving features of type [RefAxis] from M8 45mm - Bolts-1
2026-08-17 21:05:57,922 INFO  ExportHelperExtension.cs: 1136 - Found 36 in M8 45mm - Bolts-1
2026-08-17 21:05:57,923 INFO  ExportHelperExtension.cs: 1145 - Found 0 features of type [RefAxis] in M8 45mm - Bolts-1
2026-08-17 21:05:57,923 INFO  ExportHelperExtension.cs: 1125 - Retrieving features of type [RefAxis] from M4 Lock nut-2
2026-08-17 21:05:57,924 INFO  ExportHelperExtension.cs: 1136 - Found 36 in M4 Lock nut-2
2026-08-17 21:05:57,924 INFO  ExportHelperExtension.cs: 1145 - Found 0 features of type [RefAxis] in M4 Lock nut-2
2026-08-17 21:05:57,924 INFO  ExportHelperExtension.cs: 1125 - Retrieving features of type [RefAxis] from M4 Lock nut-3
2026-08-17 21:05:57,925 INFO  ExportHelperExtension.cs: 1136 - Found 36 in M4 Lock nut-3
2026-08-17 21:05:57,926 INFO  ExportHelperExtension.cs: 1145 - Found 0 features of type [RefAxis] in M4 Lock nut-3
2026-08-17 21:05:57,926 INFO  ExportHelperExtension.cs: 1125 - Retrieving features of type [RefAxis] from M8 Lock nut-3
2026-08-17 21:05:57,926 INFO  ExportHelperExtension.cs: 1136 - Found 36 in M8 Lock nut-3
2026-08-17 21:05:57,927 INFO  ExportHelperExtension.cs: 1145 - Found 0 features of type [RefAxis] in M8 Lock nut-3
2026-08-17 21:05:57,927 INFO  ExportHelperExtension.cs: 1125 - Retrieving features of type [RefAxis] from M4 60mm - Bolts-3
2026-08-17 21:05:57,927 INFO  ExportHelperExtension.cs: 1136 - Found 36 in M4 60mm - Bolts-3
2026-08-17 21:05:57,928 INFO  ExportHelperExtension.cs: 1145 - Found 0 features of type [RefAxis] in M4 60mm - Bolts-3
2026-08-17 21:05:57,928 INFO  ExportHelperExtension.cs: 1125 - Retrieving features of type [RefAxis] from M8 45mm - Bolts-3
2026-08-17 21:05:57,928 INFO  ExportHelperExtension.cs: 1136 - Found 36 in M8 45mm - Bolts-3
2026-08-17 21:05:57,929 INFO  ExportHelperExtension.cs: 1145 - Found 0 features of type [RefAxis] in M8 45mm - Bolts-3
2026-08-17 21:05:57,929 INFO  ExportHelperExtension.cs: 1125 - Retrieving features of type [RefAxis] from M4 Lock nut-7
2026-08-17 21:05:57,930 INFO  ExportHelperExtension.cs: 1136 - Found 36 in M4 Lock nut-7
2026-08-17 21:05:57,931 INFO  ExportHelperExtension.cs: 1145 - Found 0 features of type [RefAxis] in M4 Lock nut-7
2026-08-17 21:05:57,931 INFO  ExportHelperExtension.cs: 1125 - Retrieving features of type [RefAxis] from M4 Lock nut-5
2026-08-17 21:05:57,931 INFO  ExportHelperExtension.cs: 1136 - Found 36 in M4 Lock nut-5
2026-08-17 21:05:57,932 INFO  ExportHelperExtension.cs: 1145 - Found 0 features of type [RefAxis] in M4 Lock nut-5
2026-08-17 21:05:57,932 INFO  ExportHelperExtension.cs: 1125 - Retrieving features of type [RefAxis] from M4 50mm - Bolts-3
2026-08-17 21:05:57,934 INFO  ExportHelperExtension.cs: 1136 - Found 36 in M4 50mm - Bolts-3
2026-08-17 21:05:57,934 INFO  ExportHelperExtension.cs: 1145 - Found 0 features of type [RefAxis] in M4 50mm - Bolts-3
2026-08-17 21:05:57,934 INFO  ExportHelperExtension.cs: 1125 - Retrieving features of type [RefAxis] from M4 60mm - Bolts-4
2026-08-17 21:05:57,935 INFO  ExportHelperExtension.cs: 1136 - Found 36 in M4 60mm - Bolts-4
2026-08-17 21:05:57,935 INFO  ExportHelperExtension.cs: 1145 - Found 0 features of type [RefAxis] in M4 60mm - Bolts-4
2026-08-17 21:05:57,936 INFO  ExportHelperExtension.cs: 1125 - Retrieving features of type [RefAxis] from M4 60mm - Bolts-1
2026-08-17 21:05:57,936 INFO  ExportHelperExtension.cs: 1136 - Found 36 in M4 60mm - Bolts-1
2026-08-17 21:05:57,937 INFO  ExportHelperExtension.cs: 1145 - Found 0 features of type [RefAxis] in M4 60mm - Bolts-1
2026-08-17 21:05:57,937 INFO  ExportHelperExtension.cs: 1125 - Retrieving features of type [RefAxis] from M4 60mm - Bolts-2
2026-08-17 21:05:57,937 INFO  ExportHelperExtension.cs: 1136 - Found 36 in M4 60mm - Bolts-2
2026-08-17 21:05:57,938 INFO  ExportHelperExtension.cs: 1145 - Found 0 features of type [RefAxis] in M4 60mm - Bolts-2
2026-08-17 21:05:57,938 INFO  ExportHelperExtension.cs: 1125 - Retrieving features of type [RefAxis] from M4 50mm - Bolts-4
2026-08-17 21:05:57,939 INFO  ExportHelperExtension.cs: 1136 - Found 36 in M4 50mm - Bolts-4
2026-08-17 21:05:57,940 INFO  ExportHelperExtension.cs: 1145 - Found 0 features of type [RefAxis] in M4 50mm - Bolts-4
2026-08-17 21:05:57,940 INFO  ExportHelperExtension.cs: 1125 - Retrieving features of type [RefAxis] from M4 50mm - Bolts-2
2026-08-17 21:05:57,941 INFO  ExportHelperExtension.cs: 1136 - Found 36 in M4 50mm - Bolts-2
2026-08-17 21:05:57,942 INFO  ExportHelperExtension.cs: 1145 - Found 0 features of type [RefAxis] in M4 50mm - Bolts-2
2026-08-17 21:05:57,943 INFO  ExportHelperExtension.cs: 1125 - Retrieving features of type [RefAxis] from M4 Lock nut-6
2026-08-17 21:05:57,943 INFO  ExportHelperExtension.cs: 1136 - Found 36 in M4 Lock nut-6
2026-08-17 21:05:57,943 INFO  ExportHelperExtension.cs: 1145 - Found 0 features of type [RefAxis] in M4 Lock nut-6
2026-08-17 21:05:57,944 INFO  ExportHelperExtension.cs: 1125 - Retrieving features of type [RefAxis] from M4 50mm - Bolts-1
2026-08-17 21:05:57,944 INFO  ExportHelperExtension.cs: 1136 - Found 36 in M4 50mm - Bolts-1
2026-08-17 21:05:57,945 INFO  ExportHelperExtension.cs: 1145 - Found 0 features of type [RefAxis] in M4 50mm - Bolts-1
2026-08-17 21:05:57,945 INFO  ExportHelperExtension.cs: 1125 - Retrieving features of type [RefAxis] from M4 Lock nut-8
2026-08-17 21:05:57,945 INFO  ExportHelperExtension.cs: 1136 - Found 36 in M4 Lock nut-8
2026-08-17 21:05:57,946 INFO  ExportHelperExtension.cs: 1145 - Found 0 features of type [RefAxis] in M4 Lock nut-8
2026-08-17 21:05:57,946 INFO  ExportHelperExtension.cs: 1125 - Retrieving features of type [RefAxis] from Ball Bearing 608 - 8x22x7mm-3
2026-08-17 21:05:57,947 INFO  ExportHelperExtension.cs: 1136 - Found 30 in Ball Bearing 608 - 8x22x7mm-3
2026-08-17 21:05:57,947 INFO  ExportHelperExtension.cs: 1145 - Found 0 features of type [RefAxis] in Ball Bearing 608 - 8x22x7mm-3
2026-08-17 21:05:57,947 INFO  ExportHelperExtension.cs: 1125 - Retrieving features of type [RefAxis] from GT2 Pulley - 22 - 80 teeth-2
2026-08-17 21:05:57,948 INFO  ExportHelperExtension.cs: 1136 - Found 45 in GT2 Pulley - 22 - 80 teeth-2
2026-08-17 21:05:57,949 INFO  ExportHelperExtension.cs: 1145 - Found 0 features of type [RefAxis] in GT2 Pulley - 22 - 80 teeth-2
2026-08-17 21:05:57,949 INFO  ExportHelperExtension.cs: 1125 - Retrieving features of type [RefAxis] from Base-1
2026-08-17 21:05:57,950 INFO  ExportHelperExtension.cs: 1136 - Found 80 in Base-1
2026-08-17 21:05:57,950 INFO  ExportHelperExtension.cs: 1145 - Found 0 features of type [RefAxis] in Base-1
2026-08-17 21:05:57,951 INFO  ExportHelperExtension.cs: 1125 - Retrieving features of type [RefAxis] from Thrust Bearing - 40x60x13-4
2026-08-17 21:05:57,951 INFO  ExportHelperExtension.cs: 1136 - Found 39 in Thrust Bearing - 40x60x13-4
2026-08-17 21:05:57,952 INFO  ExportHelperExtension.cs: 1145 - Found 0 features of type [RefAxis] in Thrust Bearing - 40x60x13-4
2026-08-17 21:05:57,952 INFO  ExportHelperExtension.cs: 1125 - Retrieving features of type [RefAxis] from Ball Bearing 608 - 8x22x7mm-2
2026-08-17 21:05:57,952 INFO  ExportHelperExtension.cs: 1136 - Found 30 in Ball Bearing 608 - 8x22x7mm-2
2026-08-17 21:05:57,953 INFO  ExportHelperExtension.cs: 1145 - Found 0 features of type [RefAxis] in Ball Bearing 608 - 8x22x7mm-2
2026-08-17 21:05:57,953 INFO  ExportHelperExtension.cs: 1125 - Retrieving features of type [RefAxis] from Stepper NEMA 17 -  20mm shaft-1
2026-08-17 21:05:57,954 INFO  ExportHelperExtension.cs: 1136 - Found 36 in Stepper NEMA 17 -  20mm shaft-1
2026-08-17 21:05:57,955 INFO  ExportHelperExtension.cs: 1145 - Found 0 features of type [RefAxis] in Stepper NEMA 17 -  20mm shaft-1
2026-08-17 21:05:57,956 INFO  ExportHelperExtension.cs: 1125 - Retrieving features of type [RefAxis] from Thrust Bearing - 40x60x13-3
2026-08-17 21:05:57,956 INFO  ExportHelperExtension.cs: 1136 - Found 39 in Thrust Bearing - 40x60x13-3
2026-08-17 21:05:57,957 INFO  ExportHelperExtension.cs: 1145 - Found 0 features of type [RefAxis] in Thrust Bearing - 40x60x13-3
2026-08-17 21:05:57,957 INFO  ExportHelperExtension.cs: 1125 - Retrieving features of type [RefAxis] from GT2 Pulley - 110 teeth - J1-2
2026-08-17 21:05:57,958 INFO  ExportHelperExtension.cs: 1136 - Found 41 in GT2 Pulley - 110 teeth - J1-2
2026-08-17 21:05:57,959 INFO  ExportHelperExtension.cs: 1145 - Found 0 features of type [RefAxis] in GT2 Pulley - 110 teeth - J1-2
2026-08-17 21:05:57,959 INFO  ExportHelperExtension.cs: 1125 - Retrieving features of type [RefAxis] from Smooth Rod D10mm L400mm-3
2026-08-17 21:05:57,960 INFO  ExportHelperExtension.cs: 1136 - Found 25 in Smooth Rod D10mm L400mm-3
2026-08-17 21:05:57,961 INFO  ExportHelperExtension.cs: 1145 - Found 0 features of type [RefAxis] in Smooth Rod D10mm L400mm-3
2026-08-17 21:05:57,961 INFO  ExportHelperExtension.cs: 1125 - Retrieving features of type [RefAxis] from Smooth Rod Clamp-1
2026-08-17 21:05:57,962 INFO  ExportHelperExtension.cs: 1136 - Found 27 in Smooth Rod Clamp-1
2026-08-17 21:05:57,962 INFO  ExportHelperExtension.cs: 1145 - Found 0 features of type [RefAxis] in Smooth Rod Clamp-1
2026-08-17 21:05:57,963 INFO  ExportHelperExtension.cs: 1125 - Retrieving features of type [RefAxis] from Smooth Rod D10mm L400mm-4
2026-08-17 21:05:57,963 INFO  ExportHelperExtension.cs: 1136 - Found 25 in Smooth Rod D10mm L400mm-4
2026-08-17 21:05:57,964 INFO  ExportHelperExtension.cs: 1145 - Found 0 features of type [RefAxis] in Smooth Rod D10mm L400mm-4
2026-08-17 21:05:57,964 INFO  ExportHelperExtension.cs: 1125 - Retrieving features of type [RefAxis] from M8 Washer-2
2026-08-17 21:05:57,964 INFO  ExportHelperExtension.cs: 1136 - Found 25 in M8 Washer-2
2026-08-17 21:05:57,965 INFO  ExportHelperExtension.cs: 1145 - Found 0 features of type [RefAxis] in M8 Washer-2
2026-08-17 21:05:57,965 INFO  ExportHelperExtension.cs: 1125 - Retrieving features of type [RefAxis] from Smooth Rod D10mm L400mm-2
2026-08-17 21:05:57,966 INFO  ExportHelperExtension.cs: 1136 - Found 25 in Smooth Rod D10mm L400mm-2
2026-08-17 21:05:57,966 INFO  ExportHelperExtension.cs: 1145 - Found 0 features of type [RefAxis] in Smooth Rod D10mm L400mm-2
2026-08-17 21:05:57,966 INFO  ExportHelperExtension.cs: 1125 - Retrieving features of type [RefAxis] from Smooth Rod D10mm L400mm-1
2026-08-17 21:05:57,967 INFO  ExportHelperExtension.cs: 1136 - Found 25 in Smooth Rod D10mm L400mm-1
2026-08-17 21:05:57,967 INFO  ExportHelperExtension.cs: 1145 - Found 0 features of type [RefAxis] in Smooth Rod D10mm L400mm-1
2026-08-17 21:05:57,967 INFO  ExportHelperExtension.cs: 1125 - Retrieving features of type [RefAxis] from J1 coupler-1
2026-08-17 21:05:57,968 INFO  ExportHelperExtension.cs: 1136 - Found 48 in J1 coupler-1
2026-08-17 21:05:57,968 INFO  ExportHelperExtension.cs: 1145 - Found 0 features of type [RefAxis] in J1 coupler-1
2026-08-17 21:05:57,969 INFO  ExportHelperExtension.cs: 1125 - Retrieving features of type [RefAxis] from GT2 Pulley - Parametric-1
2026-08-17 21:05:57,969 INFO  ExportHelperExtension.cs: 1136 - Found 35 in GT2 Pulley - Parametric-1
2026-08-17 21:05:57,969 INFO  ExportHelperExtension.cs: 1145 - Found 0 features of type [RefAxis] in GT2 Pulley - Parametric-1
2026-08-17 21:05:57,971 INFO  ExportHelperExtension.cs: 1125 - Retrieving features of type [RefAxis] from Z-axis Bottom Plate-2
2026-08-17 21:05:57,971 INFO  ExportHelperExtension.cs: 1136 - Found 36 in Z-axis Bottom Plate-2
2026-08-17 21:05:57,972 INFO  ExportHelperExtension.cs: 1145 - Found 0 features of type [RefAxis] in Z-axis Bottom Plate-2
2026-08-17 21:05:58,047 INFO  SwAddin.cs: 339 - Loading config tree
2026-08-17 21:05:58,049 INFO  ExportPropertyManagerExtension.cs: 520 - Starting new configuration
2026-08-17 21:05:58,053 INFO  SwAddin.cs: 344 - Showing property manager
2026-08-17 21:17:21,721 INFO  ExportPropertyManager.cs: 1136 - OnNumberBoxTrackingCompleted called. This method no longer throws an Exception. It just silently does nothing. Ok, except for this logging message
2026-08-17 21:17:40,190 INFO  ExportPropertyManager.cs: 1018 - OnComboboxSelectionChanged called. This method no longer throws an Exception. It just silently does nothing. Ok, except for this logging message
2026-08-17 21:17:41,132 INFO  ExportPropertyManager.cs: 1018 - OnComboboxSelectionChanged called. This method no longer throws an Exception. It just silently does nothing. Ok, except for this logging message
2026-08-17 21:18:22,431 INFO  ExportPropertyManager.cs: 1136 - OnNumberBoxTrackingCompleted called. This method no longer throws an Exception. It just silently does nothing. Ok, except for this logging message
2026-08-17 21:18:39,095 INFO  ExportPropertyManager.cs: 1018 - OnComboboxSelectionChanged called. This method no longer throws an Exception. It just silently does nothing. Ok, except for this logging message
2026-08-17 21:19:53,245 INFO  ExportPropertyManager.cs: 1142 - AfterClose called. This method no longer throws an Exception. It just silently does nothing. Ok, except for this logging message
2026-08-17 22:11:36,424 INFO  SwAddin.cs: 294 - Assembly export called for file SCARA Robot With Controlled Motion
2026-08-17 22:11:36,425 INFO  SwAddin.cs: 299 - Save is required
2026-08-17 22:11:36,425 INFO  SwAddin.cs: 313 - Saving assembly
2026-08-17 22:11:37,854 INFO  SwAddin.cs: 316 - Opening property manager
2026-08-17 22:11:37,855 INFO  ExportHelperExtension.cs: 1125 - Retrieving features of type [CoordSys] from SCARA Robot With Controlled Motion
2026-08-17 22:11:37,857 INFO  ExportHelperExtension.cs: 1136 - Found 331 in SCARA Robot With Controlled Motion
2026-08-17 22:11:37,858 INFO  ExportHelperExtension.cs: 1145 - Found 0 features of type [CoordSys] in SCARA Robot With Controlled Motion
2026-08-17 22:11:37,858 INFO  ExportHelperExtension.cs: 1148 - Proceeding through assembly components
2026-08-17 22:11:37,859 INFO  ExportHelperExtension.cs: 1160 - 91 components to check
2026-08-17 22:11:37,859 INFO  ExportHelperExtension.cs: 1125 - Retrieving features of type [CoordSys] from Smooth Rod Clamp-7
2026-08-17 22:11:37,860 INFO  ExportHelperExtension.cs: 1136 - Found 27 in Smooth Rod Clamp-7
2026-08-17 22:11:37,860 INFO  ExportHelperExtension.cs: 1145 - Found 0 features of type [CoordSys] in Smooth Rod Clamp-7
2026-08-17 22:11:37,861 INFO  ExportHelperExtension.cs: 1125 - Retrieving features of type [CoordSys] from Smooth Rod Clamp-8
2026-08-17 22:11:37,861 INFO  ExportHelperExtension.cs: 1136 - Found 27 in Smooth Rod Clamp-8
2026-08-17 22:11:37,862 INFO  ExportHelperExtension.cs: 1145 - Found 0 features of type [CoordSys] in Smooth Rod Clamp-8
2026-08-17 22:11:37,862 INFO  ExportHelperExtension.cs: 1125 - Retrieving features of type [CoordSys] from Smooth Rod Clamp-4
2026-08-17 22:11:37,862 INFO  ExportHelperExtension.cs: 1136 - Found 27 in Smooth Rod Clamp-4
2026-08-17 22:11:37,863 INFO  ExportHelperExtension.cs: 1145 - Found 0 features of type [CoordSys] in Smooth Rod Clamp-4
2026-08-17 22:11:37,863 INFO  ExportHelperExtension.cs: 1125 - Retrieving features of type [CoordSys] from Z-axis Mount Platform-1
2026-08-17 22:11:37,863 INFO  ExportHelperExtension.cs: 1136 - Found 44 in Z-axis Mount Platform-1
2026-08-17 22:11:37,865 INFO  ExportHelperExtension.cs: 1145 - Found 0 features of type [CoordSys] in Z-axis Mount Platform-1
2026-08-17 22:11:37,865 INFO  ExportHelperExtension.cs: 1125 - Retrieving features of type [CoordSys] from Smooth Rod Clamp-6
2026-08-17 22:11:37,866 INFO  ExportHelperExtension.cs: 1136 - Found 27 in Smooth Rod Clamp-6
2026-08-17 22:11:37,866 INFO  ExportHelperExtension.cs: 1145 - Found 0 features of type [CoordSys] in Smooth Rod Clamp-6
2026-08-17 22:11:37,866 INFO  ExportHelperExtension.cs: 1125 - Retrieving features of type [CoordSys] from Ball Bearing 608 - 8x22x7mm-6
2026-08-17 22:11:37,867 INFO  ExportHelperExtension.cs: 1136 - Found 30 in Ball Bearing 608 - 8x22x7mm-6
2026-08-17 22:11:37,867 INFO  ExportHelperExtension.cs: 1145 - Found 0 features of type [CoordSys] in Ball Bearing 608 - 8x22x7mm-6
2026-08-17 22:11:37,868 INFO  ExportHelperExtension.cs: 1125 - Retrieving features of type [CoordSys] from Thrust Bearing 35x52x12mm-1
2026-08-17 22:11:37,868 INFO  ExportHelperExtension.cs: 1136 - Found 39 in Thrust Bearing 35x52x12mm-1
2026-08-17 22:11:37,869 INFO  ExportHelperExtension.cs: 1145 - Found 0 features of type [CoordSys] in Thrust Bearing 35x52x12mm-1
2026-08-17 22:11:37,869 INFO  ExportHelperExtension.cs: 1125 - Retrieving features of type [CoordSys] from Z-axis Top Plate-1
2026-08-17 22:11:37,870 INFO  ExportHelperExtension.cs: 1136 - Found 42 in Z-axis Top Plate-1
2026-08-17 22:11:37,870 INFO  ExportHelperExtension.cs: 1145 - Found 0 features of type [CoordSys] in Z-axis Top Plate-1
2026-08-17 22:11:37,871 INFO  ExportHelperExtension.cs: 1125 - Retrieving features of type [CoordSys] from Smooth Rod Clamp-3
2026-08-17 22:11:37,871 INFO  ExportHelperExtension.cs: 1136 - Found 27 in Smooth Rod Clamp-3
2026-08-17 22:11:37,871 INFO  ExportHelperExtension.cs: 1145 - Found 0 features of type [CoordSys] in Smooth Rod Clamp-3
2026-08-17 22:11:37,872 INFO  ExportHelperExtension.cs: 1125 - Retrieving features of type [CoordSys] from Smooth Rod Clamp-5
2026-08-17 22:11:37,872 INFO  ExportHelperExtension.cs: 1136 - Found 27 in Smooth Rod Clamp-5
2026-08-17 22:11:37,873 INFO  ExportHelperExtension.cs: 1145 - Found 0 features of type [CoordSys] in Smooth Rod Clamp-5
2026-08-17 22:11:37,873 INFO  ExportHelperExtension.cs: 1125 - Retrieving features of type [CoordSys] from Smooth Rod Clamp-2
2026-08-17 22:11:37,874 INFO  ExportHelperExtension.cs: 1136 - Found 27 in Smooth Rod Clamp-2
2026-08-17 22:11:37,874 INFO  ExportHelperExtension.cs: 1145 - Found 0 features of type [CoordSys] in Smooth Rod Clamp-2
2026-08-17 22:11:37,875 INFO  ExportHelperExtension.cs: 1125 - Retrieving features of type [CoordSys] from Lead Screw D8mm L380mm-1
2026-08-17 22:11:37,876 INFO  ExportHelperExtension.cs: 1136 - Found 26 in Lead Screw D8mm L380mm-1
2026-08-17 22:11:37,876 INFO  ExportHelperExtension.cs: 1145 - Found 0 features of type [CoordSys] in Lead Screw D8mm L380mm-1
2026-08-17 22:11:37,877 INFO  ExportHelperExtension.cs: 1125 - Retrieving features of type [CoordSys] from Stepper NEMA 17 -  20mm shaft-2
2026-08-17 22:11:37,878 INFO  ExportHelperExtension.cs: 1136 - Found 36 in Stepper NEMA 17 -  20mm shaft-2
2026-08-17 22:11:37,878 INFO  ExportHelperExtension.cs: 1145 - Found 0 features of type [CoordSys] in Stepper NEMA 17 -  20mm shaft-2
2026-08-17 22:11:37,879 INFO  ExportHelperExtension.cs: 1125 - Retrieving features of type [CoordSys] from Ball Bearing 608 - 8x22x7mm-4
2026-08-17 22:11:37,879 INFO  ExportHelperExtension.cs: 1136 - Found 30 in Ball Bearing 608 - 8x22x7mm-4
2026-08-17 22:11:37,880 INFO  ExportHelperExtension.cs: 1145 - Found 0 features of type [CoordSys] in Ball Bearing 608 - 8x22x7mm-4
2026-08-17 22:11:37,880 INFO  ExportHelperExtension.cs: 1125 - Retrieving features of type [CoordSys] from Arm 1-1
2026-08-17 22:11:37,881 INFO  ExportHelperExtension.cs: 1136 - Found 61 in Arm 1-1
2026-08-17 22:11:37,882 INFO  ExportHelperExtension.cs: 1145 - Found 0 features of type [CoordSys] in Arm 1-1
2026-08-17 22:11:37,882 INFO  ExportHelperExtension.cs: 1125 - Retrieving features of type [CoordSys] from Ball Bearing 608 - 8x22x7mm-5
2026-08-17 22:11:37,883 INFO  ExportHelperExtension.cs: 1136 - Found 30 in Ball Bearing 608 - 8x22x7mm-5
2026-08-17 22:11:37,883 INFO  ExportHelperExtension.cs: 1145 - Found 0 features of type [CoordSys] in Ball Bearing 608 - 8x22x7mm-5
2026-08-17 22:11:37,884 INFO  ExportHelperExtension.cs: 1125 - Retrieving features of type [CoordSys] from J2 Coupler-1
2026-08-17 22:11:37,884 INFO  ExportHelperExtension.cs: 1136 - Found 45 in J2 Coupler-1
2026-08-17 22:11:37,885 INFO  ExportHelperExtension.cs: 1145 - Found 0 features of type [CoordSys] in J2 Coupler-1
2026-08-17 22:11:37,885 INFO  ExportHelperExtension.cs: 1125 - Retrieving features of type [CoordSys] from GT2 Pulley - 92 teeth - J2-1
2026-08-17 22:11:37,886 INFO  ExportHelperExtension.cs: 1136 - Found 41 in GT2 Pulley - 92 teeth - J2-1
2026-08-17 22:11:37,887 INFO  ExportHelperExtension.cs: 1145 - Found 0 features of type [CoordSys] in GT2 Pulley - 92 teeth - J2-1
2026-08-17 22:11:37,887 INFO  ExportHelperExtension.cs: 1125 - Retrieving features of type [CoordSys] from GT2 Pulley - 23 - 80 teeth-1
2026-08-17 22:11:37,888 INFO  ExportHelperExtension.cs: 1136 - Found 45 in GT2 Pulley - 23 - 80 teeth-1
2026-08-17 22:11:37,889 INFO  ExportHelperExtension.cs: 1145 - Found 0 features of type [CoordSys] in GT2 Pulley - 23 - 80 teeth-1
2026-08-17 22:11:37,889 INFO  ExportHelperExtension.cs: 1125 - Retrieving features of type [CoordSys] from Ball Bearing 30x42x7mm-1
2026-08-17 22:11:37,890 INFO  ExportHelperExtension.cs: 1136 - Found 30 in Ball Bearing 30x42x7mm-1
2026-08-17 22:11:37,890 INFO  ExportHelperExtension.cs: 1145 - Found 0 features of type [CoordSys] in Ball Bearing 30x42x7mm-1
2026-08-17 22:11:37,891 INFO  ExportHelperExtension.cs: 1125 - Retrieving features of type [CoordSys] from Thrust Bearing 35x52x12mm-2
2026-08-17 22:11:37,891 INFO  ExportHelperExtension.cs: 1136 - Found 39 in Thrust Bearing 35x52x12mm-2
2026-08-17 22:11:37,892 INFO  ExportHelperExtension.cs: 1145 - Found 0 features of type [CoordSys] in Thrust Bearing 35x52x12mm-2
2026-08-17 22:11:37,893 INFO  ExportHelperExtension.cs: 1125 - Retrieving features of type [CoordSys] from Stepper NEMA 17 -  20mm shaft-3
2026-08-17 22:11:37,894 INFO  ExportHelperExtension.cs: 1136 - Found 36 in Stepper NEMA 17 -  20mm shaft-3
2026-08-17 22:11:37,894 INFO  ExportHelperExtension.cs: 1145 - Found 0 features of type [CoordSys] in Stepper NEMA 17 -  20mm shaft-3
2026-08-17 22:11:37,895 INFO  ExportHelperExtension.cs: 1125 - Retrieving features of type [CoordSys] from Micro switch-1
2026-08-17 22:11:37,896 INFO  ExportHelperExtension.cs: 1136 - Found 36 in Micro switch-1
2026-08-17 22:11:37,897 INFO  ExportHelperExtension.cs: 1145 - Found 0 features of type [CoordSys] in Micro switch-1
2026-08-17 22:11:37,898 INFO  ExportHelperExtension.cs: 1125 - Retrieving features of type [CoordSys] from Linear Bearing 10x19x29mm-6
2026-08-17 22:11:37,899 INFO  ExportHelperExtension.cs: 1136 - Found 30 in Linear Bearing 10x19x29mm-6
2026-08-17 22:11:37,899 INFO  ExportHelperExtension.cs: 1145 - Found 0 features of type [CoordSys] in Linear Bearing 10x19x29mm-6
2026-08-17 22:11:37,900 INFO  ExportHelperExtension.cs: 1125 - Retrieving features of type [CoordSys] from Linear Bearing 10x19x29mm-1
2026-08-17 22:11:37,900 INFO  ExportHelperExtension.cs: 1136 - Found 30 in Linear Bearing 10x19x29mm-1
2026-08-17 22:11:37,901 INFO  ExportHelperExtension.cs: 1145 - Found 0 features of type [CoordSys] in Linear Bearing 10x19x29mm-1
2026-08-17 22:11:37,901 INFO  ExportHelperExtension.cs: 1125 - Retrieving features of type [CoordSys] from Arm 2-1
2026-08-17 22:11:37,902 INFO  ExportHelperExtension.cs: 1136 - Found 53 in Arm 2-1
2026-08-17 22:11:37,903 INFO  ExportHelperExtension.cs: 1145 - Found 0 features of type [CoordSys] in Arm 2-1
2026-08-17 22:11:37,903 INFO  ExportHelperExtension.cs: 1125 - Retrieving features of type [CoordSys] from M8 Washer-3
2026-08-17 22:11:37,904 INFO  ExportHelperExtension.cs: 1136 - Found 25 in M8 Washer-3
2026-08-17 22:11:37,905 INFO  ExportHelperExtension.cs: 1145 - Found 0 features of type [CoordSys] in M8 Washer-3
2026-08-17 22:11:37,906 INFO  ExportHelperExtension.cs: 1125 - Retrieving features of type [CoordSys] from Arm 2 Cover-1
2026-08-17 22:11:37,907 INFO  ExportHelperExtension.cs: 1136 - Found 45 in Arm 2 Cover-1
2026-08-17 22:11:37,909 INFO  ExportHelperExtension.cs: 1145 - Found 0 features of type [CoordSys] in Arm 2 Cover-1
2026-08-17 22:11:37,910 INFO  ExportHelperExtension.cs: 1125 - Retrieving features of type [CoordSys] from GT2 Pulley - Parametric-3
2026-08-17 22:11:37,911 INFO  ExportHelperExtension.cs: 1136 - Found 35 in GT2 Pulley - Parametric-3
2026-08-17 22:11:37,912 INFO  ExportHelperExtension.cs: 1145 - Found 0 features of type [CoordSys] in GT2 Pulley - Parametric-3
2026-08-17 22:11:37,912 INFO  ExportHelperExtension.cs: 1125 - Retrieving features of type [CoordSys] from Micro switch-4
2026-08-17 22:11:37,913 INFO  ExportHelperExtension.cs: 1136 - Found 36 in Micro switch-4
2026-08-17 22:11:37,914 INFO  ExportHelperExtension.cs: 1145 - Found 0 features of type [CoordSys] in Micro switch-4
2026-08-17 22:11:37,914 INFO  ExportHelperExtension.cs: 1125 - Retrieving features of type [CoordSys] from Linear Bearing 10x19x29mm-3
2026-08-17 22:11:37,915 INFO  ExportHelperExtension.cs: 1136 - Found 30 in Linear Bearing 10x19x29mm-3
2026-08-17 22:11:37,915 INFO  ExportHelperExtension.cs: 1145 - Found 0 features of type [CoordSys] in Linear Bearing 10x19x29mm-3
2026-08-17 22:11:37,916 INFO  ExportHelperExtension.cs: 1125 - Retrieving features of type [CoordSys] from GT2 Pulley - Parametric-2
2026-08-17 22:11:37,916 INFO  ExportHelperExtension.cs: 1136 - Found 35 in GT2 Pulley - Parametric-2
2026-08-17 22:11:37,917 INFO  ExportHelperExtension.cs: 1145 - Found 0 features of type [CoordSys] in GT2 Pulley - Parametric-2
2026-08-17 22:11:37,917 INFO  ExportHelperExtension.cs: 1125 - Retrieving features of type [CoordSys] from Linear Bearing 10x19x29mm-2
2026-08-17 22:11:37,917 INFO  ExportHelperExtension.cs: 1136 - Found 30 in Linear Bearing 10x19x29mm-2
2026-08-17 22:11:37,918 INFO  ExportHelperExtension.cs: 1145 - Found 0 features of type [CoordSys] in Linear Bearing 10x19x29mm-2
2026-08-17 22:11:37,918 INFO  ExportHelperExtension.cs: 1125 - Retrieving features of type [CoordSys] from NEMA 17 Stepper L24mm - 20mm shaft-1
2026-08-17 22:11:37,919 INFO  ExportHelperExtension.cs: 1136 - Found 36 in NEMA 17 Stepper L24mm - 20mm shaft-1
2026-08-17 22:11:37,919 INFO  ExportHelperExtension.cs: 1145 - Found 0 features of type [CoordSys] in NEMA 17 Stepper L24mm - 20mm shaft-1
2026-08-17 22:11:37,920 INFO  ExportHelperExtension.cs: 1125 - Retrieving features of type [CoordSys] from Ball Bearing 30x42x7mm-2
2026-08-17 22:11:37,920 INFO  ExportHelperExtension.cs: 1136 - Found 30 in Ball Bearing 30x42x7mm-2
2026-08-17 22:11:37,921 INFO  ExportHelperExtension.cs: 1145 - Found 0 features of type [CoordSys] in Ball Bearing 30x42x7mm-2
2026-08-17 22:11:37,921 INFO  ExportHelperExtension.cs: 1125 - Retrieving features of type [CoordSys] from Thrust Bearing 35x52x12mm-3
2026-08-17 22:11:37,922 INFO  ExportHelperExtension.cs: 1136 - Found 39 in Thrust Bearing 35x52x12mm-3
2026-08-17 22:11:37,922 INFO  ExportHelperExtension.cs: 1145 - Found 0 features of type [CoordSys] in Thrust Bearing 35x52x12mm-3
2026-08-17 22:11:37,923 INFO  ExportHelperExtension.cs: 1125 - Retrieving features of type [CoordSys] from Thrust Bearing 35x52x12mm-4
2026-08-17 22:11:37,923 INFO  ExportHelperExtension.cs: 1136 - Found 39 in Thrust Bearing 35x52x12mm-4
2026-08-17 22:11:37,924 INFO  ExportHelperExtension.cs: 1145 - Found 0 features of type [CoordSys] in Thrust Bearing 35x52x12mm-4
2026-08-17 22:11:37,925 INFO  ExportHelperExtension.cs: 1125 - Retrieving features of type [CoordSys] from GT2 Pulley - 90 teeth - J3-1
2026-08-17 22:11:37,925 INFO  ExportHelperExtension.cs: 1136 - Found 41 in GT2 Pulley - 90 teeth - J3-1
2026-08-17 22:11:37,926 INFO  ExportHelperExtension.cs: 1145 - Found 0 features of type [CoordSys] in GT2 Pulley - 90 teeth - J3-1
2026-08-17 22:11:37,931 INFO  ExportHelperExtension.cs: 1125 - Retrieving features of type [CoordSys] from J3 Coupler-1
2026-08-17 22:11:37,932 INFO  ExportHelperExtension.cs: 1136 - Found 45 in J3 Coupler-1
2026-08-17 22:11:37,933 INFO  ExportHelperExtension.cs: 1145 - Found 0 features of type [CoordSys] in J3 Coupler-1
2026-08-17 22:11:37,933 INFO  ExportHelperExtension.cs: 1125 - Retrieving features of type [CoordSys] from Micro switch-3
2026-08-17 22:11:37,934 INFO  ExportHelperExtension.cs: 1136 - Found 36 in Micro switch-3
2026-08-17 22:11:37,934 INFO  ExportHelperExtension.cs: 1145 - Found 0 features of type [CoordSys] in Micro switch-3
2026-08-17 22:11:37,935 INFO  ExportHelperExtension.cs: 1125 - Retrieving features of type [CoordSys] from Lead Screw Nut 8mm-1
2026-08-17 22:11:37,935 INFO  ExportHelperExtension.cs: 1136 - Found 31 in Lead Screw Nut 8mm-1
2026-08-17 22:11:37,936 INFO  ExportHelperExtension.cs: 1145 - Found 0 features of type [CoordSys] in Lead Screw Nut 8mm-1
2026-08-17 22:11:37,936 INFO  ExportHelperExtension.cs: 1125 - Retrieving features of type [CoordSys] from Gripper Mechanism-1
2026-08-17 22:11:37,937 INFO  ExportHelperExtension.cs: 1136 - Found 98 in Gripper Mechanism-1
2026-08-17 22:11:37,938 INFO  ExportHelperExtension.cs: 1145 - Found 0 features of type [CoordSys] in Gripper Mechanism-1
2026-08-17 22:11:37,938 INFO  ExportHelperExtension.cs: 1125 - Retrieving features of type [CoordSys] from Arm 1 Cover-1
2026-08-17 22:11:37,939 INFO  ExportHelperExtension.cs: 1136 - Found 34 in Arm 1 Cover-1
2026-08-17 22:11:37,940 INFO  ExportHelperExtension.cs: 1145 - Found 0 features of type [CoordSys] in Arm 1 Cover-1
2026-08-17 22:11:37,940 INFO  ExportHelperExtension.cs: 1125 - Retrieving features of type [CoordSys] from Micro switch-5
2026-08-17 22:11:37,941 INFO  ExportHelperExtension.cs: 1136 - Found 36 in Micro switch-5
2026-08-17 22:11:37,942 INFO  ExportHelperExtension.cs: 1145 - Found 0 features of type [CoordSys] in Micro switch-5
2026-08-17 22:11:37,942 INFO  ExportHelperExtension.cs: 1125 - Retrieving features of type [CoordSys] from Ball Bearing 35x47x7mm-1
2026-08-17 22:11:37,943 INFO  ExportHelperExtension.cs: 1136 - Found 30 in Ball Bearing 35x47x7mm-1
2026-08-17 22:11:37,943 INFO  ExportHelperExtension.cs: 1145 - Found 0 features of type [CoordSys] in Ball Bearing 35x47x7mm-1
2026-08-17 22:11:37,944 INFO  ExportHelperExtension.cs: 1125 - Retrieving features of type [CoordSys] from GT2 Belt 300mm 2-1
2026-08-17 22:11:37,944 INFO  ExportHelperExtension.cs: 1136 - Found 25 in GT2 Belt 300mm 2-1
2026-08-17 22:11:37,945 INFO  ExportHelperExtension.cs: 1145 - Found 0 features of type [CoordSys] in GT2 Belt 300mm 2-1
2026-08-17 22:11:37,945 INFO  ExportHelperExtension.cs: 1125 - Retrieving features of type [CoordSys] from Top cover-1
2026-08-17 22:11:37,946 INFO  ExportHelperExtension.cs: 1136 - Found 40 in Top cover-1
2026-08-17 22:11:37,946 INFO  ExportHelperExtension.cs: 1145 - Found 0 features of type [CoordSys] in Top cover-1
2026-08-17 22:11:37,947 INFO  ExportHelperExtension.cs: 1125 - Retrieving features of type [CoordSys] from GT2 Belt 400mm 2-1
2026-08-17 22:11:37,948 INFO  ExportHelperExtension.cs: 1136 - Found 25 in GT2 Belt 400mm 2-1
2026-08-17 22:11:37,948 INFO  ExportHelperExtension.cs: 1145 - Found 0 features of type [CoordSys] in GT2 Belt 400mm 2-1
2026-08-17 22:11:37,949 INFO  ExportHelperExtension.cs: 1125 - Retrieving features of type [CoordSys] from Base cover-1
2026-08-17 22:11:37,949 INFO  ExportHelperExtension.cs: 1136 - Found 29 in Base cover-1
2026-08-17 22:11:37,950 INFO  ExportHelperExtension.cs: 1145 - Found 0 features of type [CoordSys] in Base cover-1
2026-08-17 22:11:37,953 INFO  ExportHelperExtension.cs: 1125 - Retrieving features of type [CoordSys] from Arduino UNO case p1-1
2026-08-17 22:11:38,082 INFO  ExportHelperExtension.cs: 1136 - Found 41 in Arduino UNO case p1-1
2026-08-17 22:11:38,083 INFO  ExportHelperExtension.cs: 1145 - Found 0 features of type [CoordSys] in Arduino UNO case p1-1
2026-08-17 22:11:38,083 INFO  ExportHelperExtension.cs: 1125 - Retrieving features of type [CoordSys] from GT2 Belt 400mm-1
2026-08-17 22:11:38,084 INFO  ExportHelperExtension.cs: 1136 - Found 25 in GT2 Belt 400mm-1
2026-08-17 22:11:38,084 INFO  ExportHelperExtension.cs: 1145 - Found 0 features of type [CoordSys] in GT2 Belt 400mm-1
2026-08-17 22:11:38,085 INFO  ExportHelperExtension.cs: 1125 - Retrieving features of type [CoordSys] from GT2 Belt 200mm-1
2026-08-17 22:11:38,085 INFO  ExportHelperExtension.cs: 1136 - Found 25 in GT2 Belt 200mm-1
2026-08-17 22:11:38,086 INFO  ExportHelperExtension.cs: 1145 - Found 0 features of type [CoordSys] in GT2 Belt 200mm-1
2026-08-17 22:11:38,086 INFO  ExportHelperExtension.cs: 1125 - Retrieving features of type [CoordSys] from M4 Lock nut-4
2026-08-17 22:11:38,087 INFO  ExportHelperExtension.cs: 1136 - Found 36 in M4 Lock nut-4
2026-08-17 22:11:38,087 INFO  ExportHelperExtension.cs: 1145 - Found 0 features of type [CoordSys] in M4 Lock nut-4
2026-08-17 22:11:38,088 INFO  ExportHelperExtension.cs: 1125 - Retrieving features of type [CoordSys] from Arduino UNO case p2-1
2026-08-17 22:11:38,088 INFO  ExportHelperExtension.cs: 1136 - Found 39 in Arduino UNO case p2-1
2026-08-17 22:11:38,089 INFO  ExportHelperExtension.cs: 1145 - Found 0 features of type [CoordSys] in Arduino UNO case p2-1
2026-08-17 22:11:38,089 INFO  ExportHelperExtension.cs: 1125 - Retrieving features of type [CoordSys] from GT2 Belt 300mm-1
2026-08-17 22:11:38,090 INFO  ExportHelperExtension.cs: 1136 - Found 25 in GT2 Belt 300mm-1
2026-08-17 22:11:38,091 INFO  ExportHelperExtension.cs: 1145 - Found 0 features of type [CoordSys] in GT2 Belt 300mm-1
2026-08-17 22:11:38,091 INFO  ExportHelperExtension.cs: 1125 - Retrieving features of type [CoordSys] from M8 Lock nut-1
2026-08-17 22:11:38,091 INFO  ExportHelperExtension.cs: 1136 - Found 36 in M8 Lock nut-1
2026-08-17 22:11:38,092 INFO  ExportHelperExtension.cs: 1145 - Found 0 features of type [CoordSys] in M8 Lock nut-1
2026-08-17 22:11:38,092 INFO  ExportHelperExtension.cs: 1125 - Retrieving features of type [CoordSys] from M4 Lock nut-1
2026-08-17 22:11:38,093 INFO  ExportHelperExtension.cs: 1136 - Found 36 in M4 Lock nut-1
2026-08-17 22:11:38,093 INFO  ExportHelperExtension.cs: 1145 - Found 0 features of type [CoordSys] in M4 Lock nut-1
2026-08-17 22:11:38,094 INFO  ExportHelperExtension.cs: 1125 - Retrieving features of type [CoordSys] from M8 45mm - Bolts-1
2026-08-17 22:11:38,094 INFO  ExportHelperExtension.cs: 1136 - Found 36 in M8 45mm - Bolts-1
2026-08-17 22:11:38,095 INFO  ExportHelperExtension.cs: 1145 - Found 0 features of type [CoordSys] in M8 45mm - Bolts-1
2026-08-17 22:11:38,095 INFO  ExportHelperExtension.cs: 1125 - Retrieving features of type [CoordSys] from M4 Lock nut-2
2026-08-17 22:11:38,096 INFO  ExportHelperExtension.cs: 1136 - Found 36 in M4 Lock nut-2
2026-08-17 22:11:38,096 INFO  ExportHelperExtension.cs: 1145 - Found 0 features of type [CoordSys] in M4 Lock nut-2
2026-08-17 22:11:38,097 INFO  ExportHelperExtension.cs: 1125 - Retrieving features of type [CoordSys] from M4 Lock nut-3
2026-08-17 22:11:38,097 INFO  ExportHelperExtension.cs: 1136 - Found 36 in M4 Lock nut-3
2026-08-17 22:11:38,098 INFO  ExportHelperExtension.cs: 1145 - Found 0 features of type [CoordSys] in M4 Lock nut-3
2026-08-17 22:11:38,098 INFO  ExportHelperExtension.cs: 1125 - Retrieving features of type [CoordSys] from M8 Lock nut-3
2026-08-17 22:11:38,099 INFO  ExportHelperExtension.cs: 1136 - Found 36 in M8 Lock nut-3
2026-08-17 22:11:38,099 INFO  ExportHelperExtension.cs: 1145 - Found 0 features of type [CoordSys] in M8 Lock nut-3
2026-08-17 22:11:38,100 INFO  ExportHelperExtension.cs: 1125 - Retrieving features of type [CoordSys] from M4 60mm - Bolts-3
2026-08-17 22:11:38,100 INFO  ExportHelperExtension.cs: 1136 - Found 36 in M4 60mm - Bolts-3
2026-08-17 22:11:38,101 INFO  ExportHelperExtension.cs: 1145 - Found 0 features of type [CoordSys] in M4 60mm - Bolts-3
2026-08-17 22:11:38,101 INFO  ExportHelperExtension.cs: 1125 - Retrieving features of type [CoordSys] from M8 45mm - Bolts-3
2026-08-17 22:11:38,101 INFO  ExportHelperExtension.cs: 1136 - Found 36 in M8 45mm - Bolts-3
2026-08-17 22:11:38,102 INFO  ExportHelperExtension.cs: 1145 - Found 0 features of type [CoordSys] in M8 45mm - Bolts-3
2026-08-17 22:11:38,102 INFO  ExportHelperExtension.cs: 1125 - Retrieving features of type [CoordSys] from M4 Lock nut-7
2026-08-17 22:11:38,103 INFO  ExportHelperExtension.cs: 1136 - Found 36 in M4 Lock nut-7
2026-08-17 22:11:38,103 INFO  ExportHelperExtension.cs: 1145 - Found 0 features of type [CoordSys] in M4 Lock nut-7
2026-08-17 22:11:38,104 INFO  ExportHelperExtension.cs: 1125 - Retrieving features of type [CoordSys] from M4 Lock nut-5
2026-08-17 22:11:38,104 INFO  ExportHelperExtension.cs: 1136 - Found 36 in M4 Lock nut-5
2026-08-17 22:11:38,104 INFO  ExportHelperExtension.cs: 1145 - Found 0 features of type [CoordSys] in M4 Lock nut-5
2026-08-17 22:11:38,105 INFO  ExportHelperExtension.cs: 1125 - Retrieving features of type [CoordSys] from M4 50mm - Bolts-3
2026-08-17 22:11:38,105 INFO  ExportHelperExtension.cs: 1136 - Found 36 in M4 50mm - Bolts-3
2026-08-17 22:11:38,106 INFO  ExportHelperExtension.cs: 1145 - Found 0 features of type [CoordSys] in M4 50mm - Bolts-3
2026-08-17 22:11:38,106 INFO  ExportHelperExtension.cs: 1125 - Retrieving features of type [CoordSys] from M4 60mm - Bolts-4
2026-08-17 22:11:38,107 INFO  ExportHelperExtension.cs: 1136 - Found 36 in M4 60mm - Bolts-4
2026-08-17 22:11:38,107 INFO  ExportHelperExtension.cs: 1145 - Found 0 features of type [CoordSys] in M4 60mm - Bolts-4
2026-08-17 22:11:38,107 INFO  ExportHelperExtension.cs: 1125 - Retrieving features of type [CoordSys] from M4 60mm - Bolts-1
2026-08-17 22:11:38,108 INFO  ExportHelperExtension.cs: 1136 - Found 36 in M4 60mm - Bolts-1
2026-08-17 22:11:38,108 INFO  ExportHelperExtension.cs: 1145 - Found 0 features of type [CoordSys] in M4 60mm - Bolts-1
2026-08-17 22:11:38,109 INFO  ExportHelperExtension.cs: 1125 - Retrieving features of type [CoordSys] from M4 60mm - Bolts-2
2026-08-17 22:11:38,109 INFO  ExportHelperExtension.cs: 1136 - Found 36 in M4 60mm - Bolts-2
2026-08-17 22:11:38,109 INFO  ExportHelperExtension.cs: 1145 - Found 0 features of type [CoordSys] in M4 60mm - Bolts-2
2026-08-17 22:11:38,110 INFO  ExportHelperExtension.cs: 1125 - Retrieving features of type [CoordSys] from M4 50mm - Bolts-4
2026-08-17 22:11:38,110 INFO  ExportHelperExtension.cs: 1136 - Found 36 in M4 50mm - Bolts-4
2026-08-17 22:11:38,111 INFO  ExportHelperExtension.cs: 1145 - Found 0 features of type [CoordSys] in M4 50mm - Bolts-4
2026-08-17 22:11:38,111 INFO  ExportHelperExtension.cs: 1125 - Retrieving features of type [CoordSys] from M4 50mm - Bolts-2
2026-08-17 22:11:38,112 INFO  ExportHelperExtension.cs: 1136 - Found 36 in M4 50mm - Bolts-2
2026-08-17 22:11:38,112 INFO  ExportHelperExtension.cs: 1145 - Found 0 features of type [CoordSys] in M4 50mm - Bolts-2
2026-08-17 22:11:38,112 INFO  ExportHelperExtension.cs: 1125 - Retrieving features of type [CoordSys] from M4 Lock nut-6
2026-08-17 22:11:38,113 INFO  ExportHelperExtension.cs: 1136 - Found 36 in M4 Lock nut-6
2026-08-17 22:11:38,113 INFO  ExportHelperExtension.cs: 1145 - Found 0 features of type [CoordSys] in M4 Lock nut-6
2026-08-17 22:11:38,114 INFO  ExportHelperExtension.cs: 1125 - Retrieving features of type [CoordSys] from M4 50mm - Bolts-1
2026-08-17 22:11:38,114 INFO  ExportHelperExtension.cs: 1136 - Found 36 in M4 50mm - Bolts-1
2026-08-17 22:11:38,115 INFO  ExportHelperExtension.cs: 1145 - Found 0 features of type [CoordSys] in M4 50mm - Bolts-1
2026-08-17 22:11:38,115 INFO  ExportHelperExtension.cs: 1125 - Retrieving features of type [CoordSys] from M4 Lock nut-8
2026-08-17 22:11:38,115 INFO  ExportHelperExtension.cs: 1136 - Found 36 in M4 Lock nut-8
2026-08-17 22:11:38,116 INFO  ExportHelperExtension.cs: 1145 - Found 0 features of type [CoordSys] in M4 Lock nut-8
2026-08-17 22:11:38,116 INFO  ExportHelperExtension.cs: 1125 - Retrieving features of type [CoordSys] from Ball Bearing 608 - 8x22x7mm-3
2026-08-17 22:11:38,117 INFO  ExportHelperExtension.cs: 1136 - Found 30 in Ball Bearing 608 - 8x22x7mm-3
2026-08-17 22:11:38,117 INFO  ExportHelperExtension.cs: 1145 - Found 0 features of type [CoordSys] in Ball Bearing 608 - 8x22x7mm-3
2026-08-17 22:11:38,118 INFO  ExportHelperExtension.cs: 1125 - Retrieving features of type [CoordSys] from GT2 Pulley - 22 - 80 teeth-2
2026-08-17 22:11:38,118 INFO  ExportHelperExtension.cs: 1136 - Found 45 in GT2 Pulley - 22 - 80 teeth-2
2026-08-17 22:11:38,119 INFO  ExportHelperExtension.cs: 1145 - Found 0 features of type [CoordSys] in GT2 Pulley - 22 - 80 teeth-2
2026-08-17 22:11:38,119 INFO  ExportHelperExtension.cs: 1125 - Retrieving features of type [CoordSys] from Base-1
2026-08-17 22:11:38,120 INFO  ExportHelperExtension.cs: 1136 - Found 80 in Base-1
2026-08-17 22:11:38,121 INFO  ExportHelperExtension.cs: 1145 - Found 0 features of type [CoordSys] in Base-1
2026-08-17 22:11:38,121 INFO  ExportHelperExtension.cs: 1125 - Retrieving features of type [CoordSys] from Thrust Bearing - 40x60x13-4
2026-08-17 22:11:38,122 INFO  ExportHelperExtension.cs: 1136 - Found 39 in Thrust Bearing - 40x60x13-4
2026-08-17 22:11:38,122 INFO  ExportHelperExtension.cs: 1145 - Found 0 features of type [CoordSys] in Thrust Bearing - 40x60x13-4
2026-08-17 22:11:38,122 INFO  ExportHelperExtension.cs: 1125 - Retrieving features of type [CoordSys] from Ball Bearing 608 - 8x22x7mm-2
2026-08-17 22:11:38,122 INFO  ExportHelperExtension.cs: 1136 - Found 30 in Ball Bearing 608 - 8x22x7mm-2
2026-08-17 22:11:38,124 INFO  ExportHelperExtension.cs: 1145 - Found 0 features of type [CoordSys] in Ball Bearing 608 - 8x22x7mm-2
2026-08-17 22:11:38,124 INFO  ExportHelperExtension.cs: 1125 - Retrieving features of type [CoordSys] from Stepper NEMA 17 -  20mm shaft-1
2026-08-17 22:11:38,125 INFO  ExportHelperExtension.cs: 1136 - Found 36 in Stepper NEMA 17 -  20mm shaft-1
2026-08-17 22:11:38,125 INFO  ExportHelperExtension.cs: 1145 - Found 0 features of type [CoordSys] in Stepper NEMA 17 -  20mm shaft-1
2026-08-17 22:11:38,126 INFO  ExportHelperExtension.cs: 1125 - Retrieving features of type [CoordSys] from Thrust Bearing - 40x60x13-3
2026-08-17 22:11:38,126 INFO  ExportHelperExtension.cs: 1136 - Found 39 in Thrust Bearing - 40x60x13-3
2026-08-17 22:11:38,127 INFO  ExportHelperExtension.cs: 1145 - Found 0 features of type [CoordSys] in Thrust Bearing - 40x60x13-3
2026-08-17 22:11:38,127 INFO  ExportHelperExtension.cs: 1125 - Retrieving features of type [CoordSys] from GT2 Pulley - 110 teeth - J1-2
2026-08-17 22:11:38,128 INFO  ExportHelperExtension.cs: 1136 - Found 41 in GT2 Pulley - 110 teeth - J1-2
2026-08-17 22:11:38,128 INFO  ExportHelperExtension.cs: 1145 - Found 0 features of type [CoordSys] in GT2 Pulley - 110 teeth - J1-2
2026-08-17 22:11:38,128 INFO  ExportHelperExtension.cs: 1125 - Retrieving features of type [CoordSys] from Smooth Rod D10mm L400mm-3
2026-08-17 22:11:38,129 INFO  ExportHelperExtension.cs: 1136 - Found 25 in Smooth Rod D10mm L400mm-3
2026-08-17 22:11:38,129 INFO  ExportHelperExtension.cs: 1145 - Found 0 features of type [CoordSys] in Smooth Rod D10mm L400mm-3
2026-08-17 22:11:38,130 INFO  ExportHelperExtension.cs: 1125 - Retrieving features of type [CoordSys] from Smooth Rod Clamp-1
2026-08-17 22:11:38,130 INFO  ExportHelperExtension.cs: 1136 - Found 27 in Smooth Rod Clamp-1
2026-08-17 22:11:38,131 INFO  ExportHelperExtension.cs: 1145 - Found 0 features of type [CoordSys] in Smooth Rod Clamp-1
2026-08-17 22:11:38,131 INFO  ExportHelperExtension.cs: 1125 - Retrieving features of type [CoordSys] from Smooth Rod D10mm L400mm-4
2026-08-17 22:11:38,132 INFO  ExportHelperExtension.cs: 1136 - Found 25 in Smooth Rod D10mm L400mm-4
2026-08-17 22:11:38,132 INFO  ExportHelperExtension.cs: 1145 - Found 0 features of type [CoordSys] in Smooth Rod D10mm L400mm-4
2026-08-17 22:11:38,132 INFO  ExportHelperExtension.cs: 1125 - Retrieving features of type [CoordSys] from M8 Washer-2
2026-08-17 22:11:38,133 INFO  ExportHelperExtension.cs: 1136 - Found 25 in M8 Washer-2
2026-08-17 22:11:38,133 INFO  ExportHelperExtension.cs: 1145 - Found 0 features of type [CoordSys] in M8 Washer-2
2026-08-17 22:11:38,134 INFO  ExportHelperExtension.cs: 1125 - Retrieving features of type [CoordSys] from Smooth Rod D10mm L400mm-2
2026-08-17 22:11:38,134 INFO  ExportHelperExtension.cs: 1136 - Found 25 in Smooth Rod D10mm L400mm-2
2026-08-17 22:11:38,135 INFO  ExportHelperExtension.cs: 1145 - Found 0 features of type [CoordSys] in Smooth Rod D10mm L400mm-2
2026-08-17 22:11:38,135 INFO  ExportHelperExtension.cs: 1125 - Retrieving features of type [CoordSys] from Smooth Rod D10mm L400mm-1
2026-08-17 22:11:38,135 INFO  ExportHelperExtension.cs: 1136 - Found 25 in Smooth Rod D10mm L400mm-1
2026-08-17 22:11:38,136 INFO  ExportHelperExtension.cs: 1145 - Found 0 features of type [CoordSys] in Smooth Rod D10mm L400mm-1
2026-08-17 22:11:38,136 INFO  ExportHelperExtension.cs: 1125 - Retrieving features of type [CoordSys] from J1 coupler-1
2026-08-17 22:11:38,137 INFO  ExportHelperExtension.cs: 1136 - Found 48 in J1 coupler-1
2026-08-17 22:11:38,137 INFO  ExportHelperExtension.cs: 1145 - Found 0 features of type [CoordSys] in J1 coupler-1
2026-08-17 22:11:38,138 INFO  ExportHelperExtension.cs: 1125 - Retrieving features of type [CoordSys] from GT2 Pulley - Parametric-1
2026-08-17 22:11:38,138 INFO  ExportHelperExtension.cs: 1136 - Found 35 in GT2 Pulley - Parametric-1
2026-08-17 22:11:38,139 INFO  ExportHelperExtension.cs: 1145 - Found 0 features of type [CoordSys] in GT2 Pulley - Parametric-1
2026-08-17 22:11:38,139 INFO  ExportHelperExtension.cs: 1125 - Retrieving features of type [CoordSys] from Z-axis Bottom Plate-2
2026-08-17 22:11:38,140 INFO  ExportHelperExtension.cs: 1136 - Found 36 in Z-axis Bottom Plate-2
2026-08-17 22:11:38,140 INFO  ExportHelperExtension.cs: 1145 - Found 0 features of type [CoordSys] in Z-axis Bottom Plate-2
2026-08-17 22:11:38,141 INFO  ExportHelperExtension.cs: 1125 - Retrieving features of type [RefAxis] from SCARA Robot With Controlled Motion
2026-08-17 22:11:38,141 INFO  ExportHelperExtension.cs: 1136 - Found 331 in SCARA Robot With Controlled Motion
2026-08-17 22:11:38,142 INFO  ExportHelperExtension.cs: 1145 - Found 0 features of type [RefAxis] in SCARA Robot With Controlled Motion
2026-08-17 22:11:38,143 INFO  ExportHelperExtension.cs: 1148 - Proceeding through assembly components
2026-08-17 22:11:38,143 INFO  ExportHelperExtension.cs: 1160 - 91 components to check
2026-08-17 22:11:38,144 INFO  ExportHelperExtension.cs: 1125 - Retrieving features of type [RefAxis] from Smooth Rod Clamp-7
2026-08-17 22:11:38,144 INFO  ExportHelperExtension.cs: 1136 - Found 27 in Smooth Rod Clamp-7
2026-08-17 22:11:38,145 INFO  ExportHelperExtension.cs: 1145 - Found 0 features of type [RefAxis] in Smooth Rod Clamp-7
2026-08-17 22:11:38,145 INFO  ExportHelperExtension.cs: 1125 - Retrieving features of type [RefAxis] from Smooth Rod Clamp-8
2026-08-17 22:11:38,146 INFO  ExportHelperExtension.cs: 1136 - Found 27 in Smooth Rod Clamp-8
2026-08-17 22:11:38,146 INFO  ExportHelperExtension.cs: 1145 - Found 0 features of type [RefAxis] in Smooth Rod Clamp-8
2026-08-17 22:11:38,146 INFO  ExportHelperExtension.cs: 1125 - Retrieving features of type [RefAxis] from Smooth Rod Clamp-4
2026-08-17 22:11:38,147 INFO  ExportHelperExtension.cs: 1136 - Found 27 in Smooth Rod Clamp-4
2026-08-17 22:11:38,147 INFO  ExportHelperExtension.cs: 1145 - Found 0 features of type [RefAxis] in Smooth Rod Clamp-4
2026-08-17 22:11:38,148 INFO  ExportHelperExtension.cs: 1125 - Retrieving features of type [RefAxis] from Z-axis Mount Platform-1
2026-08-17 22:11:38,148 INFO  ExportHelperExtension.cs: 1136 - Found 44 in Z-axis Mount Platform-1
2026-08-17 22:11:38,149 INFO  ExportHelperExtension.cs: 1145 - Found 0 features of type [RefAxis] in Z-axis Mount Platform-1
2026-08-17 22:11:38,149 INFO  ExportHelperExtension.cs: 1125 - Retrieving features of type [RefAxis] from Smooth Rod Clamp-6
2026-08-17 22:11:38,150 INFO  ExportHelperExtension.cs: 1136 - Found 27 in Smooth Rod Clamp-6
2026-08-17 22:11:38,150 INFO  ExportHelperExtension.cs: 1145 - Found 0 features of type [RefAxis] in Smooth Rod Clamp-6
2026-08-17 22:11:38,151 INFO  ExportHelperExtension.cs: 1125 - Retrieving features of type [RefAxis] from Ball Bearing 608 - 8x22x7mm-6
2026-08-17 22:11:38,151 INFO  ExportHelperExtension.cs: 1136 - Found 30 in Ball Bearing 608 - 8x22x7mm-6
2026-08-17 22:11:38,151 INFO  ExportHelperExtension.cs: 1145 - Found 0 features of type [RefAxis] in Ball Bearing 608 - 8x22x7mm-6
2026-08-17 22:11:38,152 INFO  ExportHelperExtension.cs: 1125 - Retrieving features of type [RefAxis] from Thrust Bearing 35x52x12mm-1
2026-08-17 22:11:38,152 INFO  ExportHelperExtension.cs: 1136 - Found 39 in Thrust Bearing 35x52x12mm-1
2026-08-17 22:11:38,153 INFO  ExportHelperExtension.cs: 1145 - Found 0 features of type [RefAxis] in Thrust Bearing 35x52x12mm-1
2026-08-17 22:11:38,154 INFO  ExportHelperExtension.cs: 1125 - Retrieving features of type [RefAxis] from Z-axis Top Plate-1
2026-08-17 22:11:38,154 INFO  ExportHelperExtension.cs: 1136 - Found 42 in Z-axis Top Plate-1
2026-08-17 22:11:38,155 INFO  ExportHelperExtension.cs: 1145 - Found 0 features of type [RefAxis] in Z-axis Top Plate-1
2026-08-17 22:11:38,155 INFO  ExportHelperExtension.cs: 1125 - Retrieving features of type [RefAxis] from Smooth Rod Clamp-3
2026-08-17 22:11:38,156 INFO  ExportHelperExtension.cs: 1136 - Found 27 in Smooth Rod Clamp-3
2026-08-17 22:11:38,157 INFO  ExportHelperExtension.cs: 1145 - Found 0 features of type [RefAxis] in Smooth Rod Clamp-3
2026-08-17 22:11:38,157 INFO  ExportHelperExtension.cs: 1125 - Retrieving features of type [RefAxis] from Smooth Rod Clamp-5
2026-08-17 22:11:38,175 INFO  ExportHelperExtension.cs: 1136 - Found 27 in Smooth Rod Clamp-5
2026-08-17 22:11:38,176 INFO  ExportHelperExtension.cs: 1145 - Found 0 features of type [RefAxis] in Smooth Rod Clamp-5
2026-08-17 22:11:38,176 INFO  ExportHelperExtension.cs: 1125 - Retrieving features of type [RefAxis] from Smooth Rod Clamp-2
2026-08-17 22:11:38,177 INFO  ExportHelperExtension.cs: 1136 - Found 27 in Smooth Rod Clamp-2
2026-08-17 22:11:38,177 INFO  ExportHelperExtension.cs: 1145 - Found 0 features of type [RefAxis] in Smooth Rod Clamp-2
2026-08-17 22:11:38,178 INFO  ExportHelperExtension.cs: 1125 - Retrieving features of type [RefAxis] from Lead Screw D8mm L380mm-1
2026-08-17 22:11:38,178 INFO  ExportHelperExtension.cs: 1136 - Found 26 in Lead Screw D8mm L380mm-1
2026-08-17 22:11:38,179 INFO  ExportHelperExtension.cs: 1145 - Found 0 features of type [RefAxis] in Lead Screw D8mm L380mm-1
2026-08-17 22:11:38,179 INFO  ExportHelperExtension.cs: 1125 - Retrieving features of type [RefAxis] from Stepper NEMA 17 -  20mm shaft-2
2026-08-17 22:11:38,179 INFO  ExportHelperExtension.cs: 1136 - Found 36 in Stepper NEMA 17 -  20mm shaft-2
2026-08-17 22:11:38,180 INFO  ExportHelperExtension.cs: 1145 - Found 0 features of type [RefAxis] in Stepper NEMA 17 -  20mm shaft-2
2026-08-17 22:11:38,180 INFO  ExportHelperExtension.cs: 1125 - Retrieving features of type [RefAxis] from Ball Bearing 608 - 8x22x7mm-4
2026-08-17 22:11:38,181 INFO  ExportHelperExtension.cs: 1136 - Found 30 in Ball Bearing 608 - 8x22x7mm-4
2026-08-17 22:11:38,181 INFO  ExportHelperExtension.cs: 1145 - Found 0 features of type [RefAxis] in Ball Bearing 608 - 8x22x7mm-4
2026-08-17 22:11:38,182 INFO  ExportHelperExtension.cs: 1125 - Retrieving features of type [RefAxis] from Arm 1-1
2026-08-17 22:11:38,182 INFO  ExportHelperExtension.cs: 1136 - Found 61 in Arm 1-1
2026-08-17 22:11:38,183 INFO  ExportHelperExtension.cs: 1145 - Found 0 features of type [RefAxis] in Arm 1-1
2026-08-17 22:11:38,183 INFO  ExportHelperExtension.cs: 1125 - Retrieving features of type [RefAxis] from Ball Bearing 608 - 8x22x7mm-5
2026-08-17 22:11:38,184 INFO  ExportHelperExtension.cs: 1136 - Found 30 in Ball Bearing 608 - 8x22x7mm-5
2026-08-17 22:11:38,184 INFO  ExportHelperExtension.cs: 1145 - Found 0 features of type [RefAxis] in Ball Bearing 608 - 8x22x7mm-5
2026-08-17 22:11:38,185 INFO  ExportHelperExtension.cs: 1125 - Retrieving features of type [RefAxis] from J2 Coupler-1
2026-08-17 22:11:38,185 INFO  ExportHelperExtension.cs: 1136 - Found 45 in J2 Coupler-1
2026-08-17 22:11:38,186 INFO  ExportHelperExtension.cs: 1145 - Found 0 features of type [RefAxis] in J2 Coupler-1
2026-08-17 22:11:38,186 INFO  ExportHelperExtension.cs: 1125 - Retrieving features of type [RefAxis] from GT2 Pulley - 92 teeth - J2-1
2026-08-17 22:11:38,187 INFO  ExportHelperExtension.cs: 1136 - Found 41 in GT2 Pulley - 92 teeth - J2-1
2026-08-17 22:11:38,187 INFO  ExportHelperExtension.cs: 1145 - Found 0 features of type [RefAxis] in GT2 Pulley - 92 teeth - J2-1
2026-08-17 22:11:38,188 INFO  ExportHelperExtension.cs: 1125 - Retrieving features of type [RefAxis] from GT2 Pulley - 23 - 80 teeth-1
2026-08-17 22:11:38,188 INFO  ExportHelperExtension.cs: 1136 - Found 45 in GT2 Pulley - 23 - 80 teeth-1
2026-08-17 22:11:38,189 INFO  ExportHelperExtension.cs: 1145 - Found 0 features of type [RefAxis] in GT2 Pulley - 23 - 80 teeth-1
2026-08-17 22:11:38,189 INFO  ExportHelperExtension.cs: 1125 - Retrieving features of type [RefAxis] from Ball Bearing 30x42x7mm-1
2026-08-17 22:11:38,190 INFO  ExportHelperExtension.cs: 1136 - Found 30 in Ball Bearing 30x42x7mm-1
2026-08-17 22:11:38,190 INFO  ExportHelperExtension.cs: 1145 - Found 0 features of type [RefAxis] in Ball Bearing 30x42x7mm-1
2026-08-17 22:11:38,190 INFO  ExportHelperExtension.cs: 1125 - Retrieving features of type [RefAxis] from Thrust Bearing 35x52x12mm-2
2026-08-17 22:11:38,191 INFO  ExportHelperExtension.cs: 1136 - Found 39 in Thrust Bearing 35x52x12mm-2
2026-08-17 22:11:38,192 INFO  ExportHelperExtension.cs: 1145 - Found 0 features of type [RefAxis] in Thrust Bearing 35x52x12mm-2
2026-08-17 22:11:38,192 INFO  ExportHelperExtension.cs: 1125 - Retrieving features of type [RefAxis] from Stepper NEMA 17 -  20mm shaft-3
2026-08-17 22:11:38,192 INFO  ExportHelperExtension.cs: 1136 - Found 36 in Stepper NEMA 17 -  20mm shaft-3
2026-08-17 22:11:38,193 INFO  ExportHelperExtension.cs: 1145 - Found 0 features of type [RefAxis] in Stepper NEMA 17 -  20mm shaft-3
2026-08-17 22:11:38,193 INFO  ExportHelperExtension.cs: 1125 - Retrieving features of type [RefAxis] from Micro switch-1
2026-08-17 22:11:38,194 INFO  ExportHelperExtension.cs: 1136 - Found 36 in Micro switch-1
2026-08-17 22:11:38,194 INFO  ExportHelperExtension.cs: 1145 - Found 0 features of type [RefAxis] in Micro switch-1
2026-08-17 22:11:38,195 INFO  ExportHelperExtension.cs: 1125 - Retrieving features of type [RefAxis] from Linear Bearing 10x19x29mm-6
2026-08-17 22:11:38,195 INFO  ExportHelperExtension.cs: 1136 - Found 30 in Linear Bearing 10x19x29mm-6
2026-08-17 22:11:38,196 INFO  ExportHelperExtension.cs: 1145 - Found 0 features of type [RefAxis] in Linear Bearing 10x19x29mm-6
2026-08-17 22:11:38,196 INFO  ExportHelperExtension.cs: 1125 - Retrieving features of type [RefAxis] from Linear Bearing 10x19x29mm-1
2026-08-17 22:11:38,196 INFO  ExportHelperExtension.cs: 1136 - Found 30 in Linear Bearing 10x19x29mm-1
2026-08-17 22:11:38,197 INFO  ExportHelperExtension.cs: 1145 - Found 0 features of type [RefAxis] in Linear Bearing 10x19x29mm-1
2026-08-17 22:11:38,197 INFO  ExportHelperExtension.cs: 1125 - Retrieving features of type [RefAxis] from Arm 2-1
2026-08-17 22:11:38,198 INFO  ExportHelperExtension.cs: 1136 - Found 53 in Arm 2-1
2026-08-17 22:11:38,198 INFO  ExportHelperExtension.cs: 1145 - Found 0 features of type [RefAxis] in Arm 2-1
2026-08-17 22:11:38,199 INFO  ExportHelperExtension.cs: 1125 - Retrieving features of type [RefAxis] from M8 Washer-3
2026-08-17 22:11:38,199 INFO  ExportHelperExtension.cs: 1136 - Found 25 in M8 Washer-3
2026-08-17 22:11:38,200 INFO  ExportHelperExtension.cs: 1145 - Found 0 features of type [RefAxis] in M8 Washer-3
2026-08-17 22:11:38,200 INFO  ExportHelperExtension.cs: 1125 - Retrieving features of type [RefAxis] from Arm 2 Cover-1
2026-08-17 22:11:38,200 INFO  ExportHelperExtension.cs: 1136 - Found 45 in Arm 2 Cover-1
2026-08-17 22:11:38,201 INFO  ExportHelperExtension.cs: 1145 - Found 0 features of type [RefAxis] in Arm 2 Cover-1
2026-08-17 22:11:38,201 INFO  ExportHelperExtension.cs: 1125 - Retrieving features of type [RefAxis] from GT2 Pulley - Parametric-3
2026-08-17 22:11:38,202 INFO  ExportHelperExtension.cs: 1136 - Found 35 in GT2 Pulley - Parametric-3
2026-08-17 22:11:38,202 INFO  ExportHelperExtension.cs: 1145 - Found 0 features of type [RefAxis] in GT2 Pulley - Parametric-3
2026-08-17 22:11:38,203 INFO  ExportHelperExtension.cs: 1125 - Retrieving features of type [RefAxis] from Micro switch-4
2026-08-17 22:11:38,203 INFO  ExportHelperExtension.cs: 1136 - Found 36 in Micro switch-4
2026-08-17 22:11:38,204 INFO  ExportHelperExtension.cs: 1145 - Found 0 features of type [RefAxis] in Micro switch-4
2026-08-17 22:11:38,204 INFO  ExportHelperExtension.cs: 1125 - Retrieving features of type [RefAxis] from Linear Bearing 10x19x29mm-3
2026-08-17 22:11:38,204 INFO  ExportHelperExtension.cs: 1136 - Found 30 in Linear Bearing 10x19x29mm-3
2026-08-17 22:11:38,205 INFO  ExportHelperExtension.cs: 1145 - Found 0 features of type [RefAxis] in Linear Bearing 10x19x29mm-3
2026-08-17 22:11:38,205 INFO  ExportHelperExtension.cs: 1125 - Retrieving features of type [RefAxis] from GT2 Pulley - Parametric-2
2026-08-17 22:11:38,206 INFO  ExportHelperExtension.cs: 1136 - Found 35 in GT2 Pulley - Parametric-2
2026-08-17 22:11:38,206 INFO  ExportHelperExtension.cs: 1145 - Found 0 features of type [RefAxis] in GT2 Pulley - Parametric-2
2026-08-17 22:11:38,207 INFO  ExportHelperExtension.cs: 1125 - Retrieving features of type [RefAxis] from Linear Bearing 10x19x29mm-2
2026-08-17 22:11:38,207 INFO  ExportHelperExtension.cs: 1136 - Found 30 in Linear Bearing 10x19x29mm-2
2026-08-17 22:11:38,207 INFO  ExportHelperExtension.cs: 1145 - Found 0 features of type [RefAxis] in Linear Bearing 10x19x29mm-2
2026-08-17 22:11:38,209 INFO  ExportHelperExtension.cs: 1125 - Retrieving features of type [RefAxis] from NEMA 17 Stepper L24mm - 20mm shaft-1
2026-08-17 22:11:38,209 INFO  ExportHelperExtension.cs: 1136 - Found 36 in NEMA 17 Stepper L24mm - 20mm shaft-1
2026-08-17 22:11:38,210 INFO  ExportHelperExtension.cs: 1145 - Found 0 features of type [RefAxis] in NEMA 17 Stepper L24mm - 20mm shaft-1
2026-08-17 22:11:38,210 INFO  ExportHelperExtension.cs: 1125 - Retrieving features of type [RefAxis] from Ball Bearing 30x42x7mm-2
2026-08-17 22:11:38,211 INFO  ExportHelperExtension.cs: 1136 - Found 30 in Ball Bearing 30x42x7mm-2
2026-08-17 22:11:38,211 INFO  ExportHelperExtension.cs: 1145 - Found 0 features of type [RefAxis] in Ball Bearing 30x42x7mm-2
2026-08-17 22:11:38,211 INFO  ExportHelperExtension.cs: 1125 - Retrieving features of type [RefAxis] from Thrust Bearing 35x52x12mm-3
2026-08-17 22:11:38,212 INFO  ExportHelperExtension.cs: 1136 - Found 39 in Thrust Bearing 35x52x12mm-3
2026-08-17 22:11:38,212 INFO  ExportHelperExtension.cs: 1145 - Found 0 features of type [RefAxis] in Thrust Bearing 35x52x12mm-3
2026-08-17 22:11:38,213 INFO  ExportHelperExtension.cs: 1125 - Retrieving features of type [RefAxis] from Thrust Bearing 35x52x12mm-4
2026-08-17 22:11:38,213 INFO  ExportHelperExtension.cs: 1136 - Found 39 in Thrust Bearing 35x52x12mm-4
2026-08-17 22:11:38,214 INFO  ExportHelperExtension.cs: 1145 - Found 0 features of type [RefAxis] in Thrust Bearing 35x52x12mm-4
2026-08-17 22:11:38,214 INFO  ExportHelperExtension.cs: 1125 - Retrieving features of type [RefAxis] from GT2 Pulley - 90 teeth - J3-1
2026-08-17 22:11:38,215 INFO  ExportHelperExtension.cs: 1136 - Found 41 in GT2 Pulley - 90 teeth - J3-1
2026-08-17 22:11:38,215 INFO  ExportHelperExtension.cs: 1145 - Found 0 features of type [RefAxis] in GT2 Pulley - 90 teeth - J3-1
2026-08-17 22:11:38,215 INFO  ExportHelperExtension.cs: 1125 - Retrieving features of type [RefAxis] from J3 Coupler-1
2026-08-17 22:11:38,216 INFO  ExportHelperExtension.cs: 1136 - Found 45 in J3 Coupler-1
2026-08-17 22:11:38,217 INFO  ExportHelperExtension.cs: 1145 - Found 0 features of type [RefAxis] in J3 Coupler-1
2026-08-17 22:11:38,217 INFO  ExportHelperExtension.cs: 1125 - Retrieving features of type [RefAxis] from Micro switch-3
2026-08-17 22:11:38,217 INFO  ExportHelperExtension.cs: 1136 - Found 36 in Micro switch-3
2026-08-17 22:11:38,218 INFO  ExportHelperExtension.cs: 1145 - Found 0 features of type [RefAxis] in Micro switch-3
2026-08-17 22:11:38,218 INFO  ExportHelperExtension.cs: 1125 - Retrieving features of type [RefAxis] from Lead Screw Nut 8mm-1
2026-08-17 22:11:38,219 INFO  ExportHelperExtension.cs: 1136 - Found 31 in Lead Screw Nut 8mm-1
2026-08-17 22:11:38,219 INFO  ExportHelperExtension.cs: 1145 - Found 0 features of type [RefAxis] in Lead Screw Nut 8mm-1
2026-08-17 22:11:38,220 INFO  ExportHelperExtension.cs: 1125 - Retrieving features of type [RefAxis] from Gripper Mechanism-1
2026-08-17 22:11:38,220 INFO  ExportHelperExtension.cs: 1136 - Found 98 in Gripper Mechanism-1
2026-08-17 22:11:38,221 INFO  ExportHelperExtension.cs: 1145 - Found 0 features of type [RefAxis] in Gripper Mechanism-1
2026-08-17 22:11:38,221 INFO  ExportHelperExtension.cs: 1125 - Retrieving features of type [RefAxis] from Arm 1 Cover-1
2026-08-17 22:11:38,222 INFO  ExportHelperExtension.cs: 1136 - Found 34 in Arm 1 Cover-1
2026-08-17 22:11:38,223 INFO  ExportHelperExtension.cs: 1145 - Found 1 features of type [RefAxis] in Arm 1 Cover-1
2026-08-17 22:11:38,223 INFO  ExportHelperExtension.cs: 1125 - Retrieving features of type [RefAxis] from Micro switch-5
2026-08-17 22:11:38,223 INFO  ExportHelperExtension.cs: 1136 - Found 36 in Micro switch-5
2026-08-17 22:11:38,224 INFO  ExportHelperExtension.cs: 1145 - Found 0 features of type [RefAxis] in Micro switch-5
2026-08-17 22:11:38,224 INFO  ExportHelperExtension.cs: 1125 - Retrieving features of type [RefAxis] from Ball Bearing 35x47x7mm-1
2026-08-17 22:11:38,225 INFO  ExportHelperExtension.cs: 1136 - Found 30 in Ball Bearing 35x47x7mm-1
2026-08-17 22:11:38,225 INFO  ExportHelperExtension.cs: 1145 - Found 0 features of type [RefAxis] in Ball Bearing 35x47x7mm-1
2026-08-17 22:11:38,226 INFO  ExportHelperExtension.cs: 1125 - Retrieving features of type [RefAxis] from GT2 Belt 300mm 2-1
2026-08-17 22:11:38,226 INFO  ExportHelperExtension.cs: 1136 - Found 25 in GT2 Belt 300mm 2-1
2026-08-17 22:11:38,226 INFO  ExportHelperExtension.cs: 1145 - Found 0 features of type [RefAxis] in GT2 Belt 300mm 2-1
2026-08-17 22:11:38,227 INFO  ExportHelperExtension.cs: 1125 - Retrieving features of type [RefAxis] from Top cover-1
2026-08-17 22:11:38,227 INFO  ExportHelperExtension.cs: 1136 - Found 40 in Top cover-1
2026-08-17 22:11:38,228 INFO  ExportHelperExtension.cs: 1145 - Found 0 features of type [RefAxis] in Top cover-1
2026-08-17 22:11:38,228 INFO  ExportHelperExtension.cs: 1125 - Retrieving features of type [RefAxis] from GT2 Belt 400mm 2-1
2026-08-17 22:11:38,229 INFO  ExportHelperExtension.cs: 1136 - Found 25 in GT2 Belt 400mm 2-1
2026-08-17 22:11:38,229 INFO  ExportHelperExtension.cs: 1145 - Found 0 features of type [RefAxis] in GT2 Belt 400mm 2-1
2026-08-17 22:11:38,230 INFO  ExportHelperExtension.cs: 1125 - Retrieving features of type [RefAxis] from Base cover-1
2026-08-17 22:11:38,230 INFO  ExportHelperExtension.cs: 1136 - Found 29 in Base cover-1
2026-08-17 22:11:38,231 INFO  ExportHelperExtension.cs: 1145 - Found 0 features of type [RefAxis] in Base cover-1
2026-08-17 22:11:38,231 INFO  ExportHelperExtension.cs: 1125 - Retrieving features of type [RefAxis] from Arduino UNO case p1-1
2026-08-17 22:11:38,232 INFO  ExportHelperExtension.cs: 1136 - Found 41 in Arduino UNO case p1-1
2026-08-17 22:11:38,232 INFO  ExportHelperExtension.cs: 1145 - Found 0 features of type [RefAxis] in Arduino UNO case p1-1
2026-08-17 22:11:38,232 INFO  ExportHelperExtension.cs: 1125 - Retrieving features of type [RefAxis] from GT2 Belt 400mm-1
2026-08-17 22:11:38,233 INFO  ExportHelperExtension.cs: 1136 - Found 25 in GT2 Belt 400mm-1
2026-08-17 22:11:38,233 INFO  ExportHelperExtension.cs: 1145 - Found 0 features of type [RefAxis] in GT2 Belt 400mm-1
2026-08-17 22:11:38,234 INFO  ExportHelperExtension.cs: 1125 - Retrieving features of type [RefAxis] from GT2 Belt 200mm-1
2026-08-17 22:11:38,234 INFO  ExportHelperExtension.cs: 1136 - Found 25 in GT2 Belt 200mm-1
2026-08-17 22:11:38,235 INFO  ExportHelperExtension.cs: 1145 - Found 0 features of type [RefAxis] in GT2 Belt 200mm-1
2026-08-17 22:11:38,235 INFO  ExportHelperExtension.cs: 1125 - Retrieving features of type [RefAxis] from M4 Lock nut-4
2026-08-17 22:11:38,236 INFO  ExportHelperExtension.cs: 1136 - Found 36 in M4 Lock nut-4
2026-08-17 22:11:38,237 INFO  ExportHelperExtension.cs: 1145 - Found 0 features of type [RefAxis] in M4 Lock nut-4
2026-08-17 22:11:38,237 INFO  ExportHelperExtension.cs: 1125 - Retrieving features of type [RefAxis] from Arduino UNO case p2-1
2026-08-17 22:11:38,237 INFO  ExportHelperExtension.cs: 1136 - Found 39 in Arduino UNO case p2-1
2026-08-17 22:11:38,238 INFO  ExportHelperExtension.cs: 1145 - Found 0 features of type [RefAxis] in Arduino UNO case p2-1
2026-08-17 22:11:38,238 INFO  ExportHelperExtension.cs: 1125 - Retrieving features of type [RefAxis] from GT2 Belt 300mm-1
2026-08-17 22:11:38,239 INFO  ExportHelperExtension.cs: 1136 - Found 25 in GT2 Belt 300mm-1
2026-08-17 22:11:38,240 INFO  ExportHelperExtension.cs: 1145 - Found 0 features of type [RefAxis] in GT2 Belt 300mm-1
2026-08-17 22:11:38,240 INFO  ExportHelperExtension.cs: 1125 - Retrieving features of type [RefAxis] from M8 Lock nut-1
2026-08-17 22:11:38,241 INFO  ExportHelperExtension.cs: 1136 - Found 36 in M8 Lock nut-1
2026-08-17 22:11:38,241 INFO  ExportHelperExtension.cs: 1145 - Found 0 features of type [RefAxis] in M8 Lock nut-1
2026-08-17 22:11:38,242 INFO  ExportHelperExtension.cs: 1125 - Retrieving features of type [RefAxis] from M4 Lock nut-1
2026-08-17 22:11:38,242 INFO  ExportHelperExtension.cs: 1136 - Found 36 in M4 Lock nut-1
2026-08-17 22:11:38,243 INFO  ExportHelperExtension.cs: 1145 - Found 0 features of type [RefAxis] in M4 Lock nut-1
2026-08-17 22:11:38,243 INFO  ExportHelperExtension.cs: 1125 - Retrieving features of type [RefAxis] from M8 45mm - Bolts-1
2026-08-17 22:11:38,243 INFO  ExportHelperExtension.cs: 1136 - Found 36 in M8 45mm - Bolts-1
2026-08-17 22:11:38,244 INFO  ExportHelperExtension.cs: 1145 - Found 0 features of type [RefAxis] in M8 45mm - Bolts-1
2026-08-17 22:11:38,245 INFO  ExportHelperExtension.cs: 1125 - Retrieving features of type [RefAxis] from M4 Lock nut-2
2026-08-17 22:11:38,245 INFO  ExportHelperExtension.cs: 1136 - Found 36 in M4 Lock nut-2
2026-08-17 22:11:38,246 INFO  ExportHelperExtension.cs: 1145 - Found 0 features of type [RefAxis] in M4 Lock nut-2
2026-08-17 22:11:38,246 INFO  ExportHelperExtension.cs: 1125 - Retrieving features of type [RefAxis] from M4 Lock nut-3
2026-08-17 22:11:38,246 INFO  ExportHelperExtension.cs: 1136 - Found 36 in M4 Lock nut-3
2026-08-17 22:11:38,247 INFO  ExportHelperExtension.cs: 1145 - Found 0 features of type [RefAxis] in M4 Lock nut-3
2026-08-17 22:11:38,248 INFO  ExportHelperExtension.cs: 1125 - Retrieving features of type [RefAxis] from M8 Lock nut-3
2026-08-17 22:11:38,248 INFO  ExportHelperExtension.cs: 1136 - Found 36 in M8 Lock nut-3
2026-08-17 22:11:38,249 INFO  ExportHelperExtension.cs: 1145 - Found 0 features of type [RefAxis] in M8 Lock nut-3
2026-08-17 22:11:38,249 INFO  ExportHelperExtension.cs: 1125 - Retrieving features of type [RefAxis] from M4 60mm - Bolts-3
2026-08-17 22:11:38,250 INFO  ExportHelperExtension.cs: 1136 - Found 36 in M4 60mm - Bolts-3
2026-08-17 22:11:38,250 INFO  ExportHelperExtension.cs: 1145 - Found 0 features of type [RefAxis] in M4 60mm - Bolts-3
2026-08-17 22:11:38,254 INFO  ExportHelperExtension.cs: 1125 - Retrieving features of type [RefAxis] from M8 45mm - Bolts-3
2026-08-17 22:11:38,270 INFO  ExportHelperExtension.cs: 1136 - Found 36 in M8 45mm - Bolts-3
2026-08-17 22:11:38,271 INFO  ExportHelperExtension.cs: 1145 - Found 0 features of type [RefAxis] in M8 45mm - Bolts-3
2026-08-17 22:11:38,271 INFO  ExportHelperExtension.cs: 1125 - Retrieving features of type [RefAxis] from M4 Lock nut-7
2026-08-17 22:11:38,272 INFO  ExportHelperExtension.cs: 1136 - Found 36 in M4 Lock nut-7
2026-08-17 22:11:38,272 INFO  ExportHelperExtension.cs: 1145 - Found 0 features of type [RefAxis] in M4 Lock nut-7
2026-08-17 22:11:38,273 INFO  ExportHelperExtension.cs: 1125 - Retrieving features of type [RefAxis] from M4 Lock nut-5
2026-08-17 22:11:38,273 INFO  ExportHelperExtension.cs: 1136 - Found 36 in M4 Lock nut-5
2026-08-17 22:11:38,274 INFO  ExportHelperExtension.cs: 1145 - Found 0 features of type [RefAxis] in M4 Lock nut-5
2026-08-17 22:11:38,274 INFO  ExportHelperExtension.cs: 1125 - Retrieving features of type [RefAxis] from M4 50mm - Bolts-3
2026-08-17 22:11:38,275 INFO  ExportHelperExtension.cs: 1136 - Found 36 in M4 50mm - Bolts-3
2026-08-17 22:11:38,276 INFO  ExportHelperExtension.cs: 1145 - Found 0 features of type [RefAxis] in M4 50mm - Bolts-3
2026-08-17 22:11:38,276 INFO  ExportHelperExtension.cs: 1125 - Retrieving features of type [RefAxis] from M4 60mm - Bolts-4
2026-08-17 22:11:38,277 INFO  ExportHelperExtension.cs: 1136 - Found 36 in M4 60mm - Bolts-4
2026-08-17 22:11:38,277 INFO  ExportHelperExtension.cs: 1145 - Found 0 features of type [RefAxis] in M4 60mm - Bolts-4
2026-08-17 22:11:38,278 INFO  ExportHelperExtension.cs: 1125 - Retrieving features of type [RefAxis] from M4 60mm - Bolts-1
2026-08-17 22:11:38,278 INFO  ExportHelperExtension.cs: 1136 - Found 36 in M4 60mm - Bolts-1
2026-08-17 22:11:38,279 INFO  ExportHelperExtension.cs: 1145 - Found 0 features of type [RefAxis] in M4 60mm - Bolts-1
2026-08-17 22:11:38,279 INFO  ExportHelperExtension.cs: 1125 - Retrieving features of type [RefAxis] from M4 60mm - Bolts-2
2026-08-17 22:11:38,279 INFO  ExportHelperExtension.cs: 1136 - Found 36 in M4 60mm - Bolts-2
2026-08-17 22:11:38,280 INFO  ExportHelperExtension.cs: 1145 - Found 0 features of type [RefAxis] in M4 60mm - Bolts-2
2026-08-17 22:11:38,280 INFO  ExportHelperExtension.cs: 1125 - Retrieving features of type [RefAxis] from M4 50mm - Bolts-4
2026-08-17 22:11:38,280 INFO  ExportHelperExtension.cs: 1136 - Found 36 in M4 50mm - Bolts-4
2026-08-17 22:11:38,281 INFO  ExportHelperExtension.cs: 1145 - Found 0 features of type [RefAxis] in M4 50mm - Bolts-4
2026-08-17 22:11:38,281 INFO  ExportHelperExtension.cs: 1125 - Retrieving features of type [RefAxis] from M4 50mm - Bolts-2
2026-08-17 22:11:38,282 INFO  ExportHelperExtension.cs: 1136 - Found 36 in M4 50mm - Bolts-2
2026-08-17 22:11:38,282 INFO  ExportHelperExtension.cs: 1145 - Found 0 features of type [RefAxis] in M4 50mm - Bolts-2
2026-08-17 22:11:38,283 INFO  ExportHelperExtension.cs: 1125 - Retrieving features of type [RefAxis] from M4 Lock nut-6
2026-08-17 22:11:38,283 INFO  ExportHelperExtension.cs: 1136 - Found 36 in M4 Lock nut-6
2026-08-17 22:11:38,284 INFO  ExportHelperExtension.cs: 1145 - Found 0 features of type [RefAxis] in M4 Lock nut-6
2026-08-17 22:11:38,284 INFO  ExportHelperExtension.cs: 1125 - Retrieving features of type [RefAxis] from M4 50mm - Bolts-1
2026-08-17 22:11:38,285 INFO  ExportHelperExtension.cs: 1136 - Found 36 in M4 50mm - Bolts-1
2026-08-17 22:11:38,285 INFO  ExportHelperExtension.cs: 1145 - Found 0 features of type [RefAxis] in M4 50mm - Bolts-1
2026-08-17 22:11:38,286 INFO  ExportHelperExtension.cs: 1125 - Retrieving features of type [RefAxis] from M4 Lock nut-8
2026-08-17 22:11:38,286 INFO  ExportHelperExtension.cs: 1136 - Found 36 in M4 Lock nut-8
2026-08-17 22:11:38,287 INFO  ExportHelperExtension.cs: 1145 - Found 0 features of type [RefAxis] in M4 Lock nut-8
2026-08-17 22:11:38,287 INFO  ExportHelperExtension.cs: 1125 - Retrieving features of type [RefAxis] from Ball Bearing 608 - 8x22x7mm-3
2026-08-17 22:11:38,288 INFO  ExportHelperExtension.cs: 1136 - Found 30 in Ball Bearing 608 - 8x22x7mm-3
2026-08-17 22:11:38,288 INFO  ExportHelperExtension.cs: 1145 - Found 0 features of type [RefAxis] in Ball Bearing 608 - 8x22x7mm-3
2026-08-17 22:11:38,289 INFO  ExportHelperExtension.cs: 1125 - Retrieving features of type [RefAxis] from GT2 Pulley - 22 - 80 teeth-2
2026-08-17 22:11:38,289 INFO  ExportHelperExtension.cs: 1136 - Found 45 in GT2 Pulley - 22 - 80 teeth-2
2026-08-17 22:11:38,290 INFO  ExportHelperExtension.cs: 1145 - Found 0 features of type [RefAxis] in GT2 Pulley - 22 - 80 teeth-2
2026-08-17 22:11:38,290 INFO  ExportHelperExtension.cs: 1125 - Retrieving features of type [RefAxis] from Base-1
2026-08-17 22:11:38,291 INFO  ExportHelperExtension.cs: 1136 - Found 80 in Base-1
2026-08-17 22:11:38,291 INFO  ExportHelperExtension.cs: 1145 - Found 0 features of type [RefAxis] in Base-1
2026-08-17 22:11:38,292 INFO  ExportHelperExtension.cs: 1125 - Retrieving features of type [RefAxis] from Thrust Bearing - 40x60x13-4
2026-08-17 22:11:38,292 INFO  ExportHelperExtension.cs: 1136 - Found 39 in Thrust Bearing - 40x60x13-4
2026-08-17 22:11:38,293 INFO  ExportHelperExtension.cs: 1145 - Found 0 features of type [RefAxis] in Thrust Bearing - 40x60x13-4
2026-08-17 22:11:38,293 INFO  ExportHelperExtension.cs: 1125 - Retrieving features of type [RefAxis] from Ball Bearing 608 - 8x22x7mm-2
2026-08-17 22:11:38,294 INFO  ExportHelperExtension.cs: 1136 - Found 30 in Ball Bearing 608 - 8x22x7mm-2
2026-08-17 22:11:38,294 INFO  ExportHelperExtension.cs: 1145 - Found 0 features of type [RefAxis] in Ball Bearing 608 - 8x22x7mm-2
2026-08-17 22:11:38,294 INFO  ExportHelperExtension.cs: 1125 - Retrieving features of type [RefAxis] from Stepper NEMA 17 -  20mm shaft-1
2026-08-17 22:11:38,295 INFO  ExportHelperExtension.cs: 1136 - Found 36 in Stepper NEMA 17 -  20mm shaft-1
2026-08-17 22:11:38,295 INFO  ExportHelperExtension.cs: 1145 - Found 0 features of type [RefAxis] in Stepper NEMA 17 -  20mm shaft-1
2026-08-17 22:11:38,296 INFO  ExportHelperExtension.cs: 1125 - Retrieving features of type [RefAxis] from Thrust Bearing - 40x60x13-3
2026-08-17 22:11:38,296 INFO  ExportHelperExtension.cs: 1136 - Found 39 in Thrust Bearing - 40x60x13-3
2026-08-17 22:11:38,297 INFO  ExportHelperExtension.cs: 1145 - Found 0 features of type [RefAxis] in Thrust Bearing - 40x60x13-3
2026-08-17 22:11:38,297 INFO  ExportHelperExtension.cs: 1125 - Retrieving features of type [RefAxis] from GT2 Pulley - 110 teeth - J1-2
2026-08-17 22:11:38,298 INFO  ExportHelperExtension.cs: 1136 - Found 41 in GT2 Pulley - 110 teeth - J1-2
2026-08-17 22:11:38,298 INFO  ExportHelperExtension.cs: 1145 - Found 0 features of type [RefAxis] in GT2 Pulley - 110 teeth - J1-2
2026-08-17 22:11:38,299 INFO  ExportHelperExtension.cs: 1125 - Retrieving features of type [RefAxis] from Smooth Rod D10mm L400mm-3
2026-08-17 22:11:38,299 INFO  ExportHelperExtension.cs: 1136 - Found 25 in Smooth Rod D10mm L400mm-3
2026-08-17 22:11:38,299 INFO  ExportHelperExtension.cs: 1145 - Found 0 features of type [RefAxis] in Smooth Rod D10mm L400mm-3
2026-08-17 22:11:38,300 INFO  ExportHelperExtension.cs: 1125 - Retrieving features of type [RefAxis] from Smooth Rod Clamp-1
2026-08-17 22:11:38,300 INFO  ExportHelperExtension.cs: 1136 - Found 27 in Smooth Rod Clamp-1
2026-08-17 22:11:38,301 INFO  ExportHelperExtension.cs: 1145 - Found 0 features of type [RefAxis] in Smooth Rod Clamp-1
2026-08-17 22:11:38,301 INFO  ExportHelperExtension.cs: 1125 - Retrieving features of type [RefAxis] from Smooth Rod D10mm L400mm-4
2026-08-17 22:11:38,302 INFO  ExportHelperExtension.cs: 1136 - Found 25 in Smooth Rod D10mm L400mm-4
2026-08-17 22:11:38,302 INFO  ExportHelperExtension.cs: 1145 - Found 0 features of type [RefAxis] in Smooth Rod D10mm L400mm-4
2026-08-17 22:11:38,302 INFO  ExportHelperExtension.cs: 1125 - Retrieving features of type [RefAxis] from M8 Washer-2
2026-08-17 22:11:38,303 INFO  ExportHelperExtension.cs: 1136 - Found 25 in M8 Washer-2
2026-08-17 22:11:38,303 INFO  ExportHelperExtension.cs: 1145 - Found 0 features of type [RefAxis] in M8 Washer-2
2026-08-17 22:11:38,304 INFO  ExportHelperExtension.cs: 1125 - Retrieving features of type [RefAxis] from Smooth Rod D10mm L400mm-2
2026-08-17 22:11:38,304 INFO  ExportHelperExtension.cs: 1136 - Found 25 in Smooth Rod D10mm L400mm-2
2026-08-17 22:11:38,305 INFO  ExportHelperExtension.cs: 1145 - Found 0 features of type [RefAxis] in Smooth Rod D10mm L400mm-2
2026-08-17 22:11:38,305 INFO  ExportHelperExtension.cs: 1125 - Retrieving features of type [RefAxis] from Smooth Rod D10mm L400mm-1
2026-08-17 22:11:38,305 INFO  ExportHelperExtension.cs: 1136 - Found 25 in Smooth Rod D10mm L400mm-1
2026-08-17 22:11:38,306 INFO  ExportHelperExtension.cs: 1145 - Found 0 features of type [RefAxis] in Smooth Rod D10mm L400mm-1
2026-08-17 22:11:38,306 INFO  ExportHelperExtension.cs: 1125 - Retrieving features of type [RefAxis] from J1 coupler-1
2026-08-17 22:11:38,307 INFO  ExportHelperExtension.cs: 1136 - Found 48 in J1 coupler-1
2026-08-17 22:11:38,307 INFO  ExportHelperExtension.cs: 1145 - Found 0 features of type [RefAxis] in J1 coupler-1
2026-08-17 22:11:38,308 INFO  ExportHelperExtension.cs: 1125 - Retrieving features of type [RefAxis] from GT2 Pulley - Parametric-1
2026-08-17 22:11:38,308 INFO  ExportHelperExtension.cs: 1136 - Found 35 in GT2 Pulley - Parametric-1
2026-08-17 22:11:38,309 INFO  ExportHelperExtension.cs: 1145 - Found 0 features of type [RefAxis] in GT2 Pulley - Parametric-1
2026-08-17 22:11:38,309 INFO  ExportHelperExtension.cs: 1125 - Retrieving features of type [RefAxis] from Z-axis Bottom Plate-2
2026-08-17 22:11:38,309 INFO  ExportHelperExtension.cs: 1136 - Found 36 in Z-axis Bottom Plate-2
2026-08-17 22:11:38,310 INFO  ExportHelperExtension.cs: 1145 - Found 0 features of type [RefAxis] in Z-axis Bottom Plate-2
2026-08-17 22:11:38,479 INFO  SwAddin.cs: 339 - Loading config tree
2026-08-17 22:11:38,481 INFO  ExportPropertyManagerExtension.cs: 520 - Starting new configuration
2026-08-17 22:11:38,484 INFO  SwAddin.cs: 344 - Showing property manager
2026-08-17 22:18:04,937 INFO  ExportPropertyManager.cs: 1036 - OnListboxSelectionChanged called. This method no longer throws an Exception. It just silently does nothing. Ok, except for this logging message
2026-08-17 22:19:33,500 INFO  ExportPropertyManager.cs: 1136 - OnNumberBoxTrackingCompleted called. This method no longer throws an Exception. It just silently does nothing. Ok, except for this logging message
2026-08-17 22:19:49,760 INFO  ExportPropertyManager.cs: 1018 - OnComboboxSelectionChanged called. This method no longer throws an Exception. It just silently does nothing. Ok, except for this logging message
2026-08-17 22:23:47,728 INFO  ExportPropertyManager.cs: 1136 - OnNumberBoxTrackingCompleted called. This method no longer throws an Exception. It just silently does nothing. Ok, except for this logging message
2026-08-17 22:24:23,483 INFO  ExportPropertyManager.cs: 1018 - OnComboboxSelectionChanged called. This method no longer throws an Exception. It just silently does nothing. Ok, except for this logging message
2026-08-17 22:24:26,288 INFO  ExportPropertyManager.cs: 1136 - OnNumberBoxTrackingCompleted called. This method no longer throws an Exception. It just silently does nothing. Ok, except for this logging message
2026-08-17 22:29:51,214 INFO  ExportPropertyManager.cs: 1018 - OnComboboxSelectionChanged called. This method no longer throws an Exception. It just silently does nothing. Ok, except for this logging message
2026-08-17 22:29:53,256 INFO  ExportPropertyManager.cs: 1136 - OnNumberBoxTrackingCompleted called. This method no longer throws an Exception. It just silently does nothing. Ok, except for this logging message
2026-08-17 22:30:05,359 INFO  ExportPropertyManager.cs: 1136 - OnNumberBoxTrackingCompleted called. This method no longer throws an Exception. It just silently does nothing. Ok, except for this logging message
2026-08-17 22:33:45,479 INFO  ExportPropertyManager.cs: 1018 - OnComboboxSelectionChanged called. This method no longer throws an Exception. It just silently does nothing. Ok, except for this logging message
2026-08-17 22:33:46,850 INFO  ExportPropertyManager.cs: 1018 - OnComboboxSelectionChanged called. This method no longer throws an Exception. It just silently does nothing. Ok, except for this logging message
2026-08-17 22:33:49,262 INFO  ExportPropertyManager.cs: 1136 - OnNumberBoxTrackingCompleted called. This method no longer throws an Exception. It just silently does nothing. Ok, except for this logging message
2026-08-17 22:38:37,741 INFO  ExportPropertyManager.cs: 1018 - OnComboboxSelectionChanged called. This method no longer throws an Exception. It just silently does nothing. Ok, except for this logging message
2026-08-17 22:39:34,740 INFO  ExportPropertyManager.cs: 1136 - OnNumberBoxTrackingCompleted called. This method no longer throws an Exception. It just silently does nothing. Ok, except for this logging message
2026-08-17 22:39:59,504 INFO  ExportPropertyManager.cs: 1018 - OnComboboxSelectionChanged called. This method no longer throws an Exception. It just silently does nothing. Ok, except for this logging message
2026-08-17 22:40:59,102 INFO  ExportPropertyManager.cs: 422 - Configuration saved
2026-08-17 22:41:02,948 INFO  ExportHelperExtension.cs: 347 - Creating joint 1st_Link
2026-08-17 22:41:02,954 INFO  ExportHelperExtension.cs: 1397 - Fixing components for base_link
2026-08-17 22:41:02,955 INFO  ExportHelperExtension.cs: 1402 - Fixing 24
2026-08-17 22:41:02,955 INFO  ExportHelperExtension.cs: 1409 - Component 24 is already fixed
2026-08-17 22:41:02,956 INFO  ExportHelperExtension.cs: 1402 - Fixing 612
2026-08-17 22:41:02,956 INFO  ExportHelperExtension.cs: 1402 - Fixing 614
2026-08-17 22:41:02,957 INFO  ExportHelperExtension.cs: 1402 - Fixing 626
2026-08-17 22:41:02,957 INFO  ExportHelperExtension.cs: 1402 - Fixing 622
2026-08-17 22:41:02,957 INFO  ExportHelperExtension.cs: 1402 - Fixing 25
2026-08-17 22:41:02,957 INFO  ExportHelperExtension.cs: 1402 - Fixing 632
2026-08-17 22:41:02,959 INFO  ExportHelperExtension.cs: 1402 - Fixing 90
2026-08-17 22:41:02,960 INFO  ExportHelperExtension.cs: 1402 - Fixing 664
2026-08-17 22:41:02,960 INFO  ExportHelperExtension.cs: 1402 - Fixing 93
2026-08-17 22:41:02,960 INFO  ExportHelperExtension.cs: 1402 - Fixing 74
2026-08-17 22:41:02,961 INFO  ExportHelperExtension.cs: 1402 - Fixing 636
2026-08-17 22:41:02,961 INFO  ExportHelperExtension.cs: 1402 - Fixing 665
2026-08-17 22:41:02,961 INFO  ExportHelperExtension.cs: 1402 - Fixing 73
2026-08-17 22:41:02,961 INFO  ExportHelperExtension.cs: 1402 - Fixing 88
2026-08-17 22:41:03,642 INFO  ExportHelperExtension.cs: 832 - R1: 0, 0
2026-08-17 22:41:03,642 INFO  ExportHelperExtension.cs: 841 - R2: 0, 0
2026-08-17 22:41:03,643 INFO  ExportHelperExtension.cs: 849 - L1: 0
2026-08-17 22:41:03,643 INFO  ExportHelperExtension.cs: 857 - L2: 0
2026-08-17 22:41:03,688 INFO  ExportHelperExtension.cs: 1352 - Unfixing component 612
2026-08-17 22:41:03,688 INFO  ExportHelperExtension.cs: 1352 - Unfixing component 614
2026-08-17 22:41:03,689 INFO  ExportHelperExtension.cs: 1352 - Unfixing component 626
2026-08-17 22:41:03,689 INFO  ExportHelperExtension.cs: 1352 - Unfixing component 622
2026-08-17 22:41:03,689 INFO  ExportHelperExtension.cs: 1352 - Unfixing component 25
2026-08-17 22:41:03,690 INFO  ExportHelperExtension.cs: 1352 - Unfixing component 632
2026-08-17 22:41:03,690 INFO  ExportHelperExtension.cs: 1352 - Unfixing component 90
2026-08-17 22:41:03,690 INFO  ExportHelperExtension.cs: 1352 - Unfixing component 664
2026-08-17 22:41:03,691 INFO  ExportHelperExtension.cs: 1352 - Unfixing component 93
2026-08-17 22:41:03,691 INFO  ExportHelperExtension.cs: 1352 - Unfixing component 74
2026-08-17 22:41:03,692 INFO  ExportHelperExtension.cs: 1352 - Unfixing component 636
2026-08-17 22:41:03,692 INFO  ExportHelperExtension.cs: 1352 - Unfixing component 665
2026-08-17 22:41:03,692 INFO  ExportHelperExtension.cs: 1352 - Unfixing component 73
2026-08-17 22:41:03,692 INFO  ExportHelperExtension.cs: 1352 - Unfixing component 88
2026-08-17 22:41:06,572 WARN  ExportHelperExtension.cs: 351 - Creating joint from parent base_link to child 1st_Link failed
2026-08-17 22:41:06,791 INFO  ExportHelperExtension.cs: 347 - Creating joint 2nd_Link
2026-08-17 22:41:06,792 INFO  ExportHelperExtension.cs: 1397 - Fixing components for 1st_Link
2026-08-17 22:41:06,792 INFO  ExportHelperExtension.cs: 1402 - Fixing 104
2026-08-17 22:41:06,793 INFO  ExportHelperExtension.cs: 1402 - Fixing 115
2026-08-17 22:41:06,793 INFO  ExportHelperExtension.cs: 1402 - Fixing 87
2026-08-17 22:41:06,793 INFO  ExportHelperExtension.cs: 1402 - Fixing 687
2026-08-17 22:41:06,794 INFO  ExportHelperExtension.cs: 1402 - Fixing 725
2026-08-17 22:41:06,794 INFO  ExportHelperExtension.cs: 1402 - Fixing 689
2026-08-17 22:41:06,794 INFO  ExportHelperExtension.cs: 1402 - Fixing 722
2026-08-17 22:41:06,795 INFO  ExportHelperExtension.cs: 1402 - Fixing 724
2026-08-17 22:41:06,795 INFO  ExportHelperExtension.cs: 1402 - Fixing 688
2026-08-17 22:41:06,795 INFO  ExportHelperExtension.cs: 1402 - Fixing 686
2026-08-17 22:41:06,796 INFO  ExportHelperExtension.cs: 1402 - Fixing 723
2026-08-17 22:41:06,796 INFO  ExportHelperExtension.cs: 1402 - Fixing 208
2026-08-17 22:41:06,797 INFO  ExportHelperExtension.cs: 1402 - Fixing 133
2026-08-17 22:41:06,797 INFO  ExportHelperExtension.cs: 1402 - Fixing 134
2026-08-17 22:41:06,798 INFO  ExportHelperExtension.cs: 1402 - Fixing 135
2026-08-17 22:41:06,798 INFO  ExportHelperExtension.cs: 1402 - Fixing 136
2026-08-17 22:41:06,798 INFO  ExportHelperExtension.cs: 1402 - Fixing 117
2026-08-17 22:41:06,799 INFO  ExportHelperExtension.cs: 1402 - Fixing 118
2026-08-17 22:41:06,799 INFO  ExportHelperExtension.cs: 1402 - Fixing 119
2026-08-17 22:41:06,800 INFO  ExportHelperExtension.cs: 1402 - Fixing 120
2026-08-17 22:41:06,800 INFO  ExportHelperExtension.cs: 1402 - Fixing 150
2026-08-17 22:41:06,800 INFO  ExportHelperExtension.cs: 1402 - Fixing 178
2026-08-17 22:41:06,801 INFO  ExportHelperExtension.cs: 1402 - Fixing 203
2026-08-17 22:41:06,801 INFO  ExportHelperExtension.cs: 1402 - Fixing 151
2026-08-17 22:41:06,802 INFO  ExportHelperExtension.cs: 1402 - Fixing 152
2026-08-17 22:41:06,802 INFO  ExportHelperExtension.cs: 1402 - Fixing 156
2026-08-17 22:41:06,802 INFO  ExportHelperExtension.cs: 1402 - Fixing 159
2026-08-17 22:41:06,803 INFO  ExportHelperExtension.cs: 1402 - Fixing 24
2026-08-17 22:41:06,803 INFO  ExportHelperExtension.cs: 1409 - Component 24 is already fixed
2026-08-17 22:41:06,804 INFO  ExportHelperExtension.cs: 1402 - Fixing 612
2026-08-17 22:41:06,804 INFO  ExportHelperExtension.cs: 1402 - Fixing 614
2026-08-17 22:41:06,805 INFO  ExportHelperExtension.cs: 1402 - Fixing 626
2026-08-17 22:41:06,805 INFO  ExportHelperExtension.cs: 1402 - Fixing 622
2026-08-17 22:41:06,806 INFO  ExportHelperExtension.cs: 1402 - Fixing 25
2026-08-17 22:41:06,806 INFO  ExportHelperExtension.cs: 1402 - Fixing 632
2026-08-17 22:41:06,807 INFO  ExportHelperExtension.cs: 1402 - Fixing 90
2026-08-17 22:41:06,807 INFO  ExportHelperExtension.cs: 1402 - Fixing 664
2026-08-17 22:41:06,808 INFO  ExportHelperExtension.cs: 1402 - Fixing 93
2026-08-17 22:41:06,809 INFO  ExportHelperExtension.cs: 1402 - Fixing 74
2026-08-17 22:41:06,809 INFO  ExportHelperExtension.cs: 1402 - Fixing 636
2026-08-17 22:41:06,810 INFO  ExportHelperExtension.cs: 1402 - Fixing 665
2026-08-17 22:41:06,810 INFO  ExportHelperExtension.cs: 1402 - Fixing 73
2026-08-17 22:41:06,810 INFO  ExportHelperExtension.cs: 1402 - Fixing 88
2026-08-17 22:41:08,342 INFO  ExportHelperExtension.cs: 832 - R1: 0, 0
2026-08-17 22:41:08,343 INFO  ExportHelperExtension.cs: 841 - R2: 0, 0
2026-08-17 22:41:08,343 INFO  ExportHelperExtension.cs: 849 - L1: 0
2026-08-17 22:41:08,343 INFO  ExportHelperExtension.cs: 857 - L2: 0
2026-08-17 22:41:08,793 INFO  ExportHelperExtension.cs: 1247 - Parent SW Component: J1 coupler-1
2026-08-17 22:41:08,795 INFO  ExportHelperExtension.cs: 1248 - Child SW Component: Arm 1-1
2026-08-17 22:41:08,796 INFO  ExportHelperExtension.cs: 1253 - Determining limit mate eligibility 
2026-08-17 22:41:08,797 INFO  ExportHelperExtension.cs: 1259 - Adding component entity: Arm 1-1
2026-08-17 22:41:08,798 INFO  ExportHelperExtension.cs: 1259 - Adding component entity: Arm 2-1
2026-08-17 22:41:08,799 INFO  ExportHelperExtension.cs: 1352 - Unfixing component 104
2026-08-17 22:41:08,800 INFO  ExportHelperExtension.cs: 1352 - Unfixing component 115
2026-08-17 22:41:08,800 INFO  ExportHelperExtension.cs: 1352 - Unfixing component 87
2026-08-17 22:41:08,800 INFO  ExportHelperExtension.cs: 1352 - Unfixing component 687
2026-08-17 22:41:08,800 INFO  ExportHelperExtension.cs: 1352 - Unfixing component 725
2026-08-17 22:41:08,801 INFO  ExportHelperExtension.cs: 1352 - Unfixing component 689
2026-08-17 22:41:08,801 INFO  ExportHelperExtension.cs: 1352 - Unfixing component 722
2026-08-17 22:41:08,801 INFO  ExportHelperExtension.cs: 1352 - Unfixing component 724
2026-08-17 22:41:08,802 INFO  ExportHelperExtension.cs: 1352 - Unfixing component 688
2026-08-17 22:41:08,802 INFO  ExportHelperExtension.cs: 1352 - Unfixing component 686
2026-08-17 22:41:08,803 INFO  ExportHelperExtension.cs: 1352 - Unfixing component 723
2026-08-17 22:41:08,803 INFO  ExportHelperExtension.cs: 1352 - Unfixing component 208
2026-08-17 22:41:08,803 INFO  ExportHelperExtension.cs: 1352 - Unfixing component 133
2026-08-17 22:41:08,803 INFO  ExportHelperExtension.cs: 1352 - Unfixing component 134
2026-08-17 22:41:08,804 INFO  ExportHelperExtension.cs: 1352 - Unfixing component 135
2026-08-17 22:41:08,804 INFO  ExportHelperExtension.cs: 1352 - Unfixing component 136
2026-08-17 22:41:08,804 INFO  ExportHelperExtension.cs: 1352 - Unfixing component 117
2026-08-17 22:41:08,805 INFO  ExportHelperExtension.cs: 1352 - Unfixing component 118
2026-08-17 22:41:08,805 INFO  ExportHelperExtension.cs: 1352 - Unfixing component 119
2026-08-17 22:41:08,805 INFO  ExportHelperExtension.cs: 1352 - Unfixing component 120
2026-08-17 22:41:08,805 INFO  ExportHelperExtension.cs: 1352 - Unfixing component 150
2026-08-17 22:41:08,806 INFO  ExportHelperExtension.cs: 1352 - Unfixing component 178
2026-08-17 22:41:08,806 INFO  ExportHelperExtension.cs: 1352 - Unfixing component 203
2026-08-17 22:41:08,806 INFO  ExportHelperExtension.cs: 1352 - Unfixing component 151
2026-08-17 22:41:08,807 INFO  ExportHelperExtension.cs: 1352 - Unfixing component 152
2026-08-17 22:41:08,807 INFO  ExportHelperExtension.cs: 1352 - Unfixing component 156
2026-08-17 22:41:08,807 INFO  ExportHelperExtension.cs: 1352 - Unfixing component 159
2026-08-17 22:41:08,807 INFO  ExportHelperExtension.cs: 1352 - Unfixing component 612
2026-08-17 22:41:08,807 INFO  ExportHelperExtension.cs: 1352 - Unfixing component 614
2026-08-17 22:41:08,808 INFO  ExportHelperExtension.cs: 1352 - Unfixing component 626
2026-08-17 22:41:08,808 INFO  ExportHelperExtension.cs: 1352 - Unfixing component 622
2026-08-17 22:41:08,808 INFO  ExportHelperExtension.cs: 1352 - Unfixing component 25
2026-08-17 22:41:08,808 INFO  ExportHelperExtension.cs: 1352 - Unfixing component 632
2026-08-17 22:41:08,809 INFO  ExportHelperExtension.cs: 1352 - Unfixing component 90
2026-08-17 22:41:08,809 INFO  ExportHelperExtension.cs: 1352 - Unfixing component 664
2026-08-17 22:41:08,809 INFO  ExportHelperExtension.cs: 1352 - Unfixing component 93
2026-08-17 22:41:08,810 INFO  ExportHelperExtension.cs: 1352 - Unfixing component 74
2026-08-17 22:41:08,810 INFO  ExportHelperExtension.cs: 1352 - Unfixing component 636
2026-08-17 22:41:08,810 INFO  ExportHelperExtension.cs: 1352 - Unfixing component 665
2026-08-17 22:41:08,810 INFO  ExportHelperExtension.cs: 1352 - Unfixing component 73
2026-08-17 22:41:08,811 INFO  ExportHelperExtension.cs: 1352 - Unfixing component 88
2026-08-17 22:41:12,057 WARN  ExportHelperExtension.cs: 351 - Creating joint from parent 1st_Link to child 2nd_Link failed
2026-08-17 22:41:12,217 INFO  ExportHelperExtension.cs: 347 - Creating joint 3rd_Link
2026-08-17 22:41:12,217 INFO  ExportHelperExtension.cs: 1397 - Fixing components for 2nd_Link
2026-08-17 22:41:12,218 INFO  ExportHelperExtension.cs: 1402 - Fixing 209
2026-08-17 22:41:12,218 INFO  ExportHelperExtension.cs: 1402 - Fixing 601
2026-08-17 22:41:12,219 INFO  ExportHelperExtension.cs: 1402 - Fixing 362
2026-08-17 22:41:12,219 INFO  ExportHelperExtension.cs: 1402 - Fixing 363
2026-08-17 22:41:12,219 INFO  ExportHelperExtension.cs: 1402 - Fixing 430
2026-08-17 22:41:12,220 INFO  ExportHelperExtension.cs: 1402 - Fixing 361
2026-08-17 22:41:12,220 INFO  ExportHelperExtension.cs: 1402 - Fixing 593
2026-08-17 22:41:12,220 INFO  ExportHelperExtension.cs: 1402 - Fixing 344
2026-08-17 22:41:12,221 INFO  ExportHelperExtension.cs: 1402 - Fixing 214
2026-08-17 22:41:12,221 INFO  ExportHelperExtension.cs: 1402 - Fixing 319
2026-08-17 22:41:12,221 INFO  ExportHelperExtension.cs: 1402 - Fixing 332
2026-08-17 22:41:12,222 INFO  ExportHelperExtension.cs: 1402 - Fixing 336
2026-08-17 22:41:12,222 INFO  ExportHelperExtension.cs: 1402 - Fixing 104
2026-08-17 22:41:12,222 INFO  ExportHelperExtension.cs: 1402 - Fixing 115
2026-08-17 22:41:12,223 INFO  ExportHelperExtension.cs: 1402 - Fixing 87
2026-08-17 22:41:12,223 INFO  ExportHelperExtension.cs: 1402 - Fixing 687
2026-08-17 22:41:12,223 INFO  ExportHelperExtension.cs: 1402 - Fixing 725
2026-08-17 22:41:12,224 INFO  ExportHelperExtension.cs: 1402 - Fixing 689
2026-08-17 22:41:12,224 INFO  ExportHelperExtension.cs: 1402 - Fixing 722
2026-08-17 22:41:12,224 INFO  ExportHelperExtension.cs: 1402 - Fixing 724
2026-08-17 22:41:12,224 INFO  ExportHelperExtension.cs: 1402 - Fixing 688
2026-08-17 22:41:12,225 INFO  ExportHelperExtension.cs: 1402 - Fixing 686
2026-08-17 22:41:12,225 INFO  ExportHelperExtension.cs: 1402 - Fixing 723
2026-08-17 22:41:12,225 INFO  ExportHelperExtension.cs: 1402 - Fixing 208
2026-08-17 22:41:12,226 INFO  ExportHelperExtension.cs: 1402 - Fixing 133
2026-08-17 22:41:12,226 INFO  ExportHelperExtension.cs: 1402 - Fixing 134
2026-08-17 22:41:12,226 INFO  ExportHelperExtension.cs: 1402 - Fixing 135
2026-08-17 22:41:12,227 INFO  ExportHelperExtension.cs: 1402 - Fixing 136
2026-08-17 22:41:12,227 INFO  ExportHelperExtension.cs: 1402 - Fixing 117
2026-08-17 22:41:12,227 INFO  ExportHelperExtension.cs: 1402 - Fixing 118
2026-08-17 22:41:12,227 INFO  ExportHelperExtension.cs: 1402 - Fixing 119
2026-08-17 22:41:12,227 INFO  ExportHelperExtension.cs: 1402 - Fixing 120
2026-08-17 22:41:12,228 INFO  ExportHelperExtension.cs: 1402 - Fixing 150
2026-08-17 22:41:12,228 INFO  ExportHelperExtension.cs: 1402 - Fixing 178
2026-08-17 22:41:12,228 INFO  ExportHelperExtension.cs: 1402 - Fixing 203
2026-08-17 22:41:12,229 INFO  ExportHelperExtension.cs: 1402 - Fixing 151
2026-08-17 22:41:12,229 INFO  ExportHelperExtension.cs: 1402 - Fixing 152
2026-08-17 22:41:12,229 INFO  ExportHelperExtension.cs: 1402 - Fixing 156
2026-08-17 22:41:12,230 INFO  ExportHelperExtension.cs: 1402 - Fixing 159
2026-08-17 22:41:12,230 INFO  ExportHelperExtension.cs: 1402 - Fixing 24
2026-08-17 22:41:12,230 INFO  ExportHelperExtension.cs: 1409 - Component 24 is already fixed
2026-08-17 22:41:12,230 INFO  ExportHelperExtension.cs: 1402 - Fixing 612
2026-08-17 22:41:12,231 INFO  ExportHelperExtension.cs: 1402 - Fixing 614
2026-08-17 22:41:12,231 INFO  ExportHelperExtension.cs: 1402 - Fixing 626
2026-08-17 22:41:12,231 INFO  ExportHelperExtension.cs: 1402 - Fixing 622
2026-08-17 22:41:12,232 INFO  ExportHelperExtension.cs: 1402 - Fixing 25
2026-08-17 22:41:12,232 INFO  ExportHelperExtension.cs: 1402 - Fixing 632
2026-08-17 22:41:12,232 INFO  ExportHelperExtension.cs: 1402 - Fixing 90
2026-08-17 22:41:12,233 INFO  ExportHelperExtension.cs: 1402 - Fixing 664
2026-08-17 22:41:12,233 INFO  ExportHelperExtension.cs: 1402 - Fixing 93
2026-08-17 22:41:12,234 INFO  ExportHelperExtension.cs: 1402 - Fixing 74
2026-08-17 22:41:12,234 INFO  ExportHelperExtension.cs: 1402 - Fixing 636
2026-08-17 22:41:12,234 INFO  ExportHelperExtension.cs: 1402 - Fixing 665
2026-08-17 22:41:12,235 INFO  ExportHelperExtension.cs: 1402 - Fixing 73
2026-08-17 22:41:12,235 INFO  ExportHelperExtension.cs: 1402 - Fixing 88
2026-08-17 22:41:13,972 INFO  : 0 - R1: 1, System.__ComObject, 1, System.Double[]
2026-08-17 22:41:13,976 INFO  ExportHelperExtension.cs: 841 - R2: 0, 0
2026-08-17 22:41:13,977 INFO  ExportHelperExtension.cs: 849 - L1: 0
2026-08-17 22:41:13,977 INFO  ExportHelperExtension.cs: 857 - L2: 0
2026-08-17 22:41:14,446 INFO  ExportHelperExtension.cs: 1247 - Parent SW Component: Arm 1-1
2026-08-17 22:41:14,447 INFO  ExportHelperExtension.cs: 1248 - Child SW Component: Arm 2-1
2026-08-17 22:41:14,447 INFO  ExportHelperExtension.cs: 1253 - Determining limit mate eligibility 
2026-08-17 22:41:14,448 INFO  ExportHelperExtension.cs: 1259 - Adding component entity: Arm 1-1
2026-08-17 22:41:14,448 INFO  ExportHelperExtension.cs: 1259 - Adding component entity: Arm 2-1
2026-08-17 22:41:14,449 INFO  ExportHelperExtension.cs: 1352 - Unfixing component 209
2026-08-17 22:41:14,450 INFO  ExportHelperExtension.cs: 1352 - Unfixing component 601
2026-08-17 22:41:14,450 INFO  ExportHelperExtension.cs: 1352 - Unfixing component 362
2026-08-17 22:41:14,450 INFO  ExportHelperExtension.cs: 1352 - Unfixing component 363
2026-08-17 22:41:14,451 INFO  ExportHelperExtension.cs: 1352 - Unfixing component 430
2026-08-17 22:41:14,451 INFO  ExportHelperExtension.cs: 1352 - Unfixing component 361
2026-08-17 22:41:14,452 INFO  ExportHelperExtension.cs: 1352 - Unfixing component 593
2026-08-17 22:41:14,452 INFO  ExportHelperExtension.cs: 1352 - Unfixing component 344
2026-08-17 22:41:14,452 INFO  ExportHelperExtension.cs: 1352 - Unfixing component 214
2026-08-17 22:41:14,453 INFO  ExportHelperExtension.cs: 1352 - Unfixing component 319
2026-08-17 22:41:14,453 INFO  ExportHelperExtension.cs: 1352 - Unfixing component 332
2026-08-17 22:41:14,453 INFO  ExportHelperExtension.cs: 1352 - Unfixing component 336
2026-08-17 22:41:14,454 INFO  ExportHelperExtension.cs: 1352 - Unfixing component 104
2026-08-17 22:41:14,454 INFO  ExportHelperExtension.cs: 1352 - Unfixing component 115
2026-08-17 22:41:14,454 INFO  ExportHelperExtension.cs: 1352 - Unfixing component 87
2026-08-17 22:41:14,455 INFO  ExportHelperExtension.cs: 1352 - Unfixing component 687
2026-08-17 22:41:14,455 INFO  ExportHelperExtension.cs: 1352 - Unfixing component 725
2026-08-17 22:41:14,455 INFO  ExportHelperExtension.cs: 1352 - Unfixing component 689
2026-08-17 22:41:14,455 INFO  ExportHelperExtension.cs: 1352 - Unfixing component 722
2026-08-17 22:41:14,456 INFO  ExportHelperExtension.cs: 1352 - Unfixing component 724
2026-08-17 22:41:14,456 INFO  ExportHelperExtension.cs: 1352 - Unfixing component 688
2026-08-17 22:41:14,456 INFO  ExportHelperExtension.cs: 1352 - Unfixing component 686
2026-08-17 22:41:14,457 INFO  ExportHelperExtension.cs: 1352 - Unfixing component 723
2026-08-17 22:41:14,457 INFO  ExportHelperExtension.cs: 1352 - Unfixing component 208
2026-08-17 22:41:14,457 INFO  ExportHelperExtension.cs: 1352 - Unfixing component 133
2026-08-17 22:41:14,458 INFO  ExportHelperExtension.cs: 1352 - Unfixing component 134
2026-08-17 22:41:14,458 INFO  ExportHelperExtension.cs: 1352 - Unfixing component 135
2026-08-17 22:41:14,459 INFO  ExportHelperExtension.cs: 1352 - Unfixing component 136
2026-08-17 22:41:14,459 INFO  ExportHelperExtension.cs: 1352 - Unfixing component 117
2026-08-17 22:41:14,459 INFO  ExportHelperExtension.cs: 1352 - Unfixing component 118
2026-08-17 22:41:14,459 INFO  ExportHelperExtension.cs: 1352 - Unfixing component 119
2026-08-17 22:41:14,460 INFO  ExportHelperExtension.cs: 1352 - Unfixing component 120
2026-08-17 22:41:14,460 INFO  ExportHelperExtension.cs: 1352 - Unfixing component 150
2026-08-17 22:41:14,460 INFO  ExportHelperExtension.cs: 1352 - Unfixing component 178
2026-08-17 22:41:14,461 INFO  ExportHelperExtension.cs: 1352 - Unfixing component 203
2026-08-17 22:41:14,461 INFO  ExportHelperExtension.cs: 1352 - Unfixing component 151
2026-08-17 22:41:14,461 INFO  ExportHelperExtension.cs: 1352 - Unfixing component 152
2026-08-17 22:41:14,461 INFO  ExportHelperExtension.cs: 1352 - Unfixing component 156
2026-08-17 22:41:14,462 INFO  ExportHelperExtension.cs: 1352 - Unfixing component 159
2026-08-17 22:41:14,462 INFO  ExportHelperExtension.cs: 1352 - Unfixing component 612
2026-08-17 22:41:14,462 INFO  ExportHelperExtension.cs: 1352 - Unfixing component 614
2026-08-17 22:41:14,463 INFO  ExportHelperExtension.cs: 1352 - Unfixing component 626
2026-08-17 22:41:14,463 INFO  ExportHelperExtension.cs: 1352 - Unfixing component 622
2026-08-17 22:41:14,463 INFO  ExportHelperExtension.cs: 1352 - Unfixing component 25
2026-08-17 22:41:14,464 INFO  ExportHelperExtension.cs: 1352 - Unfixing component 632
2026-08-17 22:41:14,464 INFO  ExportHelperExtension.cs: 1352 - Unfixing component 90
2026-08-17 22:41:14,464 INFO  ExportHelperExtension.cs: 1352 - Unfixing component 664
2026-08-17 22:41:14,464 INFO  ExportHelperExtension.cs: 1352 - Unfixing component 93
2026-08-17 22:41:14,465 INFO  ExportHelperExtension.cs: 1352 - Unfixing component 74
2026-08-17 22:41:14,465 INFO  ExportHelperExtension.cs: 1352 - Unfixing component 636
2026-08-17 22:41:14,465 INFO  ExportHelperExtension.cs: 1352 - Unfixing component 665
2026-08-17 22:41:14,466 INFO  ExportHelperExtension.cs: 1352 - Unfixing component 73
2026-08-17 22:41:14,466 INFO  ExportHelperExtension.cs: 1352 - Unfixing component 88
2026-08-17 22:41:19,779 WARN  ExportHelperExtension.cs: 351 - Creating joint from parent 2nd_Link to child 3rd_Link failed
2026-08-17 22:41:19,921 INFO  ExportHelperExtension.cs: 347 - Creating joint 4th_Link
2026-08-17 22:41:19,922 INFO  ExportHelperExtension.cs: 1397 - Fixing components for 3rd_Link
2026-08-17 22:41:19,922 INFO  ExportHelperExtension.cs: 1402 - Fixing 497
2026-08-17 22:41:19,923 INFO  ExportHelperExtension.cs: 1402 - Fixing 499
2026-08-17 22:41:19,923 INFO  ExportHelperExtension.cs: 1402 - Fixing 331
2026-08-17 22:41:19,923 INFO  ExportHelperExtension.cs: 1402 - Fixing 322
2026-08-17 22:41:19,924 INFO  ExportHelperExtension.cs: 1402 - Fixing 336
2026-08-17 22:41:19,924 INFO  ExportHelperExtension.cs: 1402 - Fixing 512
2026-08-17 22:41:19,924 INFO  ExportHelperExtension.cs: 1402 - Fixing 542
2026-08-17 22:41:19,924 INFO  ExportHelperExtension.cs: 1402 - Fixing 524
2026-08-17 22:41:19,925 INFO  ExportHelperExtension.cs: 1402 - Fixing 545
2026-08-17 22:41:19,925 INFO  ExportHelperExtension.cs: 1402 - Fixing 209
2026-08-17 22:41:19,925 INFO  ExportHelperExtension.cs: 1402 - Fixing 601
2026-08-17 22:41:19,925 INFO  ExportHelperExtension.cs: 1402 - Fixing 362
2026-08-17 22:41:19,925 INFO  ExportHelperExtension.cs: 1402 - Fixing 363
2026-08-17 22:41:19,926 INFO  ExportHelperExtension.cs: 1402 - Fixing 430
2026-08-17 22:41:19,926 INFO  ExportHelperExtension.cs: 1402 - Fixing 361
2026-08-17 22:41:19,926 INFO  ExportHelperExtension.cs: 1402 - Fixing 593
2026-08-17 22:41:19,926 INFO  ExportHelperExtension.cs: 1402 - Fixing 344
2026-08-17 22:41:19,927 INFO  ExportHelperExtension.cs: 1402 - Fixing 214
2026-08-17 22:41:19,927 INFO  ExportHelperExtension.cs: 1402 - Fixing 319
2026-08-17 22:41:19,927 INFO  ExportHelperExtension.cs: 1402 - Fixing 332
2026-08-17 22:41:19,927 INFO  ExportHelperExtension.cs: 1402 - Fixing 336
2026-08-17 22:41:19,927 INFO  ExportHelperExtension.cs: 1402 - Fixing 104
2026-08-17 22:41:19,928 INFO  ExportHelperExtension.cs: 1402 - Fixing 115
2026-08-17 22:41:19,928 INFO  ExportHelperExtension.cs: 1402 - Fixing 87
2026-08-17 22:41:19,929 INFO  ExportHelperExtension.cs: 1402 - Fixing 687
2026-08-17 22:41:19,929 INFO  ExportHelperExtension.cs: 1402 - Fixing 725
2026-08-17 22:41:19,930 INFO  ExportHelperExtension.cs: 1402 - Fixing 689
2026-08-17 22:41:19,931 INFO  ExportHelperExtension.cs: 1402 - Fixing 722
2026-08-17 22:41:19,931 INFO  ExportHelperExtension.cs: 1402 - Fixing 724
2026-08-17 22:41:19,931 INFO  ExportHelperExtension.cs: 1402 - Fixing 688
2026-08-17 22:41:19,931 INFO  ExportHelperExtension.cs: 1402 - Fixing 686
2026-08-17 22:41:19,932 INFO  ExportHelperExtension.cs: 1402 - Fixing 723
2026-08-17 22:41:19,932 INFO  ExportHelperExtension.cs: 1402 - Fixing 208
2026-08-17 22:41:19,932 INFO  ExportHelperExtension.cs: 1402 - Fixing 133
2026-08-17 22:41:19,932 INFO  ExportHelperExtension.cs: 1402 - Fixing 134
2026-08-17 22:41:19,932 INFO  ExportHelperExtension.cs: 1402 - Fixing 135
2026-08-17 22:41:19,933 INFO  ExportHelperExtension.cs: 1402 - Fixing 136
2026-08-17 22:41:19,933 INFO  ExportHelperExtension.cs: 1402 - Fixing 117
2026-08-17 22:41:19,933 INFO  ExportHelperExtension.cs: 1402 - Fixing 118
2026-08-17 22:41:19,933 INFO  ExportHelperExtension.cs: 1402 - Fixing 119
2026-08-17 22:41:19,934 INFO  ExportHelperExtension.cs: 1402 - Fixing 120
2026-08-17 22:41:19,934 INFO  ExportHelperExtension.cs: 1402 - Fixing 150
2026-08-17 22:41:19,934 INFO  ExportHelperExtension.cs: 1402 - Fixing 178
2026-08-17 22:41:19,934 INFO  ExportHelperExtension.cs: 1402 - Fixing 203
2026-08-17 22:41:19,935 INFO  ExportHelperExtension.cs: 1402 - Fixing 151
2026-08-17 22:41:19,935 INFO  ExportHelperExtension.cs: 1402 - Fixing 152
2026-08-17 22:41:19,936 INFO  ExportHelperExtension.cs: 1402 - Fixing 156
2026-08-17 22:41:19,936 INFO  ExportHelperExtension.cs: 1402 - Fixing 159
2026-08-17 22:41:19,936 INFO  ExportHelperExtension.cs: 1402 - Fixing 24
2026-08-17 22:41:19,936 INFO  ExportHelperExtension.cs: 1409 - Component 24 is already fixed
2026-08-17 22:41:19,937 INFO  ExportHelperExtension.cs: 1402 - Fixing 612
2026-08-17 22:41:19,937 INFO  ExportHelperExtension.cs: 1402 - Fixing 614
2026-08-17 22:41:19,937 INFO  ExportHelperExtension.cs: 1402 - Fixing 626
2026-08-17 22:41:19,937 INFO  ExportHelperExtension.cs: 1402 - Fixing 622
2026-08-17 22:41:19,938 INFO  ExportHelperExtension.cs: 1402 - Fixing 25
2026-08-17 22:41:19,938 INFO  ExportHelperExtension.cs: 1402 - Fixing 632
2026-08-17 22:41:19,938 INFO  ExportHelperExtension.cs: 1402 - Fixing 90
2026-08-17 22:41:19,938 INFO  ExportHelperExtension.cs: 1402 - Fixing 664
2026-08-17 22:41:19,939 INFO  ExportHelperExtension.cs: 1402 - Fixing 93
2026-08-17 22:41:19,939 INFO  ExportHelperExtension.cs: 1402 - Fixing 74
2026-08-17 22:41:19,939 INFO  ExportHelperExtension.cs: 1402 - Fixing 636
2026-08-17 22:41:19,939 INFO  ExportHelperExtension.cs: 1402 - Fixing 665
2026-08-17 22:41:19,940 INFO  ExportHelperExtension.cs: 1402 - Fixing 73
2026-08-17 22:41:19,940 INFO  ExportHelperExtension.cs: 1402 - Fixing 88
2026-08-17 22:41:21,281 INFO  ExportHelperExtension.cs: 828 - R1: 1, System.__ComObject, 1, System.Double[]
2026-08-17 22:41:21,281 INFO  ExportHelperExtension.cs: 841 - R2: 0, 0
2026-08-17 22:41:21,282 INFO  ExportHelperExtension.cs: 849 - L1: 0
2026-08-17 22:41:21,282 INFO  ExportHelperExtension.cs: 857 - L2: 0
2026-08-17 22:41:21,304 INFO  ExportHelperExtension.cs: 1352 - Unfixing component 497
2026-08-17 22:41:21,305 INFO  ExportHelperExtension.cs: 1352 - Unfixing component 499
2026-08-17 22:41:21,305 INFO  ExportHelperExtension.cs: 1352 - Unfixing component 331
2026-08-17 22:41:21,306 INFO  ExportHelperExtension.cs: 1352 - Unfixing component 322
2026-08-17 22:41:21,306 INFO  ExportHelperExtension.cs: 1352 - Unfixing component 336
2026-08-17 22:41:21,306 INFO  ExportHelperExtension.cs: 1352 - Unfixing component 512
2026-08-17 22:41:21,307 INFO  ExportHelperExtension.cs: 1352 - Unfixing component 542
2026-08-17 22:41:21,307 INFO  ExportHelperExtension.cs: 1352 - Unfixing component 524
2026-08-17 22:41:21,307 INFO  ExportHelperExtension.cs: 1352 - Unfixing component 545
2026-08-17 22:41:21,308 INFO  ExportHelperExtension.cs: 1352 - Unfixing component 209
2026-08-17 22:41:21,309 INFO  ExportHelperExtension.cs: 1352 - Unfixing component 601
2026-08-17 22:41:21,309 INFO  ExportHelperExtension.cs: 1352 - Unfixing component 362
2026-08-17 22:41:21,309 INFO  ExportHelperExtension.cs: 1352 - Unfixing component 363
2026-08-17 22:41:21,310 INFO  ExportHelperExtension.cs: 1352 - Unfixing component 430
2026-08-17 22:41:21,310 INFO  ExportHelperExtension.cs: 1352 - Unfixing component 361
2026-08-17 22:41:21,310 INFO  ExportHelperExtension.cs: 1352 - Unfixing component 593
2026-08-17 22:41:21,311 INFO  ExportHelperExtension.cs: 1352 - Unfixing component 344
2026-08-17 22:41:21,311 INFO  ExportHelperExtension.cs: 1352 - Unfixing component 214
2026-08-17 22:41:21,311 INFO  ExportHelperExtension.cs: 1352 - Unfixing component 319
2026-08-17 22:41:21,311 INFO  ExportHelperExtension.cs: 1352 - Unfixing component 332
2026-08-17 22:41:21,312 INFO  ExportHelperExtension.cs: 1352 - Unfixing component 336
2026-08-17 22:41:21,312 INFO  ExportHelperExtension.cs: 1352 - Unfixing component 104
2026-08-17 22:41:21,312 INFO  ExportHelperExtension.cs: 1352 - Unfixing component 115
2026-08-17 22:41:21,313 INFO  ExportHelperExtension.cs: 1352 - Unfixing component 87
2026-08-17 22:41:21,313 INFO  ExportHelperExtension.cs: 1352 - Unfixing component 687
2026-08-17 22:41:21,313 INFO  ExportHelperExtension.cs: 1352 - Unfixing component 725
2026-08-17 22:41:21,314 INFO  ExportHelperExtension.cs: 1352 - Unfixing component 689
2026-08-17 22:41:21,314 INFO  ExportHelperExtension.cs: 1352 - Unfixing component 722
2026-08-17 22:41:21,314 INFO  ExportHelperExtension.cs: 1352 - Unfixing component 724
2026-08-17 22:41:21,315 INFO  ExportHelperExtension.cs: 1352 - Unfixing component 688
2026-08-17 22:41:21,315 INFO  ExportHelperExtension.cs: 1352 - Unfixing component 686
2026-08-17 22:41:21,316 INFO  ExportHelperExtension.cs: 1352 - Unfixing component 723
2026-08-17 22:41:21,316 INFO  ExportHelperExtension.cs: 1352 - Unfixing component 208
2026-08-17 22:41:21,317 INFO  ExportHelperExtension.cs: 1352 - Unfixing component 133
2026-08-17 22:41:21,317 INFO  ExportHelperExtension.cs: 1352 - Unfixing component 134
2026-08-17 22:41:21,318 INFO  ExportHelperExtension.cs: 1352 - Unfixing component 135
2026-08-17 22:41:21,318 INFO  ExportHelperExtension.cs: 1352 - Unfixing component 136
2026-08-17 22:41:21,319 INFO  ExportHelperExtension.cs: 1352 - Unfixing component 117
2026-08-17 22:41:21,319 INFO  ExportHelperExtension.cs: 1352 - Unfixing component 118
2026-08-17 22:41:21,320 INFO  ExportHelperExtension.cs: 1352 - Unfixing component 119
2026-08-17 22:41:21,320 INFO  ExportHelperExtension.cs: 1352 - Unfixing component 120
2026-08-17 22:41:21,321 INFO  ExportHelperExtension.cs: 1352 - Unfixing component 150
2026-08-17 22:41:21,321 INFO  ExportHelperExtension.cs: 1352 - Unfixing component 178
2026-08-17 22:41:21,321 INFO  ExportHelperExtension.cs: 1352 - Unfixing component 203
2026-08-17 22:41:21,322 INFO  ExportHelperExtension.cs: 1352 - Unfixing component 151
2026-08-17 22:41:21,322 INFO  ExportHelperExtension.cs: 1352 - Unfixing component 152
2026-08-17 22:41:21,322 INFO  ExportHelperExtension.cs: 1352 - Unfixing component 156
2026-08-17 22:41:21,323 INFO  ExportHelperExtension.cs: 1352 - Unfixing component 159
2026-08-17 22:41:21,323 INFO  ExportHelperExtension.cs: 1352 - Unfixing component 612
2026-08-17 22:41:21,323 INFO  ExportHelperExtension.cs: 1352 - Unfixing component 614
2026-08-17 22:41:21,324 INFO  ExportHelperExtension.cs: 1352 - Unfixing component 626
2026-08-17 22:41:21,324 INFO  ExportHelperExtension.cs: 1352 - Unfixing component 622
2026-08-17 22:41:21,324 INFO  ExportHelperExtension.cs: 1352 - Unfixing component 25
2026-08-17 22:41:21,325 INFO  ExportHelperExtension.cs: 1352 - Unfixing component 632
2026-08-17 22:41:21,325 INFO  ExportHelperExtension.cs: 1352 - Unfixing component 90
2026-08-17 22:41:21,325 INFO  ExportHelperExtension.cs: 1352 - Unfixing component 664
2026-08-17 22:41:21,326 INFO  ExportHelperExtension.cs: 1352 - Unfixing component 93
2026-08-17 22:41:21,326 INFO  ExportHelperExtension.cs: 1352 - Unfixing component 74
2026-08-17 22:41:21,326 INFO  ExportHelperExtension.cs: 1352 - Unfixing component 636
2026-08-17 22:41:21,327 INFO  ExportHelperExtension.cs: 1352 - Unfixing component 665
2026-08-17 22:41:21,327 INFO  ExportHelperExtension.cs: 1352 - Unfixing component 73
2026-08-17 22:41:21,327 INFO  ExportHelperExtension.cs: 1352 - Unfixing component 88
2026-08-17 22:41:26,635 WARN  ExportHelperExtension.cs: 351 - Creating joint from parent 3rd_Link to child 4th_Link failed
2026-08-17 22:41:26,780 INFO  ExportHelperExtension.cs: 347 - Creating joint left_finger_Link
2026-08-17 22:41:26,781 INFO  ExportHelperExtension.cs: 1397 - Fixing components for 4th_Link
2026-08-17 22:41:26,782 INFO  ExportHelperExtension.cs: 1402 - Fixing 523
2026-08-17 22:41:26,783 INFO  ExportHelperExtension.cs: 1402 - Fixing 567
2026-08-17 22:41:26,784 INFO  ExportHelperExtension.cs: 1402 - Fixing 26
2026-08-17 22:41:26,785 INFO  ExportHelperExtension.cs: 1402 - Fixing 177
2026-08-17 22:41:26,786 INFO  ExportHelperExtension.cs: 1402 - Fixing 30
2026-08-17 22:41:26,786 INFO  ExportHelperExtension.cs: 1402 - Fixing 83
2026-08-17 22:41:26,787 INFO  ExportHelperExtension.cs: 1402 - Fixing 88
2026-08-17 22:41:26,787 INFO  ExportHelperExtension.cs: 1402 - Fixing 39
2026-08-17 22:41:26,787 INFO  ExportHelperExtension.cs: 1402 - Fixing 120
2026-08-17 22:41:26,788 INFO  ExportHelperExtension.cs: 1402 - Fixing 53
2026-08-17 22:41:26,788 INFO  ExportHelperExtension.cs: 1402 - Fixing 36
2026-08-17 22:41:26,788 INFO  ExportHelperExtension.cs: 1402 - Fixing 28
2026-08-17 22:41:26,789 INFO  ExportHelperExtension.cs: 1402 - Fixing 497
2026-08-17 22:41:26,789 INFO  ExportHelperExtension.cs: 1402 - Fixing 499
2026-08-17 22:41:26,790 INFO  ExportHelperExtension.cs: 1402 - Fixing 331
2026-08-17 22:41:26,790 INFO  ExportHelperExtension.cs: 1402 - Fixing 322
2026-08-17 22:41:26,791 INFO  ExportHelperExtension.cs: 1402 - Fixing 336
2026-08-17 22:41:26,791 INFO  ExportHelperExtension.cs: 1402 - Fixing 512
2026-08-17 22:41:26,792 INFO  ExportHelperExtension.cs: 1402 - Fixing 542
2026-08-17 22:41:26,792 INFO  ExportHelperExtension.cs: 1402 - Fixing 524
2026-08-17 22:41:26,792 INFO  ExportHelperExtension.cs: 1402 - Fixing 545
2026-08-17 22:41:26,793 INFO  ExportHelperExtension.cs: 1402 - Fixing 209
2026-08-17 22:41:26,793 INFO  ExportHelperExtension.cs: 1402 - Fixing 601
2026-08-17 22:41:26,794 INFO  ExportHelperExtension.cs: 1402 - Fixing 362
2026-08-17 22:41:26,794 INFO  ExportHelperExtension.cs: 1402 - Fixing 363
2026-08-17 22:41:26,794 INFO  ExportHelperExtension.cs: 1402 - Fixing 430
2026-08-17 22:41:26,795 INFO  ExportHelperExtension.cs: 1402 - Fixing 361
2026-08-17 22:41:26,795 INFO  ExportHelperExtension.cs: 1402 - Fixing 593
2026-08-17 22:41:26,795 INFO  ExportHelperExtension.cs: 1402 - Fixing 344
2026-08-17 22:41:26,796 INFO  ExportHelperExtension.cs: 1402 - Fixing 214
2026-08-17 22:41:26,796 INFO  ExportHelperExtension.cs: 1402 - Fixing 319
2026-08-17 22:41:26,796 INFO  ExportHelperExtension.cs: 1402 - Fixing 332
2026-08-17 22:41:26,797 INFO  ExportHelperExtension.cs: 1402 - Fixing 336
2026-08-17 22:41:26,797 INFO  ExportHelperExtension.cs: 1402 - Fixing 104
2026-08-17 22:41:26,797 INFO  ExportHelperExtension.cs: 1402 - Fixing 115
2026-08-17 22:41:26,798 INFO  ExportHelperExtension.cs: 1402 - Fixing 87
2026-08-17 22:41:26,798 INFO  ExportHelperExtension.cs: 1402 - Fixing 687
2026-08-17 22:41:26,798 INFO  ExportHelperExtension.cs: 1402 - Fixing 725
2026-08-17 22:41:26,798 INFO  ExportHelperExtension.cs: 1402 - Fixing 689
2026-08-17 22:41:26,799 INFO  ExportHelperExtension.cs: 1402 - Fixing 722
2026-08-17 22:41:26,799 INFO  ExportHelperExtension.cs: 1402 - Fixing 724
2026-08-17 22:41:26,799 INFO  ExportHelperExtension.cs: 1402 - Fixing 688
2026-08-17 22:41:26,800 INFO  ExportHelperExtension.cs: 1402 - Fixing 686
2026-08-17 22:41:26,800 INFO  ExportHelperExtension.cs: 1402 - Fixing 723
2026-08-17 22:41:26,800 INFO  ExportHelperExtension.cs: 1402 - Fixing 208
2026-08-17 22:41:26,801 INFO  ExportHelperExtension.cs: 1402 - Fixing 133
2026-08-17 22:41:26,801 INFO  ExportHelperExtension.cs: 1402 - Fixing 134
2026-08-17 22:41:26,801 INFO  ExportHelperExtension.cs: 1402 - Fixing 135
2026-08-17 22:41:26,802 INFO  ExportHelperExtension.cs: 1402 - Fixing 136
2026-08-17 22:41:26,802 INFO  ExportHelperExtension.cs: 1402 - Fixing 117
2026-08-17 22:41:26,802 INFO  ExportHelperExtension.cs: 1402 - Fixing 118
2026-08-17 22:41:26,802 INFO  ExportHelperExtension.cs: 1402 - Fixing 119
2026-08-17 22:41:26,803 INFO  ExportHelperExtension.cs: 1402 - Fixing 120
2026-08-17 22:41:26,803 INFO  ExportHelperExtension.cs: 1402 - Fixing 150
2026-08-17 22:41:26,803 INFO  ExportHelperExtension.cs: 1402 - Fixing 178
2026-08-17 22:41:26,804 INFO  ExportHelperExtension.cs: 1402 - Fixing 203
2026-08-17 22:41:26,804 INFO  ExportHelperExtension.cs: 1402 - Fixing 151
2026-08-17 22:41:26,804 INFO  ExportHelperExtension.cs: 1402 - Fixing 152
2026-08-17 22:41:26,805 INFO  ExportHelperExtension.cs: 1402 - Fixing 156
2026-08-17 22:41:26,805 INFO  ExportHelperExtension.cs: 1402 - Fixing 159
2026-08-17 22:41:26,805 INFO  ExportHelperExtension.cs: 1402 - Fixing 24
2026-08-17 22:41:26,806 INFO  ExportHelperExtension.cs: 1409 - Component 24 is already fixed
2026-08-17 22:41:26,806 INFO  ExportHelperExtension.cs: 1402 - Fixing 612
2026-08-17 22:41:26,806 INFO  ExportHelperExtension.cs: 1402 - Fixing 614
2026-08-17 22:41:26,806 INFO  ExportHelperExtension.cs: 1402 - Fixing 626
2026-08-17 22:41:26,806 INFO  ExportHelperExtension.cs: 1402 - Fixing 622
2026-08-17 22:41:26,808 INFO  ExportHelperExtension.cs: 1402 - Fixing 25
2026-08-17 22:41:26,808 INFO  ExportHelperExtension.cs: 1402 - Fixing 632
2026-08-17 22:41:26,808 INFO  ExportHelperExtension.cs: 1402 - Fixing 90
2026-08-17 22:41:26,808 INFO  ExportHelperExtension.cs: 1402 - Fixing 664
2026-08-17 22:41:26,808 INFO  ExportHelperExtension.cs: 1402 - Fixing 93
2026-08-17 22:41:26,809 INFO  ExportHelperExtension.cs: 1402 - Fixing 74
2026-08-17 22:41:26,809 INFO  ExportHelperExtension.cs: 1402 - Fixing 636
2026-08-17 22:41:26,809 INFO  ExportHelperExtension.cs: 1402 - Fixing 665
2026-08-17 22:41:26,810 INFO  ExportHelperExtension.cs: 1402 - Fixing 73
2026-08-17 22:41:26,810 INFO  ExportHelperExtension.cs: 1402 - Fixing 88
2026-08-17 22:41:28,425 INFO  ExportHelperExtension.cs: 832 - R1: 0, 0
2026-08-17 22:41:28,426 INFO  ExportHelperExtension.cs: 841 - R2: 0, 0
2026-08-17 22:41:28,426 INFO  ExportHelperExtension.cs: 849 - L1: 0
2026-08-17 22:41:28,426 INFO  ExportHelperExtension.cs: 857 - L2: 0
2026-08-17 22:41:28,427 INFO  ExportHelperExtension.cs: 1352 - Unfixing component 523
2026-08-17 22:41:28,428 INFO  ExportHelperExtension.cs: 1352 - Unfixing component 567
2026-08-17 22:41:28,428 INFO  ExportHelperExtension.cs: 1352 - Unfixing component 26
2026-08-17 22:41:28,429 INFO  ExportHelperExtension.cs: 1352 - Unfixing component 177
2026-08-17 22:41:28,429 INFO  ExportHelperExtension.cs: 1352 - Unfixing component 30
2026-08-17 22:41:28,430 INFO  ExportHelperExtension.cs: 1352 - Unfixing component 83
2026-08-17 22:41:28,430 INFO  ExportHelperExtension.cs: 1352 - Unfixing component 88
2026-08-17 22:41:28,431 INFO  ExportHelperExtension.cs: 1352 - Unfixing component 39
2026-08-17 22:41:28,431 INFO  ExportHelperExtension.cs: 1352 - Unfixing component 120
2026-08-17 22:41:28,431 INFO  ExportHelperExtension.cs: 1352 - Unfixing component 53
2026-08-17 22:41:28,432 INFO  ExportHelperExtension.cs: 1352 - Unfixing component 36
2026-08-17 22:41:28,432 INFO  ExportHelperExtension.cs: 1352 - Unfixing component 28
2026-08-17 22:41:28,433 INFO  ExportHelperExtension.cs: 1352 - Unfixing component 497
2026-08-17 22:41:28,433 INFO  ExportHelperExtension.cs: 1352 - Unfixing component 499
2026-08-17 22:41:28,434 INFO  ExportHelperExtension.cs: 1352 - Unfixing component 331
2026-08-17 22:41:28,434 INFO  ExportHelperExtension.cs: 1352 - Unfixing component 322
2026-08-17 22:41:28,435 INFO  ExportHelperExtension.cs: 1352 - Unfixing component 336
2026-08-17 22:41:28,436 INFO  ExportHelperExtension.cs: 1352 - Unfixing component 512
2026-08-17 22:41:28,436 INFO  ExportHelperExtension.cs: 1352 - Unfixing component 542
2026-08-17 22:41:28,436 INFO  ExportHelperExtension.cs: 1352 - Unfixing component 524
2026-08-17 22:41:28,437 INFO  ExportHelperExtension.cs: 1352 - Unfixing component 545
2026-08-17 22:41:28,438 INFO  ExportHelperExtension.cs: 1352 - Unfixing component 209
2026-08-17 22:41:28,438 INFO  ExportHelperExtension.cs: 1352 - Unfixing component 601
2026-08-17 22:41:28,439 INFO  ExportHelperExtension.cs: 1352 - Unfixing component 362
2026-08-17 22:41:28,440 INFO  ExportHelperExtension.cs: 1352 - Unfixing component 363
2026-08-17 22:41:28,440 INFO  ExportHelperExtension.cs: 1352 - Unfixing component 430
2026-08-17 22:41:28,440 INFO  ExportHelperExtension.cs: 1352 - Unfixing component 361
2026-08-17 22:41:28,441 INFO  ExportHelperExtension.cs: 1352 - Unfixing component 593
2026-08-17 22:41:28,442 INFO  ExportHelperExtension.cs: 1352 - Unfixing component 344
2026-08-17 22:41:28,442 INFO  ExportHelperExtension.cs: 1352 - Unfixing component 214
2026-08-17 22:41:28,443 INFO  ExportHelperExtension.cs: 1352 - Unfixing component 319
2026-08-17 22:41:28,443 INFO  ExportHelperExtension.cs: 1352 - Unfixing component 332
2026-08-17 22:41:28,443 INFO  ExportHelperExtension.cs: 1352 - Unfixing component 336
2026-08-17 22:41:28,444 INFO  ExportHelperExtension.cs: 1352 - Unfixing component 104
2026-08-17 22:41:28,445 INFO  ExportHelperExtension.cs: 1352 - Unfixing component 115
2026-08-17 22:41:28,445 INFO  ExportHelperExtension.cs: 1352 - Unfixing component 87
2026-08-17 22:41:28,447 INFO  ExportHelperExtension.cs: 1352 - Unfixing component 687
2026-08-17 22:41:28,448 INFO  ExportHelperExtension.cs: 1352 - Unfixing component 725
2026-08-17 22:41:28,449 INFO  ExportHelperExtension.cs: 1352 - Unfixing component 689
2026-08-17 22:41:28,450 INFO  ExportHelperExtension.cs: 1352 - Unfixing component 722
2026-08-17 22:41:28,450 INFO  ExportHelperExtension.cs: 1352 - Unfixing component 724
2026-08-17 22:41:28,450 INFO  ExportHelperExtension.cs: 1352 - Unfixing component 688
2026-08-17 22:41:28,451 INFO  ExportHelperExtension.cs: 1352 - Unfixing component 686
2026-08-17 22:41:28,451 INFO  ExportHelperExtension.cs: 1352 - Unfixing component 723
2026-08-17 22:41:28,452 INFO  ExportHelperExtension.cs: 1352 - Unfixing component 208
2026-08-17 22:41:28,452 INFO  ExportHelperExtension.cs: 1352 - Unfixing component 133
2026-08-17 22:41:28,452 INFO  ExportHelperExtension.cs: 1352 - Unfixing component 134
2026-08-17 22:41:28,453 INFO  ExportHelperExtension.cs: 1352 - Unfixing component 135
2026-08-17 22:41:28,453 INFO  ExportHelperExtension.cs: 1352 - Unfixing component 136
2026-08-17 22:41:28,453 INFO  ExportHelperExtension.cs: 1352 - Unfixing component 117
2026-08-17 22:41:28,454 INFO  ExportHelperExtension.cs: 1352 - Unfixing component 118
2026-08-17 22:41:28,454 INFO  ExportHelperExtension.cs: 1352 - Unfixing component 119
2026-08-17 22:41:28,454 INFO  ExportHelperExtension.cs: 1352 - Unfixing component 120
2026-08-17 22:41:28,455 INFO  ExportHelperExtension.cs: 1352 - Unfixing component 150
2026-08-17 22:41:28,455 INFO  ExportHelperExtension.cs: 1352 - Unfixing component 178
2026-08-17 22:41:28,455 INFO  ExportHelperExtension.cs: 1352 - Unfixing component 203
2026-08-17 22:41:28,456 INFO  ExportHelperExtension.cs: 1352 - Unfixing component 151
2026-08-17 22:41:28,456 INFO  ExportHelperExtension.cs: 1352 - Unfixing component 152
2026-08-17 22:41:28,456 INFO  ExportHelperExtension.cs: 1352 - Unfixing component 156
2026-08-17 22:41:28,457 INFO  ExportHelperExtension.cs: 1352 - Unfixing component 159
2026-08-17 22:41:28,457 INFO  ExportHelperExtension.cs: 1352 - Unfixing component 612
2026-08-17 22:41:28,457 INFO  ExportHelperExtension.cs: 1352 - Unfixing component 614
2026-08-17 22:41:28,457 INFO  ExportHelperExtension.cs: 1352 - Unfixing component 626
2026-08-17 22:41:28,457 INFO  ExportHelperExtension.cs: 1352 - Unfixing component 622
2026-08-17 22:41:28,458 INFO  ExportHelperExtension.cs: 1352 - Unfixing component 25
2026-08-17 22:41:28,458 INFO  ExportHelperExtension.cs: 1352 - Unfixing component 632
2026-08-17 22:41:28,458 INFO  ExportHelperExtension.cs: 1352 - Unfixing component 90
2026-08-17 22:41:28,459 INFO  ExportHelperExtension.cs: 1352 - Unfixing component 664
2026-08-17 22:41:28,459 INFO  ExportHelperExtension.cs: 1352 - Unfixing component 93
2026-08-17 22:41:28,459 INFO  ExportHelperExtension.cs: 1352 - Unfixing component 74
2026-08-17 22:41:28,459 INFO  ExportHelperExtension.cs: 1352 - Unfixing component 636
2026-08-17 22:41:28,460 INFO  ExportHelperExtension.cs: 1352 - Unfixing component 665
2026-08-17 22:41:28,460 INFO  ExportHelperExtension.cs: 1352 - Unfixing component 73
2026-08-17 22:41:28,460 INFO  ExportHelperExtension.cs: 1352 - Unfixing component 88
2026-08-17 22:41:32,340 WARN  ExportHelperExtension.cs: 351 - Creating joint from parent 4th_Link to child left_finger_Link failed
2026-08-17 22:41:32,355 INFO  ExportHelperExtension.cs: 347 - Creating joint right_finger_Link
2026-08-17 22:41:32,356 INFO  ExportHelperExtension.cs: 1397 - Fixing components for left_finger_Link
2026-08-17 22:41:32,356 INFO  ExportHelperExtension.cs: 1402 - Fixing 98
2026-08-17 22:41:32,357 INFO  ExportHelperExtension.cs: 1402 - Fixing 125
2026-08-17 22:41:32,357 INFO  ExportHelperExtension.cs: 1402 - Fixing 132
2026-08-17 22:41:32,357 INFO  ExportHelperExtension.cs: 1402 - Fixing 185
2026-08-17 22:41:32,357 INFO  ExportHelperExtension.cs: 1402 - Fixing 32
2026-08-17 22:41:32,357 INFO  ExportHelperExtension.cs: 1402 - Fixing 523
2026-08-17 22:41:32,358 INFO  ExportHelperExtension.cs: 1402 - Fixing 567
2026-08-17 22:41:32,358 INFO  ExportHelperExtension.cs: 1402 - Fixing 26
2026-08-17 22:41:32,359 INFO  ExportHelperExtension.cs: 1402 - Fixing 177
2026-08-17 22:41:32,359 INFO  ExportHelperExtension.cs: 1402 - Fixing 30
2026-08-17 22:41:32,360 INFO  ExportHelperExtension.cs: 1402 - Fixing 83
2026-08-17 22:41:32,360 INFO  ExportHelperExtension.cs: 1402 - Fixing 88
2026-08-17 22:41:32,361 INFO  ExportHelperExtension.cs: 1402 - Fixing 39
2026-08-17 22:41:32,361 INFO  ExportHelperExtension.cs: 1402 - Fixing 120
2026-08-17 22:41:32,361 INFO  ExportHelperExtension.cs: 1402 - Fixing 53
2026-08-17 22:41:32,362 INFO  ExportHelperExtension.cs: 1402 - Fixing 36
2026-08-17 22:41:32,362 INFO  ExportHelperExtension.cs: 1402 - Fixing 28
2026-08-17 22:41:32,362 INFO  ExportHelperExtension.cs: 1402 - Fixing 497
2026-08-17 22:41:32,363 INFO  ExportHelperExtension.cs: 1402 - Fixing 499
2026-08-17 22:41:32,363 INFO  ExportHelperExtension.cs: 1402 - Fixing 331
2026-08-17 22:41:32,363 INFO  ExportHelperExtension.cs: 1402 - Fixing 322
2026-08-17 22:41:32,364 INFO  ExportHelperExtension.cs: 1402 - Fixing 336
2026-08-17 22:41:32,364 INFO  ExportHelperExtension.cs: 1402 - Fixing 512
2026-08-17 22:41:32,364 INFO  ExportHelperExtension.cs: 1402 - Fixing 542
2026-08-17 22:41:32,365 INFO  ExportHelperExtension.cs: 1402 - Fixing 524
2026-08-17 22:41:32,365 INFO  ExportHelperExtension.cs: 1402 - Fixing 545
2026-08-17 22:41:32,366 INFO  ExportHelperExtension.cs: 1402 - Fixing 209
2026-08-17 22:41:32,366 INFO  ExportHelperExtension.cs: 1402 - Fixing 601
2026-08-17 22:41:32,366 INFO  ExportHelperExtension.cs: 1402 - Fixing 362
2026-08-17 22:41:32,367 INFO  ExportHelperExtension.cs: 1402 - Fixing 363
2026-08-17 22:41:32,367 INFO  ExportHelperExtension.cs: 1402 - Fixing 430
2026-08-17 22:41:32,367 INFO  ExportHelperExtension.cs: 1402 - Fixing 361
2026-08-17 22:41:32,368 INFO  ExportHelperExtension.cs: 1402 - Fixing 593
2026-08-17 22:41:32,368 INFO  ExportHelperExtension.cs: 1402 - Fixing 344
2026-08-17 22:41:32,368 INFO  ExportHelperExtension.cs: 1402 - Fixing 214
2026-08-17 22:41:32,369 INFO  ExportHelperExtension.cs: 1402 - Fixing 319
2026-08-17 22:41:32,369 INFO  ExportHelperExtension.cs: 1402 - Fixing 332
2026-08-17 22:41:32,369 INFO  ExportHelperExtension.cs: 1402 - Fixing 336
2026-08-17 22:41:32,370 INFO  ExportHelperExtension.cs: 1402 - Fixing 104
2026-08-17 22:41:32,370 INFO  ExportHelperExtension.cs: 1402 - Fixing 115
2026-08-17 22:41:32,370 INFO  ExportHelperExtension.cs: 1402 - Fixing 87
2026-08-17 22:41:32,371 INFO  ExportHelperExtension.cs: 1402 - Fixing 687
2026-08-17 22:41:32,371 INFO  ExportHelperExtension.cs: 1402 - Fixing 725
2026-08-17 22:41:32,371 INFO  ExportHelperExtension.cs: 1402 - Fixing 689
2026-08-17 22:41:32,371 INFO  ExportHelperExtension.cs: 1402 - Fixing 722
2026-08-17 22:41:32,373 INFO  ExportHelperExtension.cs: 1402 - Fixing 724
2026-08-17 22:41:32,373 INFO  ExportHelperExtension.cs: 1402 - Fixing 688
2026-08-17 22:41:32,373 INFO  ExportHelperExtension.cs: 1402 - Fixing 686
2026-08-17 22:41:32,374 INFO  ExportHelperExtension.cs: 1402 - Fixing 723
2026-08-17 22:41:32,374 INFO  ExportHelperExtension.cs: 1402 - Fixing 208
2026-08-17 22:41:32,374 INFO  ExportHelperExtension.cs: 1402 - Fixing 133
2026-08-17 22:41:32,375 INFO  ExportHelperExtension.cs: 1402 - Fixing 134
2026-08-17 22:41:32,375 INFO  ExportHelperExtension.cs: 1402 - Fixing 135
2026-08-17 22:41:32,375 INFO  ExportHelperExtension.cs: 1402 - Fixing 136
2026-08-17 22:41:32,376 INFO  ExportHelperExtension.cs: 1402 - Fixing 117
2026-08-17 22:41:32,376 INFO  ExportHelperExtension.cs: 1402 - Fixing 118
2026-08-17 22:41:32,376 INFO  ExportHelperExtension.cs: 1402 - Fixing 119
2026-08-17 22:41:32,377 INFO  ExportHelperExtension.cs: 1402 - Fixing 120
2026-08-17 22:41:32,377 INFO  ExportHelperExtension.cs: 1402 - Fixing 150
2026-08-17 22:41:32,377 INFO  ExportHelperExtension.cs: 1402 - Fixing 178
2026-08-17 22:41:32,378 INFO  ExportHelperExtension.cs: 1402 - Fixing 203
2026-08-17 22:41:32,385 INFO  ExportHelperExtension.cs: 1402 - Fixing 151
2026-08-17 22:41:32,385 INFO  ExportHelperExtension.cs: 1402 - Fixing 152
2026-08-17 22:41:32,386 INFO  ExportHelperExtension.cs: 1402 - Fixing 156
2026-08-17 22:41:32,386 INFO  ExportHelperExtension.cs: 1402 - Fixing 159
2026-08-17 22:41:32,387 INFO  ExportHelperExtension.cs: 1402 - Fixing 24
2026-08-17 22:41:32,387 INFO  ExportHelperExtension.cs: 1409 - Component 24 is already fixed
2026-08-17 22:41:32,387 INFO  ExportHelperExtension.cs: 1402 - Fixing 612
2026-08-17 22:41:32,388 INFO  ExportHelperExtension.cs: 1402 - Fixing 614
2026-08-17 22:41:32,388 INFO  ExportHelperExtension.cs: 1402 - Fixing 626
2026-08-17 22:41:32,388 INFO  ExportHelperExtension.cs: 1402 - Fixing 622
2026-08-17 22:41:32,389 INFO  ExportHelperExtension.cs: 1402 - Fixing 25
2026-08-17 22:41:32,389 INFO  ExportHelperExtension.cs: 1402 - Fixing 632
2026-08-17 22:41:32,389 INFO  ExportHelperExtension.cs: 1402 - Fixing 90
2026-08-17 22:41:32,390 INFO  ExportHelperExtension.cs: 1402 - Fixing 664
2026-08-17 22:41:32,390 INFO  ExportHelperExtension.cs: 1402 - Fixing 93
2026-08-17 22:41:32,390 INFO  ExportHelperExtension.cs: 1402 - Fixing 74
2026-08-17 22:41:32,391 INFO  ExportHelperExtension.cs: 1402 - Fixing 636
2026-08-17 22:41:32,391 INFO  ExportHelperExtension.cs: 1402 - Fixing 665
2026-08-17 22:41:32,391 INFO  ExportHelperExtension.cs: 1402 - Fixing 73
2026-08-17 22:41:32,391 INFO  ExportHelperExtension.cs: 1402 - Fixing 88
2026-08-17 22:41:34,089 INFO  ExportHelperExtension.cs: 832 - R1: 0, 0
2026-08-17 22:41:34,089 INFO  ExportHelperExtension.cs: 841 - R2: 0, 0
2026-08-17 22:41:34,090 INFO  ExportHelperExtension.cs: 849 - L1: 0
2026-08-17 22:41:34,091 INFO  ExportHelperExtension.cs: 857 - L2: 0
2026-08-17 22:41:34,091 INFO  ExportHelperExtension.cs: 1352 - Unfixing component 98
2026-08-17 22:41:34,091 INFO  ExportHelperExtension.cs: 1352 - Unfixing component 125
2026-08-17 22:41:34,092 INFO  ExportHelperExtension.cs: 1352 - Unfixing component 132
2026-08-17 22:41:34,092 INFO  ExportHelperExtension.cs: 1352 - Unfixing component 185
2026-08-17 22:41:34,092 INFO  ExportHelperExtension.cs: 1352 - Unfixing component 32
2026-08-17 22:41:34,093 INFO  ExportHelperExtension.cs: 1352 - Unfixing component 523
2026-08-17 22:41:34,093 INFO  ExportHelperExtension.cs: 1352 - Unfixing component 567
2026-08-17 22:41:34,093 INFO  ExportHelperExtension.cs: 1352 - Unfixing component 26
2026-08-17 22:41:34,094 INFO  ExportHelperExtension.cs: 1352 - Unfixing component 177
2026-08-17 22:41:34,094 INFO  ExportHelperExtension.cs: 1352 - Unfixing component 30
2026-08-17 22:41:34,094 INFO  ExportHelperExtension.cs: 1352 - Unfixing component 83
2026-08-17 22:41:34,095 INFO  ExportHelperExtension.cs: 1352 - Unfixing component 88
2026-08-17 22:41:34,095 INFO  ExportHelperExtension.cs: 1352 - Unfixing component 39
2026-08-17 22:41:34,096 INFO  ExportHelperExtension.cs: 1352 - Unfixing component 120
2026-08-17 22:41:34,096 INFO  ExportHelperExtension.cs: 1352 - Unfixing component 53
2026-08-17 22:41:34,096 INFO  ExportHelperExtension.cs: 1352 - Unfixing component 36
2026-08-17 22:41:34,097 INFO  ExportHelperExtension.cs: 1352 - Unfixing component 28
2026-08-17 22:41:34,097 INFO  ExportHelperExtension.cs: 1352 - Unfixing component 497
2026-08-17 22:41:34,097 INFO  ExportHelperExtension.cs: 1352 - Unfixing component 499
2026-08-17 22:41:34,098 INFO  ExportHelperExtension.cs: 1352 - Unfixing component 331
2026-08-17 22:41:34,098 INFO  ExportHelperExtension.cs: 1352 - Unfixing component 322
2026-08-17 22:41:34,098 INFO  ExportHelperExtension.cs: 1352 - Unfixing component 336
2026-08-17 22:41:34,099 INFO  ExportHelperExtension.cs: 1352 - Unfixing component 512
2026-08-17 22:41:34,099 INFO  ExportHelperExtension.cs: 1352 - Unfixing component 542
2026-08-17 22:41:34,099 INFO  ExportHelperExtension.cs: 1352 - Unfixing component 524
2026-08-17 22:41:34,100 INFO  ExportHelperExtension.cs: 1352 - Unfixing component 545
2026-08-17 22:41:34,100 INFO  ExportHelperExtension.cs: 1352 - Unfixing component 209
2026-08-17 22:41:34,100 INFO  ExportHelperExtension.cs: 1352 - Unfixing component 601
2026-08-17 22:41:34,100 INFO  ExportHelperExtension.cs: 1352 - Unfixing component 362
2026-08-17 22:41:34,101 INFO  ExportHelperExtension.cs: 1352 - Unfixing component 363
2026-08-17 22:41:34,101 INFO  ExportHelperExtension.cs: 1352 - Unfixing component 430
2026-08-17 22:41:34,101 INFO  ExportHelperExtension.cs: 1352 - Unfixing component 361
2026-08-17 22:41:34,102 INFO  ExportHelperExtension.cs: 1352 - Unfixing component 593
2026-08-17 22:41:34,102 INFO  ExportHelperExtension.cs: 1352 - Unfixing component 344
2026-08-17 22:41:34,102 INFO  ExportHelperExtension.cs: 1352 - Unfixing component 214
2026-08-17 22:41:34,103 INFO  ExportHelperExtension.cs: 1352 - Unfixing component 319
2026-08-17 22:41:34,103 INFO  ExportHelperExtension.cs: 1352 - Unfixing component 332
2026-08-17 22:41:34,104 INFO  ExportHelperExtension.cs: 1352 - Unfixing component 336
2026-08-17 22:41:34,104 INFO  ExportHelperExtension.cs: 1352 - Unfixing component 104
2026-08-17 22:41:34,104 INFO  ExportHelperExtension.cs: 1352 - Unfixing component 115
2026-08-17 22:41:34,104 INFO  ExportHelperExtension.cs: 1352 - Unfixing component 87
2026-08-17 22:41:34,105 INFO  ExportHelperExtension.cs: 1352 - Unfixing component 687
2026-08-17 22:41:34,105 INFO  ExportHelperExtension.cs: 1352 - Unfixing component 725
2026-08-17 22:41:34,105 INFO  ExportHelperExtension.cs: 1352 - Unfixing component 689
2026-08-17 22:41:34,106 INFO  ExportHelperExtension.cs: 1352 - Unfixing component 722
2026-08-17 22:41:34,106 INFO  ExportHelperExtension.cs: 1352 - Unfixing component 724
2026-08-17 22:41:34,106 INFO  ExportHelperExtension.cs: 1352 - Unfixing component 688
2026-08-17 22:41:34,107 INFO  ExportHelperExtension.cs: 1352 - Unfixing component 686
2026-08-17 22:41:34,107 INFO  ExportHelperExtension.cs: 1352 - Unfixing component 723
2026-08-17 22:41:34,107 INFO  ExportHelperExtension.cs: 1352 - Unfixing component 208
2026-08-17 22:41:34,107 INFO  ExportHelperExtension.cs: 1352 - Unfixing component 133
2026-08-17 22:41:34,107 INFO  ExportHelperExtension.cs: 1352 - Unfixing component 134
2026-08-17 22:41:34,108 INFO  ExportHelperExtension.cs: 1352 - Unfixing component 135
2026-08-17 22:41:34,108 INFO  ExportHelperExtension.cs: 1352 - Unfixing component 136
2026-08-17 22:41:34,108 INFO  ExportHelperExtension.cs: 1352 - Unfixing component 117
2026-08-17 22:41:34,108 INFO  ExportHelperExtension.cs: 1352 - Unfixing component 118
2026-08-17 22:41:34,109 INFO  ExportHelperExtension.cs: 1352 - Unfixing component 119
2026-08-17 22:41:34,109 INFO  ExportHelperExtension.cs: 1352 - Unfixing component 120
2026-08-17 22:41:34,109 INFO  ExportHelperExtension.cs: 1352 - Unfixing component 150
2026-08-17 22:41:34,110 INFO  ExportHelperExtension.cs: 1352 - Unfixing component 178
2026-08-17 22:41:34,110 INFO  ExportHelperExtension.cs: 1352 - Unfixing component 203
2026-08-17 22:41:34,110 INFO  ExportHelperExtension.cs: 1352 - Unfixing component 151
2026-08-17 22:41:34,111 INFO  ExportHelperExtension.cs: 1352 - Unfixing component 152
2026-08-17 22:41:34,111 INFO  ExportHelperExtension.cs: 1352 - Unfixing component 156
2026-08-17 22:41:34,111 INFO  ExportHelperExtension.cs: 1352 - Unfixing component 159
2026-08-17 22:41:34,112 INFO  ExportHelperExtension.cs: 1352 - Unfixing component 612
2026-08-17 22:41:34,112 INFO  ExportHelperExtension.cs: 1352 - Unfixing component 614
2026-08-17 22:41:34,112 INFO  ExportHelperExtension.cs: 1352 - Unfixing component 626
2026-08-17 22:41:34,112 INFO  ExportHelperExtension.cs: 1352 - Unfixing component 622
2026-08-17 22:41:34,113 INFO  ExportHelperExtension.cs: 1352 - Unfixing component 25
2026-08-17 22:41:34,113 INFO  ExportHelperExtension.cs: 1352 - Unfixing component 632
2026-08-17 22:41:34,113 INFO  ExportHelperExtension.cs: 1352 - Unfixing component 90
2026-08-17 22:41:34,114 INFO  ExportHelperExtension.cs: 1352 - Unfixing component 664
2026-08-17 22:41:34,114 INFO  ExportHelperExtension.cs: 1352 - Unfixing component 93
2026-08-17 22:41:34,114 INFO  ExportHelperExtension.cs: 1352 - Unfixing component 74
2026-08-17 22:41:34,115 INFO  ExportHelperExtension.cs: 1352 - Unfixing component 636
2026-08-17 22:41:34,115 INFO  ExportHelperExtension.cs: 1352 - Unfixing component 665
2026-08-17 22:41:34,115 INFO  ExportHelperExtension.cs: 1352 - Unfixing component 73
2026-08-17 22:41:34,115 INFO  ExportHelperExtension.cs: 1352 - Unfixing component 88
2026-08-17 22:41:38,069 WARN  ExportHelperExtension.cs: 351 - Creating joint from parent left_finger_Link to child right_finger_Link failed
2026-08-17 22:41:38,212 INFO  ExportHelperExtension.cs: 1125 - Retrieving features of type [CoordSys] from SCARA Robot With Controlled Motion
2026-08-17 22:41:38,216 INFO  ExportHelperExtension.cs: 1136 - Found 342 in SCARA Robot With Controlled Motion
2026-08-17 22:41:38,217 INFO  ExportHelperExtension.cs: 1145 - Found 7 features of type [CoordSys] in SCARA Robot With Controlled Motion
2026-08-17 22:41:38,218 INFO  ExportHelperExtension.cs: 1148 - Proceeding through assembly components
2026-08-17 22:41:38,219 INFO  ExportHelperExtension.cs: 1160 - 91 components to check
2026-08-17 22:41:38,219 INFO  ExportHelperExtension.cs: 1125 - Retrieving features of type [CoordSys] from Smooth Rod Clamp-7
2026-08-17 22:41:38,220 INFO  ExportHelperExtension.cs: 1136 - Found 27 in Smooth Rod Clamp-7
2026-08-17 22:41:38,220 INFO  ExportHelperExtension.cs: 1145 - Found 0 features of type [CoordSys] in Smooth Rod Clamp-7
2026-08-17 22:41:38,220 INFO  ExportHelperExtension.cs: 1125 - Retrieving features of type [CoordSys] from Smooth Rod Clamp-8
2026-08-17 22:41:38,221 INFO  ExportHelperExtension.cs: 1136 - Found 27 in Smooth Rod Clamp-8
2026-08-17 22:41:38,221 INFO  ExportHelperExtension.cs: 1145 - Found 0 features of type [CoordSys] in Smooth Rod Clamp-8
2026-08-17 22:41:38,221 INFO  ExportHelperExtension.cs: 1125 - Retrieving features of type [CoordSys] from Smooth Rod Clamp-4
2026-08-17 22:41:38,222 INFO  ExportHelperExtension.cs: 1136 - Found 27 in Smooth Rod Clamp-4
2026-08-17 22:41:38,222 INFO  ExportHelperExtension.cs: 1145 - Found 0 features of type [CoordSys] in Smooth Rod Clamp-4
2026-08-17 22:41:38,222 INFO  ExportHelperExtension.cs: 1125 - Retrieving features of type [CoordSys] from Z-axis Mount Platform-1
2026-08-17 22:41:38,223 INFO  ExportHelperExtension.cs: 1136 - Found 44 in Z-axis Mount Platform-1
2026-08-17 22:41:38,228 INFO  ExportHelperExtension.cs: 1145 - Found 0 features of type [CoordSys] in Z-axis Mount Platform-1
2026-08-17 22:41:38,229 INFO  ExportHelperExtension.cs: 1125 - Retrieving features of type [CoordSys] from Smooth Rod Clamp-6
2026-08-17 22:41:38,345 INFO  ExportHelperExtension.cs: 1136 - Found 27 in Smooth Rod Clamp-6
2026-08-17 22:41:38,346 INFO  ExportHelperExtension.cs: 1145 - Found 0 features of type [CoordSys] in Smooth Rod Clamp-6
2026-08-17 22:41:38,346 INFO  ExportHelperExtension.cs: 1125 - Retrieving features of type [CoordSys] from Ball Bearing 608 - 8x22x7mm-6
2026-08-17 22:41:38,347 INFO  ExportHelperExtension.cs: 1136 - Found 30 in Ball Bearing 608 - 8x22x7mm-6
2026-08-17 22:41:38,347 INFO  ExportHelperExtension.cs: 1145 - Found 0 features of type [CoordSys] in Ball Bearing 608 - 8x22x7mm-6
2026-08-17 22:41:38,347 INFO  ExportHelperExtension.cs: 1125 - Retrieving features of type [CoordSys] from Thrust Bearing 35x52x12mm-1
2026-08-17 22:41:38,348 INFO  ExportHelperExtension.cs: 1136 - Found 39 in Thrust Bearing 35x52x12mm-1
2026-08-17 22:41:38,348 INFO  ExportHelperExtension.cs: 1145 - Found 0 features of type [CoordSys] in Thrust Bearing 35x52x12mm-1
2026-08-17 22:41:38,349 INFO  ExportHelperExtension.cs: 1125 - Retrieving features of type [CoordSys] from Z-axis Top Plate-1
2026-08-17 22:41:38,349 INFO  ExportHelperExtension.cs: 1136 - Found 42 in Z-axis Top Plate-1
2026-08-17 22:41:38,350 INFO  ExportHelperExtension.cs: 1145 - Found 0 features of type [CoordSys] in Z-axis Top Plate-1
2026-08-17 22:41:38,350 INFO  ExportHelperExtension.cs: 1125 - Retrieving features of type [CoordSys] from Smooth Rod Clamp-3
2026-08-17 22:41:38,351 INFO  ExportHelperExtension.cs: 1136 - Found 27 in Smooth Rod Clamp-3
2026-08-17 22:41:38,351 INFO  ExportHelperExtension.cs: 1145 - Found 0 features of type [CoordSys] in Smooth Rod Clamp-3
2026-08-17 22:41:38,352 INFO  ExportHelperExtension.cs: 1125 - Retrieving features of type [CoordSys] from Smooth Rod Clamp-5
2026-08-17 22:41:38,352 INFO  ExportHelperExtension.cs: 1136 - Found 27 in Smooth Rod Clamp-5
2026-08-17 22:41:38,353 INFO  ExportHelperExtension.cs: 1145 - Found 0 features of type [CoordSys] in Smooth Rod Clamp-5
2026-08-17 22:41:38,353 INFO  ExportHelperExtension.cs: 1125 - Retrieving features of type [CoordSys] from Smooth Rod Clamp-2
2026-08-17 22:41:38,354 INFO  ExportHelperExtension.cs: 1136 - Found 27 in Smooth Rod Clamp-2
2026-08-17 22:41:38,354 INFO  ExportHelperExtension.cs: 1145 - Found 0 features of type [CoordSys] in Smooth Rod Clamp-2
2026-08-17 22:41:38,355 INFO  ExportHelperExtension.cs: 1125 - Retrieving features of type [CoordSys] from Lead Screw D8mm L380mm-1
2026-08-17 22:41:38,355 INFO  ExportHelperExtension.cs: 1136 - Found 26 in Lead Screw D8mm L380mm-1
2026-08-17 22:41:38,355 INFO  ExportHelperExtension.cs: 1145 - Found 0 features of type [CoordSys] in Lead Screw D8mm L380mm-1
2026-08-17 22:41:38,356 INFO  ExportHelperExtension.cs: 1125 - Retrieving features of type [CoordSys] from Stepper NEMA 17 -  20mm shaft-2
2026-08-17 22:41:38,356 INFO  ExportHelperExtension.cs: 1136 - Found 36 in Stepper NEMA 17 -  20mm shaft-2
2026-08-17 22:41:38,357 INFO  ExportHelperExtension.cs: 1145 - Found 0 features of type [CoordSys] in Stepper NEMA 17 -  20mm shaft-2
2026-08-17 22:41:38,357 INFO  ExportHelperExtension.cs: 1125 - Retrieving features of type [CoordSys] from Ball Bearing 608 - 8x22x7mm-4
2026-08-17 22:41:38,357 INFO  ExportHelperExtension.cs: 1136 - Found 30 in Ball Bearing 608 - 8x22x7mm-4
2026-08-17 22:41:38,358 INFO  ExportHelperExtension.cs: 1145 - Found 0 features of type [CoordSys] in Ball Bearing 608 - 8x22x7mm-4
2026-08-17 22:41:38,358 INFO  ExportHelperExtension.cs: 1125 - Retrieving features of type [CoordSys] from Arm 1-1
2026-08-17 22:41:38,358 INFO  ExportHelperExtension.cs: 1136 - Found 61 in Arm 1-1
2026-08-17 22:41:38,360 INFO  ExportHelperExtension.cs: 1145 - Found 0 features of type [CoordSys] in Arm 1-1
2026-08-17 22:41:38,361 INFO  ExportHelperExtension.cs: 1125 - Retrieving features of type [CoordSys] from Ball Bearing 608 - 8x22x7mm-5
2026-08-17 22:41:38,361 INFO  ExportHelperExtension.cs: 1136 - Found 30 in Ball Bearing 608 - 8x22x7mm-5
2026-08-17 22:41:38,361 INFO  ExportHelperExtension.cs: 1145 - Found 0 features of type [CoordSys] in Ball Bearing 608 - 8x22x7mm-5
2026-08-17 22:41:38,362 INFO  ExportHelperExtension.cs: 1125 - Retrieving features of type [CoordSys] from J2 Coupler-1
2026-08-17 22:41:38,362 INFO  ExportHelperExtension.cs: 1136 - Found 45 in J2 Coupler-1
2026-08-17 22:41:38,363 INFO  ExportHelperExtension.cs: 1145 - Found 0 features of type [CoordSys] in J2 Coupler-1
2026-08-17 22:41:38,363 INFO  ExportHelperExtension.cs: 1125 - Retrieving features of type [CoordSys] from GT2 Pulley - 92 teeth - J2-1
2026-08-17 22:41:38,364 INFO  ExportHelperExtension.cs: 1136 - Found 41 in GT2 Pulley - 92 teeth - J2-1
2026-08-17 22:41:38,364 INFO  ExportHelperExtension.cs: 1145 - Found 0 features of type [CoordSys] in GT2 Pulley - 92 teeth - J2-1
2026-08-17 22:41:38,364 INFO  ExportHelperExtension.cs: 1125 - Retrieving features of type [CoordSys] from GT2 Pulley - 23 - 80 teeth-1
2026-08-17 22:41:38,365 INFO  ExportHelperExtension.cs: 1136 - Found 45 in GT2 Pulley - 23 - 80 teeth-1
2026-08-17 22:41:38,365 INFO  ExportHelperExtension.cs: 1145 - Found 0 features of type [CoordSys] in GT2 Pulley - 23 - 80 teeth-1
2026-08-17 22:41:38,366 INFO  ExportHelperExtension.cs: 1125 - Retrieving features of type [CoordSys] from Ball Bearing 30x42x7mm-1
2026-08-17 22:41:38,366 INFO  ExportHelperExtension.cs: 1136 - Found 30 in Ball Bearing 30x42x7mm-1
2026-08-17 22:41:38,367 INFO  ExportHelperExtension.cs: 1145 - Found 0 features of type [CoordSys] in Ball Bearing 30x42x7mm-1
2026-08-17 22:41:38,367 INFO  ExportHelperExtension.cs: 1125 - Retrieving features of type [CoordSys] from Thrust Bearing 35x52x12mm-2
2026-08-17 22:41:38,368 INFO  ExportHelperExtension.cs: 1136 - Found 39 in Thrust Bearing 35x52x12mm-2
2026-08-17 22:41:38,368 INFO  ExportHelperExtension.cs: 1145 - Found 0 features of type [CoordSys] in Thrust Bearing 35x52x12mm-2
2026-08-17 22:41:38,369 INFO  ExportHelperExtension.cs: 1125 - Retrieving features of type [CoordSys] from Stepper NEMA 17 -  20mm shaft-3
2026-08-17 22:41:38,369 INFO  ExportHelperExtension.cs: 1136 - Found 36 in Stepper NEMA 17 -  20mm shaft-3
2026-08-17 22:41:38,369 INFO  ExportHelperExtension.cs: 1145 - Found 0 features of type [CoordSys] in Stepper NEMA 17 -  20mm shaft-3
2026-08-17 22:41:38,370 INFO  ExportHelperExtension.cs: 1125 - Retrieving features of type [CoordSys] from Micro switch-1
2026-08-17 22:41:38,370 INFO  ExportHelperExtension.cs: 1136 - Found 36 in Micro switch-1
2026-08-17 22:41:38,371 INFO  ExportHelperExtension.cs: 1145 - Found 0 features of type [CoordSys] in Micro switch-1
2026-08-17 22:41:38,371 INFO  ExportHelperExtension.cs: 1125 - Retrieving features of type [CoordSys] from Linear Bearing 10x19x29mm-6
2026-08-17 22:41:38,371 INFO  ExportHelperExtension.cs: 1136 - Found 30 in Linear Bearing 10x19x29mm-6
2026-08-17 22:41:38,372 INFO  ExportHelperExtension.cs: 1145 - Found 0 features of type [CoordSys] in Linear Bearing 10x19x29mm-6
2026-08-17 22:41:38,372 INFO  ExportHelperExtension.cs: 1125 - Retrieving features of type [CoordSys] from Linear Bearing 10x19x29mm-1
2026-08-17 22:41:38,372 INFO  ExportHelperExtension.cs: 1136 - Found 30 in Linear Bearing 10x19x29mm-1
2026-08-17 22:41:38,373 INFO  ExportHelperExtension.cs: 1145 - Found 0 features of type [CoordSys] in Linear Bearing 10x19x29mm-1
2026-08-17 22:41:38,373 INFO  ExportHelperExtension.cs: 1125 - Retrieving features of type [CoordSys] from Arm 2-1
2026-08-17 22:41:38,374 INFO  ExportHelperExtension.cs: 1136 - Found 53 in Arm 2-1
2026-08-17 22:41:38,374 INFO  ExportHelperExtension.cs: 1145 - Found 0 features of type [CoordSys] in Arm 2-1
2026-08-17 22:41:38,374 INFO  ExportHelperExtension.cs: 1125 - Retrieving features of type [CoordSys] from M8 Washer-3
2026-08-17 22:41:38,374 INFO  ExportHelperExtension.cs: 1136 - Found 25 in M8 Washer-3
2026-08-17 22:41:38,375 INFO  ExportHelperExtension.cs: 1145 - Found 0 features of type [CoordSys] in M8 Washer-3
2026-08-17 22:41:38,375 INFO  ExportHelperExtension.cs: 1125 - Retrieving features of type [CoordSys] from Arm 2 Cover-1
2026-08-17 22:41:38,375 INFO  ExportHelperExtension.cs: 1136 - Found 45 in Arm 2 Cover-1
2026-08-17 22:41:38,376 INFO  ExportHelperExtension.cs: 1145 - Found 0 features of type [CoordSys] in Arm 2 Cover-1
2026-08-17 22:41:38,376 INFO  ExportHelperExtension.cs: 1125 - Retrieving features of type [CoordSys] from GT2 Pulley - Parametric-3
2026-08-17 22:41:38,377 INFO  ExportHelperExtension.cs: 1136 - Found 35 in GT2 Pulley - Parametric-3
2026-08-17 22:41:38,377 INFO  ExportHelperExtension.cs: 1145 - Found 0 features of type [CoordSys] in GT2 Pulley - Parametric-3
2026-08-17 22:41:38,377 INFO  ExportHelperExtension.cs: 1125 - Retrieving features of type [CoordSys] from Micro switch-4
2026-08-17 22:41:38,378 INFO  ExportHelperExtension.cs: 1136 - Found 36 in Micro switch-4
2026-08-17 22:41:38,378 INFO  ExportHelperExtension.cs: 1145 - Found 0 features of type [CoordSys] in Micro switch-4
2026-08-17 22:41:38,379 INFO  ExportHelperExtension.cs: 1125 - Retrieving features of type [CoordSys] from Linear Bearing 10x19x29mm-3
2026-08-17 22:41:38,379 INFO  ExportHelperExtension.cs: 1136 - Found 30 in Linear Bearing 10x19x29mm-3
2026-08-17 22:41:38,379 INFO  ExportHelperExtension.cs: 1145 - Found 0 features of type [CoordSys] in Linear Bearing 10x19x29mm-3
2026-08-17 22:41:38,380 INFO  ExportHelperExtension.cs: 1125 - Retrieving features of type [CoordSys] from GT2 Pulley - Parametric-2
2026-08-17 22:41:38,380 INFO  ExportHelperExtension.cs: 1136 - Found 35 in GT2 Pulley - Parametric-2
2026-08-17 22:41:38,381 INFO  ExportHelperExtension.cs: 1145 - Found 0 features of type [CoordSys] in GT2 Pulley - Parametric-2
2026-08-17 22:41:38,381 INFO  ExportHelperExtension.cs: 1125 - Retrieving features of type [CoordSys] from Linear Bearing 10x19x29mm-2
2026-08-17 22:41:38,381 INFO  ExportHelperExtension.cs: 1136 - Found 30 in Linear Bearing 10x19x29mm-2
2026-08-17 22:41:38,382 INFO  ExportHelperExtension.cs: 1145 - Found 0 features of type [CoordSys] in Linear Bearing 10x19x29mm-2
2026-08-17 22:41:38,382 INFO  ExportHelperExtension.cs: 1125 - Retrieving features of type [CoordSys] from NEMA 17 Stepper L24mm - 20mm shaft-1
2026-08-17 22:41:38,383 INFO  ExportHelperExtension.cs: 1136 - Found 36 in NEMA 17 Stepper L24mm - 20mm shaft-1
2026-08-17 22:41:38,383 INFO  ExportHelperExtension.cs: 1145 - Found 0 features of type [CoordSys] in NEMA 17 Stepper L24mm - 20mm shaft-1
2026-08-17 22:41:38,383 INFO  ExportHelperExtension.cs: 1125 - Retrieving features of type [CoordSys] from Ball Bearing 30x42x7mm-2
2026-08-17 22:41:38,384 INFO  ExportHelperExtension.cs: 1136 - Found 30 in Ball Bearing 30x42x7mm-2
2026-08-17 22:41:38,384 INFO  ExportHelperExtension.cs: 1145 - Found 0 features of type [CoordSys] in Ball Bearing 30x42x7mm-2
2026-08-17 22:41:38,385 INFO  ExportHelperExtension.cs: 1125 - Retrieving features of type [CoordSys] from Thrust Bearing 35x52x12mm-3
2026-08-17 22:41:38,385 INFO  ExportHelperExtension.cs: 1136 - Found 39 in Thrust Bearing 35x52x12mm-3
2026-08-17 22:41:38,385 INFO  ExportHelperExtension.cs: 1145 - Found 0 features of type [CoordSys] in Thrust Bearing 35x52x12mm-3
2026-08-17 22:41:38,386 INFO  ExportHelperExtension.cs: 1125 - Retrieving features of type [CoordSys] from Thrust Bearing 35x52x12mm-4
2026-08-17 22:41:38,386 INFO  ExportHelperExtension.cs: 1136 - Found 39 in Thrust Bearing 35x52x12mm-4
2026-08-17 22:41:38,386 INFO  ExportHelperExtension.cs: 1145 - Found 0 features of type [CoordSys] in Thrust Bearing 35x52x12mm-4
2026-08-17 22:41:38,387 INFO  ExportHelperExtension.cs: 1125 - Retrieving features of type [CoordSys] from GT2 Pulley - 90 teeth - J3-1
2026-08-17 22:41:38,387 INFO  ExportHelperExtension.cs: 1136 - Found 41 in GT2 Pulley - 90 teeth - J3-1
2026-08-17 22:41:38,388 INFO  ExportHelperExtension.cs: 1145 - Found 0 features of type [CoordSys] in GT2 Pulley - 90 teeth - J3-1
2026-08-17 22:41:38,388 INFO  ExportHelperExtension.cs: 1125 - Retrieving features of type [CoordSys] from J3 Coupler-1
2026-08-17 22:41:38,389 INFO  ExportHelperExtension.cs: 1136 - Found 45 in J3 Coupler-1
2026-08-17 22:41:38,389 INFO  ExportHelperExtension.cs: 1145 - Found 0 features of type [CoordSys] in J3 Coupler-1
2026-08-17 22:41:38,389 INFO  ExportHelperExtension.cs: 1125 - Retrieving features of type [CoordSys] from Micro switch-3
2026-08-17 22:41:38,390 INFO  ExportHelperExtension.cs: 1136 - Found 36 in Micro switch-3
2026-08-17 22:41:38,390 INFO  ExportHelperExtension.cs: 1145 - Found 0 features of type [CoordSys] in Micro switch-3
2026-08-17 22:41:38,391 INFO  ExportHelperExtension.cs: 1125 - Retrieving features of type [CoordSys] from Lead Screw Nut 8mm-1
2026-08-17 22:41:38,391 INFO  ExportHelperExtension.cs: 1136 - Found 31 in Lead Screw Nut 8mm-1
2026-08-17 22:41:38,391 INFO  ExportHelperExtension.cs: 1145 - Found 0 features of type [CoordSys] in Lead Screw Nut 8mm-1
2026-08-17 22:41:38,392 INFO  ExportHelperExtension.cs: 1125 - Retrieving features of type [CoordSys] from Gripper Mechanism-1
2026-08-17 22:41:38,412 INFO  ExportHelperExtension.cs: 1136 - Found 98 in Gripper Mechanism-1
2026-08-17 22:41:38,413 INFO  ExportHelperExtension.cs: 1145 - Found 0 features of type [CoordSys] in Gripper Mechanism-1
2026-08-17 22:41:38,414 INFO  ExportHelperExtension.cs: 1125 - Retrieving features of type [CoordSys] from Arm 1 Cover-1
2026-08-17 22:41:38,415 INFO  ExportHelperExtension.cs: 1136 - Found 34 in Arm 1 Cover-1
2026-08-17 22:41:38,415 INFO  ExportHelperExtension.cs: 1145 - Found 0 features of type [CoordSys] in Arm 1 Cover-1
2026-08-17 22:41:38,416 INFO  ExportHelperExtension.cs: 1125 - Retrieving features of type [CoordSys] from Micro switch-5
2026-08-17 22:41:38,417 INFO  ExportHelperExtension.cs: 1136 - Found 36 in Micro switch-5
2026-08-17 22:41:38,418 INFO  ExportHelperExtension.cs: 1145 - Found 0 features of type [CoordSys] in Micro switch-5
2026-08-17 22:41:38,419 INFO  ExportHelperExtension.cs: 1125 - Retrieving features of type [CoordSys] from Ball Bearing 35x47x7mm-1
2026-08-17 22:41:38,419 INFO  ExportHelperExtension.cs: 1136 - Found 30 in Ball Bearing 35x47x7mm-1
2026-08-17 22:41:38,420 INFO  ExportHelperExtension.cs: 1145 - Found 0 features of type [CoordSys] in Ball Bearing 35x47x7mm-1
2026-08-17 22:41:38,421 INFO  ExportHelperExtension.cs: 1125 - Retrieving features of type [CoordSys] from GT2 Belt 300mm 2-1
2026-08-17 22:41:38,421 INFO  ExportHelperExtension.cs: 1136 - Found 25 in GT2 Belt 300mm 2-1
2026-08-17 22:41:38,423 INFO  ExportHelperExtension.cs: 1145 - Found 0 features of type [CoordSys] in GT2 Belt 300mm 2-1
2026-08-17 22:41:38,424 INFO  ExportHelperExtension.cs: 1125 - Retrieving features of type [CoordSys] from Top cover-1
2026-08-17 22:41:38,425 INFO  ExportHelperExtension.cs: 1136 - Found 40 in Top cover-1
2026-08-17 22:41:38,425 INFO  ExportHelperExtension.cs: 1145 - Found 0 features of type [CoordSys] in Top cover-1
2026-08-17 22:41:38,426 INFO  ExportHelperExtension.cs: 1125 - Retrieving features of type [CoordSys] from GT2 Belt 400mm 2-1
2026-08-17 22:41:38,427 INFO  ExportHelperExtension.cs: 1136 - Found 25 in GT2 Belt 400mm 2-1
2026-08-17 22:41:38,427 INFO  ExportHelperExtension.cs: 1145 - Found 0 features of type [CoordSys] in GT2 Belt 400mm 2-1
2026-08-17 22:41:38,428 INFO  ExportHelperExtension.cs: 1125 - Retrieving features of type [CoordSys] from Base cover-1
2026-08-17 22:41:38,429 INFO  ExportHelperExtension.cs: 1136 - Found 29 in Base cover-1
2026-08-17 22:41:38,429 INFO  ExportHelperExtension.cs: 1145 - Found 0 features of type [CoordSys] in Base cover-1
2026-08-17 22:41:38,429 INFO  ExportHelperExtension.cs: 1125 - Retrieving features of type [CoordSys] from Arduino UNO case p1-1
2026-08-17 22:41:38,430 INFO  ExportHelperExtension.cs: 1136 - Found 41 in Arduino UNO case p1-1
2026-08-17 22:41:38,430 INFO  ExportHelperExtension.cs: 1145 - Found 0 features of type [CoordSys] in Arduino UNO case p1-1
2026-08-17 22:41:38,431 INFO  ExportHelperExtension.cs: 1125 - Retrieving features of type [CoordSys] from GT2 Belt 400mm-1
2026-08-17 22:41:38,431 INFO  ExportHelperExtension.cs: 1136 - Found 25 in GT2 Belt 400mm-1
2026-08-17 22:41:38,432 INFO  ExportHelperExtension.cs: 1145 - Found 0 features of type [CoordSys] in GT2 Belt 400mm-1
2026-08-17 22:41:38,433 INFO  ExportHelperExtension.cs: 1125 - Retrieving features of type [CoordSys] from GT2 Belt 200mm-1
2026-08-17 22:41:38,433 INFO  ExportHelperExtension.cs: 1136 - Found 25 in GT2 Belt 200mm-1
2026-08-17 22:41:38,434 INFO  ExportHelperExtension.cs: 1145 - Found 0 features of type [CoordSys] in GT2 Belt 200mm-1
2026-08-17 22:41:38,435 INFO  ExportHelperExtension.cs: 1125 - Retrieving features of type [CoordSys] from M4 Lock nut-4
2026-08-17 22:41:38,436 INFO  ExportHelperExtension.cs: 1136 - Found 36 in M4 Lock nut-4
2026-08-17 22:41:38,436 INFO  ExportHelperExtension.cs: 1145 - Found 0 features of type [CoordSys] in M4 Lock nut-4
2026-08-17 22:41:38,438 INFO  ExportHelperExtension.cs: 1125 - Retrieving features of type [CoordSys] from Arduino UNO case p2-1
2026-08-17 22:41:38,438 INFO  ExportHelperExtension.cs: 1136 - Found 39 in Arduino UNO case p2-1
2026-08-17 22:41:38,439 INFO  ExportHelperExtension.cs: 1145 - Found 0 features of type [CoordSys] in Arduino UNO case p2-1
2026-08-17 22:41:38,440 INFO  ExportHelperExtension.cs: 1125 - Retrieving features of type [CoordSys] from GT2 Belt 300mm-1
2026-08-17 22:41:38,440 INFO  ExportHelperExtension.cs: 1136 - Found 25 in GT2 Belt 300mm-1
2026-08-17 22:41:38,441 INFO  ExportHelperExtension.cs: 1145 - Found 0 features of type [CoordSys] in GT2 Belt 300mm-1
2026-08-17 22:41:38,441 INFO  ExportHelperExtension.cs: 1125 - Retrieving features of type [CoordSys] from M8 Lock nut-1
2026-08-17 22:41:38,442 INFO  ExportHelperExtension.cs: 1136 - Found 36 in M8 Lock nut-1
2026-08-17 22:41:38,443 INFO  ExportHelperExtension.cs: 1145 - Found 0 features of type [CoordSys] in M8 Lock nut-1
2026-08-17 22:41:38,443 INFO  ExportHelperExtension.cs: 1125 - Retrieving features of type [CoordSys] from M4 Lock nut-1
2026-08-17 22:41:38,444 INFO  ExportHelperExtension.cs: 1136 - Found 36 in M4 Lock nut-1
2026-08-17 22:41:38,444 INFO  ExportHelperExtension.cs: 1145 - Found 0 features of type [CoordSys] in M4 Lock nut-1
2026-08-17 22:41:38,445 INFO  ExportHelperExtension.cs: 1125 - Retrieving features of type [CoordSys] from M8 45mm - Bolts-1
2026-08-17 22:41:38,445 INFO  ExportHelperExtension.cs: 1136 - Found 36 in M8 45mm - Bolts-1
2026-08-17 22:41:38,446 INFO  ExportHelperExtension.cs: 1145 - Found 0 features of type [CoordSys] in M8 45mm - Bolts-1
2026-08-17 22:41:38,446 INFO  ExportHelperExtension.cs: 1125 - Retrieving features of type [CoordSys] from M4 Lock nut-2
2026-08-17 22:41:38,446 INFO  ExportHelperExtension.cs: 1136 - Found 36 in M4 Lock nut-2
2026-08-17 22:41:38,447 INFO  ExportHelperExtension.cs: 1145 - Found 0 features of type [CoordSys] in M4 Lock nut-2
2026-08-17 22:41:38,447 INFO  ExportHelperExtension.cs: 1125 - Retrieving features of type [CoordSys] from M4 Lock nut-3
2026-08-17 22:41:38,448 INFO  ExportHelperExtension.cs: 1136 - Found 36 in M4 Lock nut-3
2026-08-17 22:41:38,449 INFO  ExportHelperExtension.cs: 1145 - Found 0 features of type [CoordSys] in M4 Lock nut-3
2026-08-17 22:41:38,449 INFO  ExportHelperExtension.cs: 1125 - Retrieving features of type [CoordSys] from M8 Lock nut-3
2026-08-17 22:41:38,450 INFO  ExportHelperExtension.cs: 1136 - Found 36 in M8 Lock nut-3
2026-08-17 22:41:38,451 INFO  ExportHelperExtension.cs: 1145 - Found 0 features of type [CoordSys] in M8 Lock nut-3
2026-08-17 22:41:38,451 INFO  ExportHelperExtension.cs: 1125 - Retrieving features of type [CoordSys] from M4 60mm - Bolts-3
2026-08-17 22:41:38,452 INFO  ExportHelperExtension.cs: 1136 - Found 36 in M4 60mm - Bolts-3
2026-08-17 22:41:38,453 INFO  ExportHelperExtension.cs: 1145 - Found 0 features of type [CoordSys] in M4 60mm - Bolts-3
2026-08-17 22:41:38,453 INFO  ExportHelperExtension.cs: 1125 - Retrieving features of type [CoordSys] from M8 45mm - Bolts-3
2026-08-17 22:41:38,454 INFO  ExportHelperExtension.cs: 1136 - Found 36 in M8 45mm - Bolts-3
2026-08-17 22:41:38,455 INFO  ExportHelperExtension.cs: 1145 - Found 0 features of type [CoordSys] in M8 45mm - Bolts-3
2026-08-17 22:41:38,456 INFO  ExportHelperExtension.cs: 1125 - Retrieving features of type [CoordSys] from M4 Lock nut-7
2026-08-17 22:41:38,456 INFO  ExportHelperExtension.cs: 1136 - Found 36 in M4 Lock nut-7
2026-08-17 22:41:38,457 INFO  ExportHelperExtension.cs: 1145 - Found 0 features of type [CoordSys] in M4 Lock nut-7
2026-08-17 22:41:38,457 INFO  ExportHelperExtension.cs: 1125 - Retrieving features of type [CoordSys] from M4 Lock nut-5
2026-08-17 22:41:38,458 INFO  ExportHelperExtension.cs: 1136 - Found 36 in M4 Lock nut-5
2026-08-17 22:41:38,459 INFO  ExportHelperExtension.cs: 1145 - Found 0 features of type [CoordSys] in M4 Lock nut-5
2026-08-17 22:41:38,460 INFO  ExportHelperExtension.cs: 1125 - Retrieving features of type [CoordSys] from M4 50mm - Bolts-3
2026-08-17 22:41:38,461 INFO  ExportHelperExtension.cs: 1136 - Found 36 in M4 50mm - Bolts-3
2026-08-17 22:41:38,461 INFO  ExportHelperExtension.cs: 1145 - Found 0 features of type [CoordSys] in M4 50mm - Bolts-3
2026-08-17 22:41:38,461 INFO  ExportHelperExtension.cs: 1125 - Retrieving features of type [CoordSys] from M4 60mm - Bolts-4
2026-08-17 22:41:38,462 INFO  ExportHelperExtension.cs: 1136 - Found 36 in M4 60mm - Bolts-4
2026-08-17 22:41:38,462 INFO  ExportHelperExtension.cs: 1145 - Found 0 features of type [CoordSys] in M4 60mm - Bolts-4
2026-08-17 22:41:38,463 INFO  ExportHelperExtension.cs: 1125 - Retrieving features of type [CoordSys] from M4 60mm - Bolts-1
2026-08-17 22:41:38,464 INFO  ExportHelperExtension.cs: 1136 - Found 36 in M4 60mm - Bolts-1
2026-08-17 22:41:38,464 INFO  ExportHelperExtension.cs: 1145 - Found 0 features of type [CoordSys] in M4 60mm - Bolts-1
2026-08-17 22:41:38,465 INFO  ExportHelperExtension.cs: 1125 - Retrieving features of type [CoordSys] from M4 60mm - Bolts-2
2026-08-17 22:41:38,465 INFO  ExportHelperExtension.cs: 1136 - Found 36 in M4 60mm - Bolts-2
2026-08-17 22:41:38,466 INFO  ExportHelperExtension.cs: 1145 - Found 0 features of type [CoordSys] in M4 60mm - Bolts-2
2026-08-17 22:41:38,467 INFO  ExportHelperExtension.cs: 1125 - Retrieving features of type [CoordSys] from M4 50mm - Bolts-4
2026-08-17 22:41:38,467 INFO  ExportHelperExtension.cs: 1136 - Found 36 in M4 50mm - Bolts-4
2026-08-17 22:41:38,468 INFO  ExportHelperExtension.cs: 1145 - Found 0 features of type [CoordSys] in M4 50mm - Bolts-4
2026-08-17 22:41:38,468 INFO  ExportHelperExtension.cs: 1125 - Retrieving features of type [CoordSys] from M4 50mm - Bolts-2
2026-08-17 22:41:38,468 INFO  ExportHelperExtension.cs: 1136 - Found 36 in M4 50mm - Bolts-2
2026-08-17 22:41:38,470 INFO  ExportHelperExtension.cs: 1145 - Found 0 features of type [CoordSys] in M4 50mm - Bolts-2
2026-08-17 22:41:38,470 INFO  ExportHelperExtension.cs: 1125 - Retrieving features of type [CoordSys] from M4 Lock nut-6
2026-08-17 22:41:38,471 INFO  ExportHelperExtension.cs: 1136 - Found 36 in M4 Lock nut-6
2026-08-17 22:41:38,471 INFO  ExportHelperExtension.cs: 1145 - Found 0 features of type [CoordSys] in M4 Lock nut-6
2026-08-17 22:41:38,471 INFO  ExportHelperExtension.cs: 1125 - Retrieving features of type [CoordSys] from M4 50mm - Bolts-1
2026-08-17 22:41:38,472 INFO  ExportHelperExtension.cs: 1136 - Found 36 in M4 50mm - Bolts-1
2026-08-17 22:41:38,472 INFO  ExportHelperExtension.cs: 1145 - Found 0 features of type [CoordSys] in M4 50mm - Bolts-1
2026-08-17 22:41:38,473 INFO  ExportHelperExtension.cs: 1125 - Retrieving features of type [CoordSys] from M4 Lock nut-8
2026-08-17 22:41:38,473 INFO  ExportHelperExtension.cs: 1136 - Found 36 in M4 Lock nut-8
2026-08-17 22:41:38,473 INFO  ExportHelperExtension.cs: 1145 - Found 0 features of type [CoordSys] in M4 Lock nut-8
2026-08-17 22:41:38,473 INFO  ExportHelperExtension.cs: 1125 - Retrieving features of type [CoordSys] from Ball Bearing 608 - 8x22x7mm-3
2026-08-17 22:41:38,474 INFO  ExportHelperExtension.cs: 1136 - Found 30 in Ball Bearing 608 - 8x22x7mm-3
2026-08-17 22:41:38,474 INFO  ExportHelperExtension.cs: 1145 - Found 0 features of type [CoordSys] in Ball Bearing 608 - 8x22x7mm-3
2026-08-17 22:41:38,475 INFO  ExportHelperExtension.cs: 1125 - Retrieving features of type [CoordSys] from GT2 Pulley - 22 - 80 teeth-2
2026-08-17 22:41:38,475 INFO  ExportHelperExtension.cs: 1136 - Found 45 in GT2 Pulley - 22 - 80 teeth-2
2026-08-17 22:41:38,476 INFO  ExportHelperExtension.cs: 1145 - Found 0 features of type [CoordSys] in GT2 Pulley - 22 - 80 teeth-2
2026-08-17 22:41:38,476 INFO  ExportHelperExtension.cs: 1125 - Retrieving features of type [CoordSys] from Base-1
2026-08-17 22:41:38,477 INFO  ExportHelperExtension.cs: 1136 - Found 80 in Base-1
2026-08-17 22:41:38,477 INFO  ExportHelperExtension.cs: 1145 - Found 0 features of type [CoordSys] in Base-1
2026-08-17 22:41:38,478 INFO  ExportHelperExtension.cs: 1125 - Retrieving features of type [CoordSys] from Thrust Bearing - 40x60x13-4
2026-08-17 22:41:38,478 INFO  ExportHelperExtension.cs: 1136 - Found 39 in Thrust Bearing - 40x60x13-4
2026-08-17 22:41:38,479 INFO  ExportHelperExtension.cs: 1145 - Found 0 features of type [CoordSys] in Thrust Bearing - 40x60x13-4
2026-08-17 22:41:38,479 INFO  ExportHelperExtension.cs: 1125 - Retrieving features of type [CoordSys] from Ball Bearing 608 - 8x22x7mm-2
2026-08-17 22:41:38,479 INFO  ExportHelperExtension.cs: 1136 - Found 30 in Ball Bearing 608 - 8x22x7mm-2
2026-08-17 22:41:38,480 INFO  ExportHelperExtension.cs: 1145 - Found 0 features of type [CoordSys] in Ball Bearing 608 - 8x22x7mm-2
2026-08-17 22:41:38,488 INFO  ExportHelperExtension.cs: 1125 - Retrieving features of type [CoordSys] from Stepper NEMA 17 -  20mm shaft-1
2026-08-17 22:41:38,506 INFO  ExportHelperExtension.cs: 1136 - Found 36 in Stepper NEMA 17 -  20mm shaft-1
2026-08-17 22:41:38,507 INFO  ExportHelperExtension.cs: 1145 - Found 0 features of type [CoordSys] in Stepper NEMA 17 -  20mm shaft-1
2026-08-17 22:41:38,509 INFO  ExportHelperExtension.cs: 1125 - Retrieving features of type [CoordSys] from Thrust Bearing - 40x60x13-3
2026-08-17 22:41:38,510 INFO  ExportHelperExtension.cs: 1136 - Found 39 in Thrust Bearing - 40x60x13-3
2026-08-17 22:41:38,511 INFO  ExportHelperExtension.cs: 1145 - Found 0 features of type [CoordSys] in Thrust Bearing - 40x60x13-3
2026-08-17 22:41:38,511 INFO  ExportHelperExtension.cs: 1125 - Retrieving features of type [CoordSys] from GT2 Pulley - 110 teeth - J1-2
2026-08-17 22:41:38,512 INFO  ExportHelperExtension.cs: 1136 - Found 41 in GT2 Pulley - 110 teeth - J1-2
2026-08-17 22:41:38,513 INFO  ExportHelperExtension.cs: 1145 - Found 0 features of type [CoordSys] in GT2 Pulley - 110 teeth - J1-2
2026-08-17 22:41:38,514 INFO  ExportHelperExtension.cs: 1125 - Retrieving features of type [CoordSys] from Smooth Rod D10mm L400mm-3
2026-08-17 22:41:38,515 INFO  ExportHelperExtension.cs: 1136 - Found 25 in Smooth Rod D10mm L400mm-3
2026-08-17 22:41:38,516 INFO  ExportHelperExtension.cs: 1145 - Found 0 features of type [CoordSys] in Smooth Rod D10mm L400mm-3
2026-08-17 22:41:38,516 INFO  ExportHelperExtension.cs: 1125 - Retrieving features of type [CoordSys] from Smooth Rod Clamp-1
2026-08-17 22:41:38,517 INFO  ExportHelperExtension.cs: 1136 - Found 27 in Smooth Rod Clamp-1
2026-08-17 22:41:38,518 INFO  ExportHelperExtension.cs: 1145 - Found 0 features of type [CoordSys] in Smooth Rod Clamp-1
2026-08-17 22:41:38,519 INFO  ExportHelperExtension.cs: 1125 - Retrieving features of type [CoordSys] from Smooth Rod D10mm L400mm-4
2026-08-17 22:41:38,519 INFO  ExportHelperExtension.cs: 1136 - Found 25 in Smooth Rod D10mm L400mm-4
2026-08-17 22:41:38,520 INFO  ExportHelperExtension.cs: 1145 - Found 0 features of type [CoordSys] in Smooth Rod D10mm L400mm-4
2026-08-17 22:41:38,521 INFO  ExportHelperExtension.cs: 1125 - Retrieving features of type [CoordSys] from M8 Washer-2
2026-08-17 22:41:38,521 INFO  ExportHelperExtension.cs: 1136 - Found 25 in M8 Washer-2
2026-08-17 22:41:38,522 INFO  ExportHelperExtension.cs: 1145 - Found 0 features of type [CoordSys] in M8 Washer-2
2026-08-17 22:41:38,522 INFO  ExportHelperExtension.cs: 1125 - Retrieving features of type [CoordSys] from Smooth Rod D10mm L400mm-2
2026-08-17 22:41:38,523 INFO  ExportHelperExtension.cs: 1136 - Found 25 in Smooth Rod D10mm L400mm-2
2026-08-17 22:41:38,523 INFO  ExportHelperExtension.cs: 1145 - Found 0 features of type [CoordSys] in Smooth Rod D10mm L400mm-2
2026-08-17 22:41:38,523 INFO  ExportHelperExtension.cs: 1125 - Retrieving features of type [CoordSys] from Smooth Rod D10mm L400mm-1
2026-08-17 22:41:38,524 INFO  ExportHelperExtension.cs: 1136 - Found 25 in Smooth Rod D10mm L400mm-1
2026-08-17 22:41:38,524 INFO  ExportHelperExtension.cs: 1145 - Found 0 features of type [CoordSys] in Smooth Rod D10mm L400mm-1
2026-08-17 22:41:38,525 INFO  ExportHelperExtension.cs: 1125 - Retrieving features of type [CoordSys] from J1 coupler-1
2026-08-17 22:41:38,525 INFO  ExportHelperExtension.cs: 1136 - Found 48 in J1 coupler-1
2026-08-17 22:41:38,526 INFO  ExportHelperExtension.cs: 1145 - Found 0 features of type [CoordSys] in J1 coupler-1
2026-08-17 22:41:38,526 INFO  ExportHelperExtension.cs: 1125 - Retrieving features of type [CoordSys] from GT2 Pulley - Parametric-1
2026-08-17 22:41:38,527 INFO  ExportHelperExtension.cs: 1136 - Found 35 in GT2 Pulley - Parametric-1
2026-08-17 22:41:38,527 INFO  ExportHelperExtension.cs: 1145 - Found 0 features of type [CoordSys] in GT2 Pulley - Parametric-1
2026-08-17 22:41:38,528 INFO  ExportHelperExtension.cs: 1125 - Retrieving features of type [CoordSys] from Z-axis Bottom Plate-2
2026-08-17 22:41:38,528 INFO  ExportHelperExtension.cs: 1136 - Found 36 in Z-axis Bottom Plate-2
2026-08-17 22:41:38,528 INFO  ExportHelperExtension.cs: 1145 - Found 0 features of type [CoordSys] in Z-axis Bottom Plate-2
2026-08-17 22:41:38,529 INFO  ExportHelperExtension.cs: 1125 - Retrieving features of type [RefAxis] from SCARA Robot With Controlled Motion
2026-08-17 22:41:38,529 INFO  ExportHelperExtension.cs: 1136 - Found 342 in SCARA Robot With Controlled Motion
2026-08-17 22:41:38,531 INFO  ExportHelperExtension.cs: 1145 - Found 2 features of type [RefAxis] in SCARA Robot With Controlled Motion
2026-08-17 22:41:38,531 INFO  ExportHelperExtension.cs: 1148 - Proceeding through assembly components
2026-08-17 22:41:38,531 INFO  ExportHelperExtension.cs: 1160 - 91 components to check
2026-08-17 22:41:38,532 INFO  ExportHelperExtension.cs: 1125 - Retrieving features of type [RefAxis] from Smooth Rod Clamp-7
2026-08-17 22:41:38,533 INFO  ExportHelperExtension.cs: 1136 - Found 27 in Smooth Rod Clamp-7
2026-08-17 22:41:38,533 INFO  ExportHelperExtension.cs: 1145 - Found 0 features of type [RefAxis] in Smooth Rod Clamp-7
2026-08-17 22:41:38,533 INFO  ExportHelperExtension.cs: 1125 - Retrieving features of type [RefAxis] from Smooth Rod Clamp-8
2026-08-17 22:41:38,534 INFO  ExportHelperExtension.cs: 1136 - Found 27 in Smooth Rod Clamp-8
2026-08-17 22:41:38,534 INFO  ExportHelperExtension.cs: 1145 - Found 0 features of type [RefAxis] in Smooth Rod Clamp-8
2026-08-17 22:41:38,535 INFO  ExportHelperExtension.cs: 1125 - Retrieving features of type [RefAxis] from Smooth Rod Clamp-4
2026-08-17 22:41:38,535 INFO  ExportHelperExtension.cs: 1136 - Found 27 in Smooth Rod Clamp-4
2026-08-17 22:41:38,535 INFO  ExportHelperExtension.cs: 1145 - Found 0 features of type [RefAxis] in Smooth Rod Clamp-4
2026-08-17 22:41:38,536 INFO  ExportHelperExtension.cs: 1125 - Retrieving features of type [RefAxis] from Z-axis Mount Platform-1
2026-08-17 22:41:38,536 INFO  ExportHelperExtension.cs: 1136 - Found 44 in Z-axis Mount Platform-1
2026-08-17 22:41:38,537 INFO  ExportHelperExtension.cs: 1145 - Found 0 features of type [RefAxis] in Z-axis Mount Platform-1
2026-08-17 22:41:38,537 INFO  ExportHelperExtension.cs: 1125 - Retrieving features of type [RefAxis] from Smooth Rod Clamp-6
2026-08-17 22:41:38,537 INFO  ExportHelperExtension.cs: 1136 - Found 27 in Smooth Rod Clamp-6
2026-08-17 22:41:38,538 INFO  ExportHelperExtension.cs: 1145 - Found 0 features of type [RefAxis] in Smooth Rod Clamp-6
2026-08-17 22:41:38,538 INFO  ExportHelperExtension.cs: 1125 - Retrieving features of type [RefAxis] from Ball Bearing 608 - 8x22x7mm-6
2026-08-17 22:41:38,538 INFO  ExportHelperExtension.cs: 1136 - Found 30 in Ball Bearing 608 - 8x22x7mm-6
2026-08-17 22:41:38,539 INFO  ExportHelperExtension.cs: 1145 - Found 0 features of type [RefAxis] in Ball Bearing 608 - 8x22x7mm-6
2026-08-17 22:41:38,539 INFO  ExportHelperExtension.cs: 1125 - Retrieving features of type [RefAxis] from Thrust Bearing 35x52x12mm-1
2026-08-17 22:41:38,540 INFO  ExportHelperExtension.cs: 1136 - Found 39 in Thrust Bearing 35x52x12mm-1
2026-08-17 22:41:38,540 INFO  ExportHelperExtension.cs: 1145 - Found 0 features of type [RefAxis] in Thrust Bearing 35x52x12mm-1
2026-08-17 22:41:38,541 INFO  ExportHelperExtension.cs: 1125 - Retrieving features of type [RefAxis] from Z-axis Top Plate-1
2026-08-17 22:41:38,541 INFO  ExportHelperExtension.cs: 1136 - Found 42 in Z-axis Top Plate-1
2026-08-17 22:41:38,541 INFO  ExportHelperExtension.cs: 1145 - Found 0 features of type [RefAxis] in Z-axis Top Plate-1
2026-08-17 22:41:38,542 INFO  ExportHelperExtension.cs: 1125 - Retrieving features of type [RefAxis] from Smooth Rod Clamp-3
2026-08-17 22:41:38,542 INFO  ExportHelperExtension.cs: 1136 - Found 27 in Smooth Rod Clamp-3
2026-08-17 22:41:38,543 INFO  ExportHelperExtension.cs: 1145 - Found 0 features of type [RefAxis] in Smooth Rod Clamp-3
2026-08-17 22:41:38,543 INFO  ExportHelperExtension.cs: 1125 - Retrieving features of type [RefAxis] from Smooth Rod Clamp-5
2026-08-17 22:41:38,543 INFO  ExportHelperExtension.cs: 1136 - Found 27 in Smooth Rod Clamp-5
2026-08-17 22:41:38,544 INFO  ExportHelperExtension.cs: 1145 - Found 0 features of type [RefAxis] in Smooth Rod Clamp-5
2026-08-17 22:41:38,544 INFO  ExportHelperExtension.cs: 1125 - Retrieving features of type [RefAxis] from Smooth Rod Clamp-2
2026-08-17 22:41:38,544 INFO  ExportHelperExtension.cs: 1136 - Found 27 in Smooth Rod Clamp-2
2026-08-17 22:41:38,545 INFO  ExportHelperExtension.cs: 1145 - Found 0 features of type [RefAxis] in Smooth Rod Clamp-2
2026-08-17 22:41:38,545 INFO  ExportHelperExtension.cs: 1125 - Retrieving features of type [RefAxis] from Lead Screw D8mm L380mm-1
2026-08-17 22:41:38,546 INFO  ExportHelperExtension.cs: 1136 - Found 26 in Lead Screw D8mm L380mm-1
2026-08-17 22:41:38,546 INFO  ExportHelperExtension.cs: 1145 - Found 0 features of type [RefAxis] in Lead Screw D8mm L380mm-1
2026-08-17 22:41:38,546 INFO  ExportHelperExtension.cs: 1125 - Retrieving features of type [RefAxis] from Stepper NEMA 17 -  20mm shaft-2
2026-08-17 22:41:38,547 INFO  ExportHelperExtension.cs: 1136 - Found 36 in Stepper NEMA 17 -  20mm shaft-2
2026-08-17 22:41:38,547 INFO  ExportHelperExtension.cs: 1145 - Found 0 features of type [RefAxis] in Stepper NEMA 17 -  20mm shaft-2
2026-08-17 22:41:38,548 INFO  ExportHelperExtension.cs: 1125 - Retrieving features of type [RefAxis] from Ball Bearing 608 - 8x22x7mm-4
2026-08-17 22:41:38,548 INFO  ExportHelperExtension.cs: 1136 - Found 30 in Ball Bearing 608 - 8x22x7mm-4
2026-08-17 22:41:38,548 INFO  ExportHelperExtension.cs: 1145 - Found 0 features of type [RefAxis] in Ball Bearing 608 - 8x22x7mm-4
2026-08-17 22:41:38,549 INFO  ExportHelperExtension.cs: 1125 - Retrieving features of type [RefAxis] from Arm 1-1
2026-08-17 22:41:38,549 INFO  ExportHelperExtension.cs: 1136 - Found 61 in Arm 1-1
2026-08-17 22:41:38,550 INFO  ExportHelperExtension.cs: 1145 - Found 0 features of type [RefAxis] in Arm 1-1
2026-08-17 22:41:38,550 INFO  ExportHelperExtension.cs: 1125 - Retrieving features of type [RefAxis] from Ball Bearing 608 - 8x22x7mm-5
2026-08-17 22:41:38,550 INFO  ExportHelperExtension.cs: 1136 - Found 30 in Ball Bearing 608 - 8x22x7mm-5
2026-08-17 22:41:38,551 INFO  ExportHelperExtension.cs: 1145 - Found 0 features of type [RefAxis] in Ball Bearing 608 - 8x22x7mm-5
2026-08-17 22:41:38,551 INFO  ExportHelperExtension.cs: 1125 - Retrieving features of type [RefAxis] from J2 Coupler-1
2026-08-17 22:41:38,552 INFO  ExportHelperExtension.cs: 1136 - Found 45 in J2 Coupler-1
2026-08-17 22:41:38,552 INFO  ExportHelperExtension.cs: 1145 - Found 0 features of type [RefAxis] in J2 Coupler-1
2026-08-17 22:41:38,552 INFO  ExportHelperExtension.cs: 1125 - Retrieving features of type [RefAxis] from GT2 Pulley - 92 teeth - J2-1
2026-08-17 22:41:38,553 INFO  ExportHelperExtension.cs: 1136 - Found 41 in GT2 Pulley - 92 teeth - J2-1
2026-08-17 22:41:38,553 INFO  ExportHelperExtension.cs: 1145 - Found 0 features of type [RefAxis] in GT2 Pulley - 92 teeth - J2-1
2026-08-17 22:41:38,554 INFO  ExportHelperExtension.cs: 1125 - Retrieving features of type [RefAxis] from GT2 Pulley - 23 - 80 teeth-1
2026-08-17 22:41:38,554 INFO  ExportHelperExtension.cs: 1136 - Found 45 in GT2 Pulley - 23 - 80 teeth-1
2026-08-17 22:41:38,555 INFO  ExportHelperExtension.cs: 1145 - Found 0 features of type [RefAxis] in GT2 Pulley - 23 - 80 teeth-1
2026-08-17 22:41:38,555 INFO  ExportHelperExtension.cs: 1125 - Retrieving features of type [RefAxis] from Ball Bearing 30x42x7mm-1
2026-08-17 22:41:38,556 INFO  ExportHelperExtension.cs: 1136 - Found 30 in Ball Bearing 30x42x7mm-1
2026-08-17 22:41:38,556 INFO  ExportHelperExtension.cs: 1145 - Found 0 features of type [RefAxis] in Ball Bearing 30x42x7mm-1
2026-08-17 22:41:38,556 INFO  ExportHelperExtension.cs: 1125 - Retrieving features of type [RefAxis] from Thrust Bearing 35x52x12mm-2
2026-08-17 22:41:38,557 INFO  ExportHelperExtension.cs: 1136 - Found 39 in Thrust Bearing 35x52x12mm-2
2026-08-17 22:41:38,557 INFO  ExportHelperExtension.cs: 1145 - Found 0 features of type [RefAxis] in Thrust Bearing 35x52x12mm-2
2026-08-17 22:41:38,557 INFO  ExportHelperExtension.cs: 1125 - Retrieving features of type [RefAxis] from Stepper NEMA 17 -  20mm shaft-3
2026-08-17 22:41:38,557 INFO  ExportHelperExtension.cs: 1136 - Found 36 in Stepper NEMA 17 -  20mm shaft-3
2026-08-17 22:41:38,558 INFO  ExportHelperExtension.cs: 1145 - Found 0 features of type [RefAxis] in Stepper NEMA 17 -  20mm shaft-3
2026-08-17 22:41:38,558 INFO  ExportHelperExtension.cs: 1125 - Retrieving features of type [RefAxis] from Micro switch-1
2026-08-17 22:41:38,559 INFO  ExportHelperExtension.cs: 1136 - Found 36 in Micro switch-1
2026-08-17 22:41:38,559 INFO  ExportHelperExtension.cs: 1145 - Found 0 features of type [RefAxis] in Micro switch-1
2026-08-17 22:41:38,559 INFO  ExportHelperExtension.cs: 1125 - Retrieving features of type [RefAxis] from Linear Bearing 10x19x29mm-6
2026-08-17 22:41:38,560 INFO  ExportHelperExtension.cs: 1136 - Found 30 in Linear Bearing 10x19x29mm-6
2026-08-17 22:41:38,560 INFO  ExportHelperExtension.cs: 1145 - Found 0 features of type [RefAxis] in Linear Bearing 10x19x29mm-6
2026-08-17 22:41:38,561 INFO  ExportHelperExtension.cs: 1125 - Retrieving features of type [RefAxis] from Linear Bearing 10x19x29mm-1
2026-08-17 22:41:38,585 INFO  ExportHelperExtension.cs: 1136 - Found 30 in Linear Bearing 10x19x29mm-1
2026-08-17 22:41:38,586 INFO  ExportHelperExtension.cs: 1145 - Found 0 features of type [RefAxis] in Linear Bearing 10x19x29mm-1
2026-08-17 22:41:38,586 INFO  ExportHelperExtension.cs: 1125 - Retrieving features of type [RefAxis] from Arm 2-1
2026-08-17 22:41:38,587 INFO  ExportHelperExtension.cs: 1136 - Found 53 in Arm 2-1
2026-08-17 22:41:38,588 INFO  ExportHelperExtension.cs: 1145 - Found 0 features of type [RefAxis] in Arm 2-1
2026-08-17 22:41:38,589 INFO  ExportHelperExtension.cs: 1125 - Retrieving features of type [RefAxis] from M8 Washer-3
2026-08-17 22:41:38,590 INFO  ExportHelperExtension.cs: 1136 - Found 25 in M8 Washer-3
2026-08-17 22:41:38,590 INFO  ExportHelperExtension.cs: 1145 - Found 0 features of type [RefAxis] in M8 Washer-3
2026-08-17 22:41:38,591 INFO  ExportHelperExtension.cs: 1125 - Retrieving features of type [RefAxis] from Arm 2 Cover-1
2026-08-17 22:41:38,592 INFO  ExportHelperExtension.cs: 1136 - Found 45 in Arm 2 Cover-1
2026-08-17 22:41:38,593 INFO  ExportHelperExtension.cs: 1145 - Found 0 features of type [RefAxis] in Arm 2 Cover-1
2026-08-17 22:41:38,593 INFO  ExportHelperExtension.cs: 1125 - Retrieving features of type [RefAxis] from GT2 Pulley - Parametric-3
2026-08-17 22:41:38,594 INFO  ExportHelperExtension.cs: 1136 - Found 35 in GT2 Pulley - Parametric-3
2026-08-17 22:41:38,595 INFO  ExportHelperExtension.cs: 1145 - Found 0 features of type [RefAxis] in GT2 Pulley - Parametric-3
2026-08-17 22:41:38,595 INFO  ExportHelperExtension.cs: 1125 - Retrieving features of type [RefAxis] from Micro switch-4
2026-08-17 22:41:38,596 INFO  ExportHelperExtension.cs: 1136 - Found 36 in Micro switch-4
2026-08-17 22:41:38,597 INFO  ExportHelperExtension.cs: 1145 - Found 0 features of type [RefAxis] in Micro switch-4
2026-08-17 22:41:38,598 INFO  ExportHelperExtension.cs: 1125 - Retrieving features of type [RefAxis] from Linear Bearing 10x19x29mm-3
2026-08-17 22:41:38,598 INFO  ExportHelperExtension.cs: 1136 - Found 30 in Linear Bearing 10x19x29mm-3
2026-08-17 22:41:38,599 INFO  ExportHelperExtension.cs: 1145 - Found 0 features of type [RefAxis] in Linear Bearing 10x19x29mm-3
2026-08-17 22:41:38,600 INFO  ExportHelperExtension.cs: 1125 - Retrieving features of type [RefAxis] from GT2 Pulley - Parametric-2
2026-08-17 22:41:38,600 INFO  ExportHelperExtension.cs: 1136 - Found 35 in GT2 Pulley - Parametric-2
2026-08-17 22:41:38,601 INFO  ExportHelperExtension.cs: 1145 - Found 0 features of type [RefAxis] in GT2 Pulley - Parametric-2
2026-08-17 22:41:38,602 INFO  ExportHelperExtension.cs: 1125 - Retrieving features of type [RefAxis] from Linear Bearing 10x19x29mm-2
2026-08-17 22:41:38,602 INFO  ExportHelperExtension.cs: 1136 - Found 30 in Linear Bearing 10x19x29mm-2
2026-08-17 22:41:38,602 INFO  ExportHelperExtension.cs: 1145 - Found 0 features of type [RefAxis] in Linear Bearing 10x19x29mm-2
2026-08-17 22:41:38,603 INFO  ExportHelperExtension.cs: 1125 - Retrieving features of type [RefAxis] from NEMA 17 Stepper L24mm - 20mm shaft-1
2026-08-17 22:41:38,603 INFO  ExportHelperExtension.cs: 1136 - Found 36 in NEMA 17 Stepper L24mm - 20mm shaft-1
2026-08-17 22:41:38,604 INFO  ExportHelperExtension.cs: 1145 - Found 0 features of type [RefAxis] in NEMA 17 Stepper L24mm - 20mm shaft-1
2026-08-17 22:41:38,604 INFO  ExportHelperExtension.cs: 1125 - Retrieving features of type [RefAxis] from Ball Bearing 30x42x7mm-2
2026-08-17 22:41:38,605 INFO  ExportHelperExtension.cs: 1136 - Found 30 in Ball Bearing 30x42x7mm-2
2026-08-17 22:41:38,606 INFO  ExportHelperExtension.cs: 1145 - Found 0 features of type [RefAxis] in Ball Bearing 30x42x7mm-2
2026-08-17 22:41:38,607 INFO  ExportHelperExtension.cs: 1125 - Retrieving features of type [RefAxis] from Thrust Bearing 35x52x12mm-3
2026-08-17 22:41:38,607 INFO  ExportHelperExtension.cs: 1136 - Found 39 in Thrust Bearing 35x52x12mm-3
2026-08-17 22:41:38,608 INFO  ExportHelperExtension.cs: 1145 - Found 0 features of type [RefAxis] in Thrust Bearing 35x52x12mm-3
2026-08-17 22:41:38,608 INFO  ExportHelperExtension.cs: 1125 - Retrieving features of type [RefAxis] from Thrust Bearing 35x52x12mm-4
2026-08-17 22:41:38,609 INFO  ExportHelperExtension.cs: 1136 - Found 39 in Thrust Bearing 35x52x12mm-4
2026-08-17 22:41:38,610 INFO  ExportHelperExtension.cs: 1145 - Found 0 features of type [RefAxis] in Thrust Bearing 35x52x12mm-4
2026-08-17 22:41:38,610 INFO  ExportHelperExtension.cs: 1125 - Retrieving features of type [RefAxis] from GT2 Pulley - 90 teeth - J3-1
2026-08-17 22:41:38,611 INFO  ExportHelperExtension.cs: 1136 - Found 41 in GT2 Pulley - 90 teeth - J3-1
2026-08-17 22:41:38,612 INFO  ExportHelperExtension.cs: 1145 - Found 0 features of type [RefAxis] in GT2 Pulley - 90 teeth - J3-1
2026-08-17 22:41:38,612 INFO  ExportHelperExtension.cs: 1125 - Retrieving features of type [RefAxis] from J3 Coupler-1
2026-08-17 22:41:38,613 INFO  ExportHelperExtension.cs: 1136 - Found 45 in J3 Coupler-1
2026-08-17 22:41:38,614 INFO  ExportHelperExtension.cs: 1145 - Found 0 features of type [RefAxis] in J3 Coupler-1
2026-08-17 22:41:38,614 INFO  ExportHelperExtension.cs: 1125 - Retrieving features of type [RefAxis] from Micro switch-3
2026-08-17 22:41:38,615 INFO  ExportHelperExtension.cs: 1136 - Found 36 in Micro switch-3
2026-08-17 22:41:38,615 INFO  ExportHelperExtension.cs: 1145 - Found 0 features of type [RefAxis] in Micro switch-3
2026-08-17 22:41:38,616 INFO  ExportHelperExtension.cs: 1125 - Retrieving features of type [RefAxis] from Lead Screw Nut 8mm-1
2026-08-17 22:41:38,616 INFO  ExportHelperExtension.cs: 1136 - Found 31 in Lead Screw Nut 8mm-1
2026-08-17 22:41:38,616 INFO  ExportHelperExtension.cs: 1145 - Found 0 features of type [RefAxis] in Lead Screw Nut 8mm-1
2026-08-17 22:41:38,617 INFO  ExportHelperExtension.cs: 1125 - Retrieving features of type [RefAxis] from Gripper Mechanism-1
2026-08-17 22:41:38,617 INFO  ExportHelperExtension.cs: 1136 - Found 98 in Gripper Mechanism-1
2026-08-17 22:41:38,618 INFO  ExportHelperExtension.cs: 1145 - Found 0 features of type [RefAxis] in Gripper Mechanism-1
2026-08-17 22:41:38,618 INFO  ExportHelperExtension.cs: 1125 - Retrieving features of type [RefAxis] from Arm 1 Cover-1
2026-08-17 22:41:38,619 INFO  ExportHelperExtension.cs: 1136 - Found 34 in Arm 1 Cover-1
2026-08-17 22:41:38,619 INFO  ExportHelperExtension.cs: 1145 - Found 1 features of type [RefAxis] in Arm 1 Cover-1
2026-08-17 22:41:38,620 INFO  ExportHelperExtension.cs: 1125 - Retrieving features of type [RefAxis] from Micro switch-5
2026-08-17 22:41:38,620 INFO  ExportHelperExtension.cs: 1136 - Found 36 in Micro switch-5
2026-08-17 22:41:38,620 INFO  ExportHelperExtension.cs: 1145 - Found 0 features of type [RefAxis] in Micro switch-5
2026-08-17 22:41:38,621 INFO  ExportHelperExtension.cs: 1125 - Retrieving features of type [RefAxis] from Ball Bearing 35x47x7mm-1
2026-08-17 22:41:38,621 INFO  ExportHelperExtension.cs: 1136 - Found 30 in Ball Bearing 35x47x7mm-1
2026-08-17 22:41:38,621 INFO  ExportHelperExtension.cs: 1145 - Found 0 features of type [RefAxis] in Ball Bearing 35x47x7mm-1
2026-08-17 22:41:38,621 INFO  ExportHelperExtension.cs: 1125 - Retrieving features of type [RefAxis] from GT2 Belt 300mm 2-1
2026-08-17 22:41:38,623 INFO  ExportHelperExtension.cs: 1136 - Found 25 in GT2 Belt 300mm 2-1
2026-08-17 22:41:38,623 INFO  ExportHelperExtension.cs: 1145 - Found 0 features of type [RefAxis] in GT2 Belt 300mm 2-1
2026-08-17 22:41:38,623 INFO  ExportHelperExtension.cs: 1125 - Retrieving features of type [RefAxis] from Top cover-1
2026-08-17 22:41:38,624 INFO  ExportHelperExtension.cs: 1136 - Found 40 in Top cover-1
2026-08-17 22:41:38,624 INFO  ExportHelperExtension.cs: 1145 - Found 0 features of type [RefAxis] in Top cover-1
2026-08-17 22:41:38,624 INFO  ExportHelperExtension.cs: 1125 - Retrieving features of type [RefAxis] from GT2 Belt 400mm 2-1
2026-08-17 22:41:38,625 INFO  ExportHelperExtension.cs: 1136 - Found 25 in GT2 Belt 400mm 2-1
2026-08-17 22:41:38,625 INFO  ExportHelperExtension.cs: 1145 - Found 0 features of type [RefAxis] in GT2 Belt 400mm 2-1
2026-08-17 22:41:38,625 INFO  ExportHelperExtension.cs: 1125 - Retrieving features of type [RefAxis] from Base cover-1
2026-08-17 22:41:38,626 INFO  ExportHelperExtension.cs: 1136 - Found 29 in Base cover-1
2026-08-17 22:41:38,626 INFO  ExportHelperExtension.cs: 1145 - Found 0 features of type [RefAxis] in Base cover-1
2026-08-17 22:41:38,626 INFO  ExportHelperExtension.cs: 1125 - Retrieving features of type [RefAxis] from Arduino UNO case p1-1
2026-08-17 22:41:38,627 INFO  ExportHelperExtension.cs: 1136 - Found 41 in Arduino UNO case p1-1
2026-08-17 22:41:38,627 INFO  ExportHelperExtension.cs: 1145 - Found 0 features of type [RefAxis] in Arduino UNO case p1-1
2026-08-17 22:41:38,627 INFO  ExportHelperExtension.cs: 1125 - Retrieving features of type [RefAxis] from GT2 Belt 400mm-1
2026-08-17 22:41:38,628 INFO  ExportHelperExtension.cs: 1136 - Found 25 in GT2 Belt 400mm-1
2026-08-17 22:41:38,628 INFO  ExportHelperExtension.cs: 1145 - Found 0 features of type [RefAxis] in GT2 Belt 400mm-1
2026-08-17 22:41:38,629 INFO  ExportHelperExtension.cs: 1125 - Retrieving features of type [RefAxis] from GT2 Belt 200mm-1
2026-08-17 22:41:38,629 INFO  ExportHelperExtension.cs: 1136 - Found 25 in GT2 Belt 200mm-1
2026-08-17 22:41:38,629 INFO  ExportHelperExtension.cs: 1145 - Found 0 features of type [RefAxis] in GT2 Belt 200mm-1
2026-08-17 22:41:38,630 INFO  ExportHelperExtension.cs: 1125 - Retrieving features of type [RefAxis] from M4 Lock nut-4
2026-08-17 22:41:38,630 INFO  ExportHelperExtension.cs: 1136 - Found 36 in M4 Lock nut-4
2026-08-17 22:41:38,630 INFO  ExportHelperExtension.cs: 1145 - Found 0 features of type [RefAxis] in M4 Lock nut-4
2026-08-17 22:41:38,631 INFO  ExportHelperExtension.cs: 1125 - Retrieving features of type [RefAxis] from Arduino UNO case p2-1
2026-08-17 22:41:38,631 INFO  ExportHelperExtension.cs: 1136 - Found 39 in Arduino UNO case p2-1
2026-08-17 22:41:38,631 INFO  ExportHelperExtension.cs: 1145 - Found 0 features of type [RefAxis] in Arduino UNO case p2-1
2026-08-17 22:41:38,632 INFO  ExportHelperExtension.cs: 1125 - Retrieving features of type [RefAxis] from GT2 Belt 300mm-1
2026-08-17 22:41:38,632 INFO  ExportHelperExtension.cs: 1136 - Found 25 in GT2 Belt 300mm-1
2026-08-17 22:41:38,633 INFO  ExportHelperExtension.cs: 1145 - Found 0 features of type [RefAxis] in GT2 Belt 300mm-1
2026-08-17 22:41:38,633 INFO  ExportHelperExtension.cs: 1125 - Retrieving features of type [RefAxis] from M8 Lock nut-1
2026-08-17 22:41:38,633 INFO  ExportHelperExtension.cs: 1136 - Found 36 in M8 Lock nut-1
2026-08-17 22:41:38,634 INFO  ExportHelperExtension.cs: 1145 - Found 0 features of type [RefAxis] in M8 Lock nut-1
2026-08-17 22:41:38,634 INFO  ExportHelperExtension.cs: 1125 - Retrieving features of type [RefAxis] from M4 Lock nut-1
2026-08-17 22:41:38,634 INFO  ExportHelperExtension.cs: 1136 - Found 36 in M4 Lock nut-1
2026-08-17 22:41:38,635 INFO  ExportHelperExtension.cs: 1145 - Found 0 features of type [RefAxis] in M4 Lock nut-1
2026-08-17 22:41:38,635 INFO  ExportHelperExtension.cs: 1125 - Retrieving features of type [RefAxis] from M8 45mm - Bolts-1
2026-08-17 22:41:38,635 INFO  ExportHelperExtension.cs: 1136 - Found 36 in M8 45mm - Bolts-1
2026-08-17 22:41:38,636 INFO  ExportHelperExtension.cs: 1145 - Found 0 features of type [RefAxis] in M8 45mm - Bolts-1
2026-08-17 22:41:38,636 INFO  ExportHelperExtension.cs: 1125 - Retrieving features of type [RefAxis] from M4 Lock nut-2
2026-08-17 22:41:38,637 INFO  ExportHelperExtension.cs: 1136 - Found 36 in M4 Lock nut-2
2026-08-17 22:41:38,637 INFO  ExportHelperExtension.cs: 1145 - Found 0 features of type [RefAxis] in M4 Lock nut-2
2026-08-17 22:41:38,637 INFO  ExportHelperExtension.cs: 1125 - Retrieving features of type [RefAxis] from M4 Lock nut-3
2026-08-17 22:41:38,638 INFO  ExportHelperExtension.cs: 1136 - Found 36 in M4 Lock nut-3
2026-08-17 22:41:38,638 INFO  ExportHelperExtension.cs: 1145 - Found 0 features of type [RefAxis] in M4 Lock nut-3
2026-08-17 22:41:38,638 INFO  ExportHelperExtension.cs: 1125 - Retrieving features of type [RefAxis] from M8 Lock nut-3
2026-08-17 22:41:38,639 INFO  ExportHelperExtension.cs: 1136 - Found 36 in M8 Lock nut-3
2026-08-17 22:41:38,639 INFO  ExportHelperExtension.cs: 1145 - Found 0 features of type [RefAxis] in M8 Lock nut-3
2026-08-17 22:41:38,639 INFO  ExportHelperExtension.cs: 1125 - Retrieving features of type [RefAxis] from M4 60mm - Bolts-3
2026-08-17 22:41:38,640 INFO  ExportHelperExtension.cs: 1136 - Found 36 in M4 60mm - Bolts-3
2026-08-17 22:41:38,640 INFO  ExportHelperExtension.cs: 1145 - Found 0 features of type [RefAxis] in M4 60mm - Bolts-3
2026-08-17 22:41:38,644 INFO  ExportHelperExtension.cs: 1125 - Retrieving features of type [RefAxis] from M8 45mm - Bolts-3
2026-08-17 22:41:38,664 INFO  ExportHelperExtension.cs: 1136 - Found 36 in M8 45mm - Bolts-3
2026-08-17 22:41:38,665 INFO  ExportHelperExtension.cs: 1145 - Found 0 features of type [RefAxis] in M8 45mm - Bolts-3
2026-08-17 22:41:38,665 INFO  ExportHelperExtension.cs: 1125 - Retrieving features of type [RefAxis] from M4 Lock nut-7
2026-08-17 22:41:38,666 INFO  ExportHelperExtension.cs: 1136 - Found 36 in M4 Lock nut-7
2026-08-17 22:41:38,667 INFO  ExportHelperExtension.cs: 1145 - Found 0 features of type [RefAxis] in M4 Lock nut-7
2026-08-17 22:41:38,667 INFO  ExportHelperExtension.cs: 1125 - Retrieving features of type [RefAxis] from M4 Lock nut-5
2026-08-17 22:41:38,668 INFO  ExportHelperExtension.cs: 1136 - Found 36 in M4 Lock nut-5
2026-08-17 22:41:38,668 INFO  ExportHelperExtension.cs: 1145 - Found 0 features of type [RefAxis] in M4 Lock nut-5
2026-08-17 22:41:38,669 INFO  ExportHelperExtension.cs: 1125 - Retrieving features of type [RefAxis] from M4 50mm - Bolts-3
2026-08-17 22:41:38,669 INFO  ExportHelperExtension.cs: 1136 - Found 36 in M4 50mm - Bolts-3
2026-08-17 22:41:38,670 INFO  ExportHelperExtension.cs: 1145 - Found 0 features of type [RefAxis] in M4 50mm - Bolts-3
2026-08-17 22:41:38,671 INFO  ExportHelperExtension.cs: 1125 - Retrieving features of type [RefAxis] from M4 60mm - Bolts-4
2026-08-17 22:41:38,672 INFO  ExportHelperExtension.cs: 1136 - Found 36 in M4 60mm - Bolts-4
2026-08-17 22:41:38,672 INFO  ExportHelperExtension.cs: 1145 - Found 0 features of type [RefAxis] in M4 60mm - Bolts-4
2026-08-17 22:41:38,673 INFO  ExportHelperExtension.cs: 1125 - Retrieving features of type [RefAxis] from M4 60mm - Bolts-1
2026-08-17 22:41:38,673 INFO  ExportHelperExtension.cs: 1136 - Found 36 in M4 60mm - Bolts-1
2026-08-17 22:41:38,674 INFO  ExportHelperExtension.cs: 1145 - Found 0 features of type [RefAxis] in M4 60mm - Bolts-1
2026-08-17 22:41:38,675 INFO  ExportHelperExtension.cs: 1125 - Retrieving features of type [RefAxis] from M4 60mm - Bolts-2
2026-08-17 22:41:38,675 INFO  ExportHelperExtension.cs: 1136 - Found 36 in M4 60mm - Bolts-2
2026-08-17 22:41:38,676 INFO  ExportHelperExtension.cs: 1145 - Found 0 features of type [RefAxis] in M4 60mm - Bolts-2
2026-08-17 22:41:38,677 INFO  ExportHelperExtension.cs: 1125 - Retrieving features of type [RefAxis] from M4 50mm - Bolts-4
2026-08-17 22:41:38,677 INFO  ExportHelperExtension.cs: 1136 - Found 36 in M4 50mm - Bolts-4
2026-08-17 22:41:38,678 INFO  ExportHelperExtension.cs: 1145 - Found 0 features of type [RefAxis] in M4 50mm - Bolts-4
2026-08-17 22:41:38,679 INFO  ExportHelperExtension.cs: 1125 - Retrieving features of type [RefAxis] from M4 50mm - Bolts-2
2026-08-17 22:41:38,680 INFO  ExportHelperExtension.cs: 1136 - Found 36 in M4 50mm - Bolts-2
2026-08-17 22:41:38,680 INFO  ExportHelperExtension.cs: 1145 - Found 0 features of type [RefAxis] in M4 50mm - Bolts-2
2026-08-17 22:41:38,681 INFO  ExportHelperExtension.cs: 1125 - Retrieving features of type [RefAxis] from M4 Lock nut-6
2026-08-17 22:41:38,682 INFO  ExportHelperExtension.cs: 1136 - Found 36 in M4 Lock nut-6
2026-08-17 22:41:38,683 INFO  ExportHelperExtension.cs: 1145 - Found 0 features of type [RefAxis] in M4 Lock nut-6
2026-08-17 22:41:38,683 INFO  ExportHelperExtension.cs: 1125 - Retrieving features of type [RefAxis] from M4 50mm - Bolts-1
2026-08-17 22:41:38,684 INFO  ExportHelperExtension.cs: 1136 - Found 36 in M4 50mm - Bolts-1
2026-08-17 22:41:38,685 INFO  ExportHelperExtension.cs: 1145 - Found 0 features of type [RefAxis] in M4 50mm - Bolts-1
2026-08-17 22:41:38,685 INFO  ExportHelperExtension.cs: 1125 - Retrieving features of type [RefAxis] from M4 Lock nut-8
2026-08-17 22:41:38,686 INFO  ExportHelperExtension.cs: 1136 - Found 36 in M4 Lock nut-8
2026-08-17 22:41:38,687 INFO  ExportHelperExtension.cs: 1145 - Found 0 features of type [RefAxis] in M4 Lock nut-8
2026-08-17 22:41:38,687 INFO  ExportHelperExtension.cs: 1125 - Retrieving features of type [RefAxis] from Ball Bearing 608 - 8x22x7mm-3
2026-08-17 22:41:38,688 INFO  ExportHelperExtension.cs: 1136 - Found 30 in Ball Bearing 608 - 8x22x7mm-3
2026-08-17 22:41:38,688 INFO  ExportHelperExtension.cs: 1145 - Found 0 features of type [RefAxis] in Ball Bearing 608 - 8x22x7mm-3
2026-08-17 22:41:38,689 INFO  ExportHelperExtension.cs: 1125 - Retrieving features of type [RefAxis] from GT2 Pulley - 22 - 80 teeth-2
2026-08-17 22:41:38,689 INFO  ExportHelperExtension.cs: 1136 - Found 45 in GT2 Pulley - 22 - 80 teeth-2
2026-08-17 22:41:38,690 INFO  ExportHelperExtension.cs: 1145 - Found 0 features of type [RefAxis] in GT2 Pulley - 22 - 80 teeth-2
2026-08-17 22:41:38,690 INFO  ExportHelperExtension.cs: 1125 - Retrieving features of type [RefAxis] from Base-1
2026-08-17 22:41:38,691 INFO  ExportHelperExtension.cs: 1136 - Found 80 in Base-1
2026-08-17 22:41:38,692 INFO  ExportHelperExtension.cs: 1145 - Found 0 features of type [RefAxis] in Base-1
2026-08-17 22:41:38,692 INFO  ExportHelperExtension.cs: 1125 - Retrieving features of type [RefAxis] from Thrust Bearing - 40x60x13-4
2026-08-17 22:41:38,692 INFO  ExportHelperExtension.cs: 1136 - Found 39 in Thrust Bearing - 40x60x13-4
2026-08-17 22:41:38,693 INFO  ExportHelperExtension.cs: 1145 - Found 0 features of type [RefAxis] in Thrust Bearing - 40x60x13-4
2026-08-17 22:41:38,693 INFO  ExportHelperExtension.cs: 1125 - Retrieving features of type [RefAxis] from Ball Bearing 608 - 8x22x7mm-2
2026-08-17 22:41:38,694 INFO  ExportHelperExtension.cs: 1136 - Found 30 in Ball Bearing 608 - 8x22x7mm-2
2026-08-17 22:41:38,694 INFO  ExportHelperExtension.cs: 1145 - Found 0 features of type [RefAxis] in Ball Bearing 608 - 8x22x7mm-2
2026-08-17 22:41:38,695 INFO  ExportHelperExtension.cs: 1125 - Retrieving features of type [RefAxis] from Stepper NEMA 17 -  20mm shaft-1
2026-08-17 22:41:38,695 INFO  ExportHelperExtension.cs: 1136 - Found 36 in Stepper NEMA 17 -  20mm shaft-1
2026-08-17 22:41:38,695 INFO  ExportHelperExtension.cs: 1145 - Found 0 features of type [RefAxis] in Stepper NEMA 17 -  20mm shaft-1
2026-08-17 22:41:38,696 INFO  ExportHelperExtension.cs: 1125 - Retrieving features of type [RefAxis] from Thrust Bearing - 40x60x13-3
2026-08-17 22:41:38,696 INFO  ExportHelperExtension.cs: 1136 - Found 39 in Thrust Bearing - 40x60x13-3
2026-08-17 22:41:38,696 INFO  ExportHelperExtension.cs: 1145 - Found 0 features of type [RefAxis] in Thrust Bearing - 40x60x13-3
2026-08-17 22:41:38,697 INFO  ExportHelperExtension.cs: 1125 - Retrieving features of type [RefAxis] from GT2 Pulley - 110 teeth - J1-2
2026-08-17 22:41:38,697 INFO  ExportHelperExtension.cs: 1136 - Found 41 in GT2 Pulley - 110 teeth - J1-2
2026-08-17 22:41:38,698 INFO  ExportHelperExtension.cs: 1145 - Found 0 features of type [RefAxis] in GT2 Pulley - 110 teeth - J1-2
2026-08-17 22:41:38,698 INFO  ExportHelperExtension.cs: 1125 - Retrieving features of type [RefAxis] from Smooth Rod D10mm L400mm-3
2026-08-17 22:41:38,698 INFO  ExportHelperExtension.cs: 1136 - Found 25 in Smooth Rod D10mm L400mm-3
2026-08-17 22:41:38,699 INFO  ExportHelperExtension.cs: 1145 - Found 0 features of type [RefAxis] in Smooth Rod D10mm L400mm-3
2026-08-17 22:41:38,699 INFO  ExportHelperExtension.cs: 1125 - Retrieving features of type [RefAxis] from Smooth Rod Clamp-1
2026-08-17 22:41:38,699 INFO  ExportHelperExtension.cs: 1136 - Found 27 in Smooth Rod Clamp-1
2026-08-17 22:41:38,700 INFO  ExportHelperExtension.cs: 1145 - Found 0 features of type [RefAxis] in Smooth Rod Clamp-1
2026-08-17 22:41:38,700 INFO  ExportHelperExtension.cs: 1125 - Retrieving features of type [RefAxis] from Smooth Rod D10mm L400mm-4
2026-08-17 22:41:38,700 INFO  ExportHelperExtension.cs: 1136 - Found 25 in Smooth Rod D10mm L400mm-4
2026-08-17 22:41:38,701 INFO  ExportHelperExtension.cs: 1145 - Found 0 features of type [RefAxis] in Smooth Rod D10mm L400mm-4
2026-08-17 22:41:38,701 INFO  ExportHelperExtension.cs: 1125 - Retrieving features of type [RefAxis] from M8 Washer-2
2026-08-17 22:41:38,702 INFO  ExportHelperExtension.cs: 1136 - Found 25 in M8 Washer-2
2026-08-17 22:41:38,702 INFO  ExportHelperExtension.cs: 1145 - Found 0 features of type [RefAxis] in M8 Washer-2
2026-08-17 22:41:38,702 INFO  ExportHelperExtension.cs: 1125 - Retrieving features of type [RefAxis] from Smooth Rod D10mm L400mm-2
2026-08-17 22:41:38,703 INFO  ExportHelperExtension.cs: 1136 - Found 25 in Smooth Rod D10mm L400mm-2
2026-08-17 22:41:38,703 INFO  ExportHelperExtension.cs: 1145 - Found 0 features of type [RefAxis] in Smooth Rod D10mm L400mm-2
2026-08-17 22:41:38,703 INFO  ExportHelperExtension.cs: 1125 - Retrieving features of type [RefAxis] from Smooth Rod D10mm L400mm-1
2026-08-17 22:41:38,704 INFO  ExportHelperExtension.cs: 1136 - Found 25 in Smooth Rod D10mm L400mm-1
2026-08-17 22:41:38,704 INFO  ExportHelperExtension.cs: 1145 - Found 0 features of type [RefAxis] in Smooth Rod D10mm L400mm-1
2026-08-17 22:41:38,704 INFO  ExportHelperExtension.cs: 1125 - Retrieving features of type [RefAxis] from J1 coupler-1
2026-08-17 22:41:38,705 INFO  ExportHelperExtension.cs: 1136 - Found 48 in J1 coupler-1
2026-08-17 22:41:38,705 INFO  ExportHelperExtension.cs: 1145 - Found 0 features of type [RefAxis] in J1 coupler-1
2026-08-17 22:41:38,706 INFO  ExportHelperExtension.cs: 1125 - Retrieving features of type [RefAxis] from GT2 Pulley - Parametric-1
2026-08-17 22:41:38,706 INFO  ExportHelperExtension.cs: 1136 - Found 35 in GT2 Pulley - Parametric-1
2026-08-17 22:41:38,706 INFO  ExportHelperExtension.cs: 1145 - Found 0 features of type [RefAxis] in GT2 Pulley - Parametric-1
2026-08-17 22:41:38,707 INFO  ExportHelperExtension.cs: 1125 - Retrieving features of type [RefAxis] from Z-axis Bottom Plate-2
2026-08-17 22:41:38,707 INFO  ExportHelperExtension.cs: 1136 - Found 36 in Z-axis Bottom Plate-2
2026-08-17 22:41:38,707 INFO  ExportHelperExtension.cs: 1145 - Found 0 features of type [RefAxis] in Z-axis Bottom Plate-2
2026-08-17 22:41:38,803 INFO  ExportPropertyManager.cs: 1142 - AfterClose called. This method no longer throws an Exception. It just silently does nothing. Ok, except for this logging message
2026-08-17 22:41:56,799 INFO  AssemblyExportForm.cs: 253 - Completing URDF export
2026-08-17 22:41:56,810 INFO  ConfigurationSerialization.cs: 276 - URDF Configuration found
<Link z:Id="i1" xmlns="http://schemas.datacontract.org/2004/07/SW2URDF" xmlns:i="http://www.w3.org/2001/XMLSchema-instance" xmlns:z="http://schemas.microsoft.com/2003/10/Serialization/"><Attributes><Attribute z:Id="i2"><AttributeType>name</AttributeType><IsRequired>true</IsRequired><Value i:type="a:string" xmlns:a="http://www.w3.org/2001/XMLSchema">base_link</Value></Attribute></Attributes><ChildElements><URDFElement z:Id="i3" i:type="Inertial"><Attributes/><ChildElements><URDFElement z:Id="i4" i:type="Origin"><Attributes><Attribute z:Id="i5"><AttributeType>xyz</AttributeType><IsRequired>true</IsRequired><Value i:type="a:ArrayOfdouble" xmlns:a="http://schemas.microsoft.com/2003/10/Serialization/Arrays"><a:double>0</a:double><a:double>0</a:double><a:double>0</a:double></Value></Attribute><Attribute z:Id="i6"><AttributeType>rpy</AttributeType><IsRequired>true</IsRequired><Value i:type="a:ArrayOfdouble" xmlns:a="http://schemas.microsoft.com/2003/10/Serialization/Arrays"><a:double>0</a:double><a:double>0</a:double><a:double>0</a:double></Value></Attribute></Attributes><ChildElements/><ElementName>origin</ElementName><required>false</required><RPYAttribute z:Ref="i6"/><XYZAttribute z:Ref="i5"/><isCustomized>false</isCustomized></URDFElement><URDFElement z:Id="i7" i:type="Mass"><Attributes><Attribute z:Id="i8"><AttributeType>value</AttributeType><IsRequired>true</IsRequired><Value i:type="a:double" xmlns:a="http://www.w3.org/2001/XMLSchema">0</Value></Attribute></Attributes><ChildElements/><ElementName>mass</ElementName><required>false</required><ValueAttribute z:Ref="i8"/></URDFElement><URDFElement z:Id="i9" i:type="Inertia"><Attributes><Attribute z:Id="i10"><AttributeType>ixx</AttributeType><IsRequired>true</IsRequired><Value i:type="a:double" xmlns:a="http://www.w3.org/2001/XMLSchema">0</Value></Attribute><Attribute z:Id="i11"><AttributeType>ixy</AttributeType><IsRequired>true</IsRequired><Value i:type="a:double" xmlns:a="http://www.w3.org/2001/XMLSchema">0</Value></Attribute><Attribute z:Id="i12"><AttributeType>ixz</AttributeType><IsRequired>true</IsRequired><Value i:type="a:double" xmlns:a="http://www.w3.org/2001/XMLSchema">0</Value></Attribute><Attribute z:Id="i13"><AttributeType>iyy</AttributeType><IsRequired>true</IsRequired><Value i:type="a:double" xmlns:a="http://www.w3.org/2001/XMLSchema">0</Value></Attribute><Attribute z:Id="i14"><AttributeType>iyz</AttributeType><IsRequired>true</IsRequired><Value i:type="a:double" xmlns:a="http://www.w3.org/2001/XMLSchema">0</Value></Attribute><Attribute z:Id="i15"><AttributeType>izz</AttributeType><IsRequired>true</IsRequired><Value i:type="a:double" xmlns:a="http://www.w3.org/2001/XMLSchema">0</Value></Attribute></Attributes><ChildElements/><ElementName>inertia</ElementName><required>false</required><IxxAttribute z:Ref="i10"/><IxyAttribute z:Ref="i11"/><IxzAttribute z:Ref="i12"/><IyyAttribute z:Ref="i13"/><IyzAttribute z:Ref="i14"/><IzzAttribute z:Ref="i15"/></URDFElement></ChildElements><ElementName>inertial</ElementName><required>false</required><Inertia z:Ref="i9"/><Mass z:Ref="i7"/><Origin z:Ref="i4"/></URDFElement><URDFElement z:Id="i16" i:type="Visual"><Attributes/><ChildElements><URDFElement z:Id="i17" i:type="Origin"><Attributes><Attribute z:Id="i18"><AttributeType>xyz</AttributeType><IsRequired>true</IsRequired><Value i:type="a:ArrayOfdouble" xmlns:a="http://schemas.microsoft.com/2003/10/Serialization/Arrays"><a:double>0</a:double><a:double>0</a:double><a:double>0</a:double></Value></Attribute><Attribute z:Id="i19"><AttributeType>rpy</AttributeType><IsRequired>true</IsRequired><Value i:type="a:ArrayOfdouble" xmlns:a="http://schemas.microsoft.com/2003/10/Serialization/Arrays"><a:double>0</a:double><a:double>0</a:double><a:double>0</a:double></Value></Attribute></Attributes><ChildElements/><ElementName>origin</ElementName><required>false</required><RPYAttribute z:Ref="i19"/><XYZAttribute z:Ref="i18"/><isCustomized>false</isCustomized></URDFElement><URDFElement z:Id="i20" i:type="Geometry"><Attributes/><ChildElements><URDFElement z:Id="i21" i:type="Mesh"><Attributes><Attribute z:Id="i22"><AttributeType>filename</AttributeType><IsRequired>true</IsRequired><Value i:nil="true"/></Attribute></Attributes><ChildElements/><ElementName>mesh</ElementName><required>false</required><FilenameAttribute z:Ref="i22"/></URDFElement></ChildElements><ElementName>geometry</ElementName><required>true</required><Mesh z:Ref="i21"/></URDFElement><URDFElement z:Id="i23" i:type="Material"><Attributes><Attribute z:Id="i24"><AttributeType>name</AttributeType><IsRequired>true</IsRequired><Value i:type="a:string" xmlns:a="http://www.w3.org/2001/XMLSchema"/></Attribute></Attributes><ChildElements><URDFElement z:Id="i25" i:type="Color"><Attributes><Attribute z:Id="i26"><AttributeType>rgba</AttributeType><IsRequired>true</IsRequired><Value i:type="a:ArrayOfdouble" xmlns:a="http://schemas.microsoft.com/2003/10/Serialization/Arrays"><a:double>1</a:double><a:double>1</a:double><a:double>1</a:double><a:double>1</a:double></Value></Attribute></Attributes><ChildElements/><ElementName>color</ElementName><required>false</required><RGBAAttribute z:Ref="i26"/></URDFElement><URDFElement z:Id="i27" i:type="Texture"><Attributes><Attribute z:Id="i28"><AttributeType>filename</AttributeType><IsRequired>true</IsRequired><Value i:nil="true"/></Attribute></Attributes><ChildElements/><ElementName>texture</ElementName><required>false</required><FilenameAttribute z:Ref="i28"/><wFilename/></URDFElement></ChildElements><ElementName>material</ElementName><required>false</required><Color z:Ref="i25"/><NameAttribute z:Ref="i24"/><Texture z:Ref="i27"/></URDFElement></ChildElements><ElementName>visual</ElementName><required>false</required><Geometry z:Ref="i20"/><Material z:Ref="i23"/><Origin z:Ref="i17"/></URDFElement><URDFElement z:Id="i29" i:type="Collision"><Attributes/><ChildElements><URDFElement z:Id="i30" i:type="Origin"><Attributes><Attribute z:Id="i31"><AttributeType>xyz</AttributeType><IsRequired>true</IsRequired><Value i:type="a:ArrayOfdouble" xmlns:a="http://schemas.microsoft.com/2003/10/Serialization/Arrays"><a:double>0</a:double><a:double>0</a:double><a:double>0</a:double></Value></Attribute><Attribute z:Id="i32"><AttributeType>rpy</AttributeType><IsRequired>true</IsRequired><Value i:type="a:ArrayOfdouble" xmlns:a="http://schemas.microsoft.com/2003/10/Serialization/Arrays"><a:double>0</a:double><a:double>0</a:double><a:double>0</a:double></Value></Attribute></Attributes><ChildElements/><ElementName>origin</ElementName><required>false</required><RPYAttribute z:Ref="i32"/><XYZAttribute z:Ref="i31"/><isCustomized>false</isCustomized></URDFElement><URDFElement z:Id="i33" i:type="Geometry"><Attributes/><ChildElements><URDFElement z:Id="i34" i:type="Mesh"><Attributes><Attribute z:Id="i35"><AttributeType>filename</AttributeType><IsRequired>true</IsRequired><Value i:nil="true"/></Attribute></Attributes><ChildElements/><ElementName>mesh</ElementName><required>false</required><FilenameAttribute z:Ref="i35"/></URDFElement></ChildElements><ElementName>geometry</ElementName><required>true</required><Mesh z:Ref="i34"/></URDFElement></ChildElements><ElementName>collision</ElementName><required>false</required><Geometry z:Ref="i33"/><Origin z:Ref="i30"/></URDFElement><URDFElement z:Id="i36" i:type="Joint"><Attributes><Attribute z:Id="i37"><AttributeType>name</AttributeType><IsRequired>true</IsRequired><Value i:type="a:string" xmlns:a="http://www.w3.org/2001/XMLSchema"/></Attribute><Attribute z:Id="i38"><AttributeType>type</AttributeType><IsRequired>true</IsRequired><Value i:type="a:string" xmlns:a="http://www.w3.org/2001/XMLSchema"/></Attribute></Attributes><ChildElements><URDFElement z:Id="i39" i:type="Origin"><Attributes><Attribute z:Id="i40"><AttributeType>xyz</AttributeType><IsRequired>true</IsRequired><Value i:type="a:ArrayOfdouble" xmlns:a="http://schemas.microsoft.com/2003/10/Serialization/Arrays"><a:double>0</a:double><a:double>0</a:double><a:double>0</a:double></Value></Attribute><Attribute z:Id="i41"><AttributeType>rpy</AttributeType><IsRequired>true</IsRequired><Value i:type="a:ArrayOfdouble" xmlns:a="http://schemas.microsoft.com/2003/10/Serialization/Arrays"><a:double>0</a:double><a:double>0</a:double><a:double>0</a:double></Value></Attribute></Attributes><ChildElements/><ElementName>origin</ElementName><required>false</required><RPYAttribute z:Ref="i41"/><XYZAttribute z:Ref="i40"/><isCustomized>false</isCustomized></URDFElement><URDFElement z:Id="i42" i:type="ParentLink"><Attributes><Attribute z:Id="i43"><AttributeType>link</AttributeType><IsRequired>true</IsRequired><Value i:type="a:string" xmlns:a="http://www.w3.org/2001/XMLSchema"/></Attribute></Attributes><ChildElements/><ElementName>parent</ElementName><required>true</required><NameAttribute z:Ref="i43"/></URDFElement><URDFElement z:Id="i44" i:type="ChildLink"><Attributes><Attribute z:Id="i45"><AttributeType>link</AttributeType><IsRequired>true</IsRequired><Value i:type="a:string" xmlns:a="http://www.w3.org/2001/XMLSchema"/></Attribute></Attributes><ChildElements/><ElementName>child</ElementName><required>true</required><NameAttribute z:Ref="i45"/></URDFElement><URDFElement z:Id="i46" i:type="Axis"><Attributes><Attribute z:Id="i47"><AttributeType>xyz</AttributeType><IsRequired>true</IsRequired><Value i:type="a:ArrayOfdouble" xmlns:a="http://schemas.microsoft.com/2003/10/Serialization/Arrays"><a:double>0</a:double><a:double>0</a:double><a:double>0</a:double></Value></Attribute></Attributes><ChildElements/><ElementName>axis</ElementName><required>false</required><XYZAttribute z:Ref="i47"/></URDFElement><URDFElement z:Id="i48" i:type="Limit"><Attributes><Attribute z:Id="i49"><AttributeType>lower</AttributeType><IsRequired>false</IsRequired><Value i:nil="true"/></Attribute><Attribute z:Id="i50"><AttributeType>upper</AttributeType><IsRequired>false</IsRequired><Value i:nil="true"/></Attribute><Attribute z:Id="i51"><AttributeType>effort</AttributeType><IsRequired>true</IsRequired><Value i:nil="true"/></Attribute><Attribute z:Id="i52"><AttributeType>velocity</AttributeType><IsRequired>true</IsRequired><Value i:nil="true"/></Attribute></Attributes><ChildElements/><ElementName>limit</ElementName><required>false</required><EffortAttribute z:Ref="i51"/><LowerAttribute z:Ref="i49"/><UpperAttribute z:Ref="i50"/><VelocityAttribute z:Ref="i52"/></URDFElement><URDFElement z:Id="i53" i:type="Calibration"><Attributes><Attribute z:Id="i54"><AttributeType>rising</AttributeType><IsRequired>false</IsRequired><Value i:nil="true"/></Attribute><Attribute z:Id="i55"><AttributeType>falling</AttributeType><IsRequired>false</IsRequired><Value i:nil="true"/></Attribute></Attributes><ChildElements/><ElementName>calibration</ElementName><required>false</required><FallingAttribute z:Ref="i55"/><RisingAttribute z:Ref="i54"/></URDFElement><URDFElement z:Id="i56" i:type="Dynamics"><Attributes><Attribute z:Id="i57"><AttributeType>damping</AttributeType><IsRequired>false</IsRequired><Value i:nil="true"/></Attribute><Attribute z:Id="i58"><AttributeType>friction</AttributeType><IsRequired>false</IsRequired><Value i:nil="true"/></Attribute></Attributes><ChildElements/><ElementName>dynamics</ElementName><required>false</required><DampingAttribute z:Ref="i57"/><FrictionAttribute z:Ref="i58"/></URDFElement><URDFElement z:Id="i59" i:type="SafetyController"><Attributes><Attribute z:Id="i60"><AttributeType>soft_upper_limit</AttributeType><IsRequired>false</IsRequired><Value i:nil="true"/></Attribute><Attribute z:Id="i61"><AttributeType>soft_lower_limit</AttributeType><IsRequired>false</IsRequired><Value i:nil="true"/></Attribute><Attribute z:Id="i62"><AttributeType>k_position</AttributeType><IsRequired>false</IsRequired><Value i:nil="true"/></Attribute><Attribute z:Id="i63"><AttributeType>k_velocity</AttributeType><IsRequired>true</IsRequired><Value i:nil="true"/></Attribute></Attributes><ChildElements/><ElementName>safety_controller</ElementName><required>false</required><KPositionAttribute z:Ref="i62"/><KVelocityAttribute z:Ref="i63"/><SoftLowerAttribute z:Ref="i61"/><SoftUpperAttribute z:Ref="i60"/></URDFElement><URDFElement z:Id="i64" i:type="Mimic"><Attributes><Attribute z:Id="i65"><AttributeType>joint</AttributeType><IsRequired>true</IsRequired><Value i:nil="true"/></Attribute><Attribute z:Id="i66"><AttributeType>multiplier</AttributeType><IsRequired>false</IsRequired><Value i:nil="true"/></Attribute><Attribute z:Id="i67"><AttributeType>offset</AttributeType><IsRequired>false</IsRequired><Value i:nil="true"/></Attribute></Attributes><ChildElements/><ElementName>mimic</ElementName><required>false</required><JointNameAttribute z:Ref="i65"/><MultiplierAttribute z:Ref="i66"/><OffsetAttribute z:Ref="i67"/></URDFElement></ChildElements><ElementName>joint</ElementName><required>false</required><Axis z:Ref="i46"/><AxisName/><Calibration z:Ref="i53"/><Child z:Ref="i44"/><CoordinateSystemName>Automatically Generate</CoordinateSystemName><Dynamics z:Ref="i56"/><Limit z:Ref="i48"/><Mimic z:Ref="i64"/><NameAttribute z:Ref="i37"/><Origin z:Ref="i39"/><Parent z:Ref="i42"/><Safety z:Ref="i59"/><TypeAttribute z:Ref="i38"/></URDFElement></ChildElements><ElementName>link</ElementName><required>true</required><Children><Link z:Id="i68"><Attributes><Attribute z:Id="i69"><AttributeType>name</AttributeType><IsRequired>true</IsRequired><Value i:type="a:string" xmlns:a="http://www.w3.org/2001/XMLSchema">1st_Link</Value></Attribute></Attributes><ChildElements><URDFElement z:Id="i70" i:type="Inertial"><Attributes/><ChildElements><URDFElement z:Id="i71" i:type="Origin"><Attributes><Attribute z:Id="i72"><AttributeType>xyz</AttributeType><IsRequired>true</IsRequired><Value i:type="a:ArrayOfdouble" xmlns:a="http://schemas.microsoft.com/2003/10/Serialization/Arrays"><a:double>0</a:double><a:double>0</a:double><a:double>0</a:double></Value></Attribute><Attribute z:Id="i73"><AttributeType>rpy</AttributeType><IsRequired>true</IsRequired><Value i:type="a:ArrayOfdouble" xmlns:a="http://schemas.microsoft.com/2003/10/Serialization/Arrays"><a:double>0</a:double><a:double>0</a:double><a:double>0</a:double></Value></Attribute></Attributes><ChildElements/><ElementName>origin</ElementName><required>false</required><RPYAttribute z:Ref="i73"/><XYZAttribute z:Ref="i72"/><isCustomized>false</isCustomized></URDFElement><URDFElement z:Id="i74" i:type="Mass"><Attributes><Attribute z:Id="i75"><AttributeType>value</AttributeType><IsRequired>true</IsRequired><Value i:type="a:double" xmlns:a="http://www.w3.org/2001/XMLSchema">0</Value></Attribute></Attributes><ChildElements/><ElementName>mass</ElementName><required>false</required><ValueAttribute z:Ref="i75"/></URDFElement><URDFElement z:Id="i76" i:type="Inertia"><Attributes><Attribute z:Id="i77"><AttributeType>ixx</AttributeType><IsRequired>true</IsRequired><Value i:type="a:double" xmlns:a="http://www.w3.org/2001/XMLSchema">0</Value></Attribute><Attribute z:Id="i78"><AttributeType>ixy</AttributeType><IsRequired>true</IsRequired><Value i:type="a:double" xmlns:a="http://www.w3.org/2001/XMLSchema">0</Value></Attribute><Attribute z:Id="i79"><AttributeType>ixz</AttributeType><IsRequired>true</IsRequired><Value i:type="a:double" xmlns:a="http://www.w3.org/2001/XMLSchema">0</Value></Attribute><Attribute z:Id="i80"><AttributeType>iyy</AttributeType><IsRequired>true</IsRequired><Value i:type="a:double" xmlns:a="http://www.w3.org/2001/XMLSchema">0</Value></Attribute><Attribute z:Id="i81"><AttributeType>iyz</AttributeType><IsRequired>true</IsRequired><Value i:type="a:double" xmlns:a="http://www.w3.org/2001/XMLSchema">0</Value></Attribute><Attribute z:Id="i82"><AttributeType>izz</AttributeType><IsRequired>true</IsRequired><Value i:type="a:double" xmlns:a="http://www.w3.org/2001/XMLSchema">0</Value></Attribute></Attributes><ChildElements/><ElementName>inertia</ElementName><required>false</required><IxxAttribute z:Ref="i77"/><IxyAttribute z:Ref="i78"/><IxzAttribute z:Ref="i79"/><IyyAttribute z:Ref="i80"/><IyzAttribute z:Ref="i81"/><IzzAttribute z:Ref="i82"/></URDFElement></ChildElements><ElementName>inertial</ElementName><required>false</required><Inertia z:Ref="i76"/><Mass z:Ref="i74"/><Origin z:Ref="i71"/></URDFElement><URDFElement z:Id="i83" i:type="Visual"><Attributes/><ChildElements><URDFElement z:Id="i84" i:type="Origin"><Attributes><Attribute z:Id="i85"><AttributeType>xyz</AttributeType><IsRequired>true</IsRequired><Value i:type="a:ArrayOfdouble" xmlns:a="http://schemas.microsoft.com/2003/10/Serialization/Arrays"><a:double>0</a:double><a:double>0</a:double><a:double>0</a:double></Value></Attribute><Attribute z:Id="i86"><AttributeType>rpy</AttributeType><IsRequired>true</IsRequired><Value i:type="a:ArrayOfdouble" xmlns:a="http://schemas.microsoft.com/2003/10/Serialization/Arrays"><a:double>0</a:double><a:double>0</a:double><a:double>0</a:double></Value></Attribute></Attributes><ChildElements/><ElementName>origin</ElementName><required>false</required><RPYAttribute z:Ref="i86"/><XYZAttribute z:Ref="i85"/><isCustomized>false</isCustomized></URDFElement><URDFElement z:Id="i87" i:type="Geometry"><Attributes/><ChildElements><URDFElement z:Id="i88" i:type="Mesh"><Attributes><Attribute z:Id="i89"><AttributeType>filename</AttributeType><IsRequired>true</IsRequired><Value i:nil="true"/></Attribute></Attributes><ChildElements/><ElementName>mesh</ElementName><required>false</required><FilenameAttribute z:Ref="i89"/></URDFElement></ChildElements><ElementName>geometry</ElementName><required>true</required><Mesh z:Ref="i88"/></URDFElement><URDFElement z:Id="i90" i:type="Material"><Attributes><Attribute z:Id="i91"><AttributeType>name</AttributeType><IsRequired>true</IsRequired><Value i:type="a:string" xmlns:a="http://www.w3.org/2001/XMLSchema"/></Attribute></Attributes><ChildElements><URDFElement z:Id="i92" i:type="Color"><Attributes><Attribute z:Id="i93"><AttributeType>rgba</AttributeType><IsRequired>true</IsRequired><Value i:type="a:ArrayOfdouble" xmlns:a="http://schemas.microsoft.com/2003/10/Serialization/Arrays"><a:double>1</a:double><a:double>1</a:double><a:double>1</a:double><a:double>1</a:double></Value></Attribute></Attributes><ChildElements/><ElementName>color</ElementName><required>false</required><RGBAAttribute z:Ref="i93"/></URDFElement><URDFElement z:Id="i94" i:type="Texture"><Attributes><Attribute z:Id="i95"><AttributeType>filename</AttributeType><IsRequired>true</IsRequired><Value i:nil="true"/></Attribute></Attributes><ChildElements/><ElementName>texture</ElementName><required>false</required><FilenameAttribute z:Ref="i95"/><wFilename/></URDFElement></ChildElements><ElementName>material</ElementName><required>false</required><Color z:Ref="i92"/><NameAttribute z:Ref="i91"/><Texture z:Ref="i94"/></URDFElement></ChildElements><ElementName>visual</ElementName><required>false</required><Geometry z:Ref="i87"/><Material z:Ref="i90"/><Origin z:Ref="i84"/></URDFElement><URDFElement z:Id="i96" i:type="Collision"><Attributes/><ChildElements><URDFElement z:Id="i97" i:type="Origin"><Attributes><Attribute z:Id="i98"><AttributeType>xyz</AttributeType><IsRequired>true</IsRequired><Value i:type="a:ArrayOfdouble" xmlns:a="http://schemas.microsoft.com/2003/10/Serialization/Arrays"><a:double>0</a:double><a:double>0</a:double><a:double>0</a:double></Value></Attribute><Attribute z:Id="i99"><AttributeType>rpy</AttributeType><IsRequired>true</IsRequired><Value i:type="a:ArrayOfdouble" xmlns:a="http://schemas.microsoft.com/2003/10/Serialization/Arrays"><a:double>0</a:double><a:double>0</a:double><a:double>0</a:double></Value></Attribute></Attributes><ChildElements/><ElementName>origin</ElementName><required>false</required><RPYAttribute z:Ref="i99"/><XYZAttribute z:Ref="i98"/><isCustomized>false</isCustomized></URDFElement><URDFElement z:Id="i100" i:type="Geometry"><Attributes/><ChildElements><URDFElement z:Id="i101" i:type="Mesh"><Attributes><Attribute z:Id="i102"><AttributeType>filename</AttributeType><IsRequired>true</IsRequired><Value i:nil="true"/></Attribute></Attributes><ChildElements/><ElementName>mesh</ElementName><required>false</required><FilenameAttribute z:Ref="i102"/></URDFElement></ChildElements><ElementName>geometry</ElementName><required>true</required><Mesh z:Ref="i101"/></URDFElement></ChildElements><ElementName>collision</ElementName><required>false</required><Geometry z:Ref="i100"/><Origin z:Ref="i97"/></URDFElement><URDFElement z:Id="i103" i:type="Joint"><Attributes><Attribute z:Id="i104"><AttributeType>name</AttributeType><IsRequired>true</IsRequired><Value i:type="a:string" xmlns:a="http://www.w3.org/2001/XMLSchema">joint_1</Value></Attribute><Attribute z:Id="i105"><AttributeType>type</AttributeType><IsRequired>true</IsRequired><Value i:type="a:string" xmlns:a="http://www.w3.org/2001/XMLSchema">continuous</Value></Attribute></Attributes><ChildElements><URDFElement z:Id="i106" i:type="Origin"><Attributes><Attribute z:Id="i107"><AttributeType>xyz</AttributeType><IsRequired>true</IsRequired><Value i:type="a:ArrayOfdouble" xmlns:a="http://schemas.microsoft.com/2003/10/Serialization/Arrays"><a:double>0</a:double><a:double>0</a:double><a:double>0</a:double></Value></Attribute><Attribute z:Id="i108"><AttributeType>rpy</AttributeType><IsRequired>true</IsRequired><Value i:type="a:ArrayOfdouble" xmlns:a="http://schemas.microsoft.com/2003/10/Serialization/Arrays"><a:double>0</a:double><a:double>0</a:double><a:double>0</a:double></Value></Attribute></Attributes><ChildElements/><ElementName>origin</ElementName><required>false</required><RPYAttribute z:Ref="i108"/><XYZAttribute z:Ref="i107"/><isCustomized>false</isCustomized></URDFElement><URDFElement z:Id="i109" i:type="ParentLink"><Attributes><Attribute z:Id="i110"><AttributeType>link</AttributeType><IsRequired>true</IsRequired><Value i:type="a:string" xmlns:a="http://www.w3.org/2001/XMLSchema"/></Attribute></Attributes><ChildElements/><ElementName>parent</ElementName><required>true</required><NameAttribute z:Ref="i110"/></URDFElement><URDFElement z:Id="i111" i:type="ChildLink"><Attributes><Attribute z:Id="i112"><AttributeType>link</AttributeType><IsRequired>true</IsRequired><Value i:type="a:string" xmlns:a="http://www.w3.org/2001/XMLSchema"/></Attribute></Attributes><ChildElements/><ElementName>child</ElementName><required>true</required><NameAttribute z:Ref="i112"/></URDFElement><URDFElement z:Id="i113" i:type="Axis"><Attributes><Attribute z:Id="i114"><AttributeType>xyz</AttributeType><IsRequired>true</IsRequired><Value i:type="a:ArrayOfdouble" xmlns:a="http://schemas.microsoft.com/2003/10/Serialization/Arrays"><a:double>0</a:double><a:double>0</a:double><a:double>0</a:double></Value></Attribute></Attributes><ChildElements/><ElementName>axis</ElementName><required>false</required><XYZAttribute z:Ref="i114"/></URDFElement><URDFElement z:Id="i115" i:type="Limit"><Attributes><Attribute z:Id="i116"><AttributeType>lower</AttributeType><IsRequired>false</IsRequired><Value i:nil="true"/></Attribute><Attribute z:Id="i117"><AttributeType>upper</AttributeType><IsRequired>false</IsRequired><Value i:nil="true"/></Attribute><Attribute z:Id="i118"><AttributeType>effort</AttributeType><IsRequired>true</IsRequired><Value i:nil="true"/></Attribute><Attribute z:Id="i119"><AttributeType>velocity</AttributeType><IsRequired>true</IsRequired><Value i:nil="true"/></Attribute></Attributes><ChildElements/><ElementName>limit</ElementName><required>false</required><EffortAttribute z:Ref="i118"/><LowerAttribute z:Ref="i116"/><UpperAttribute z:Ref="i117"/><VelocityAttribute z:Ref="i119"/></URDFElement><URDFElement z:Id="i120" i:type="Calibration"><Attributes><Attribute z:Id="i121"><AttributeType>rising</AttributeType><IsRequired>false</IsRequired><Value i:nil="true"/></Attribute><Attribute z:Id="i122"><AttributeType>falling</AttributeType><IsRequired>false</IsRequired><Value i:nil="true"/></Attribute></Attributes><ChildElements/><ElementName>calibration</ElementName><required>false</required><FallingAttribute z:Ref="i122"/><RisingAttribute z:Ref="i121"/></URDFElement><URDFElement z:Id="i123" i:type="Dynamics"><Attributes><Attribute z:Id="i124"><AttributeType>damping</AttributeType><IsRequired>false</IsRequired><Value i:nil="true"/></Attribute><Attribute z:Id="i125"><AttributeType>friction</AttributeType><IsRequired>false</IsRequired><Value i:nil="true"/></Attribute></Attributes><ChildElements/><ElementName>dynamics</ElementName><required>false</required><DampingAttribute z:Ref="i124"/><FrictionAttribute z:Ref="i125"/></URDFElement><URDFElement z:Id="i126" i:type="SafetyController"><Attributes><Attribute z:Id="i127"><AttributeType>soft_upper_limit</AttributeType><IsRequired>false</IsRequired><Value i:nil="true"/></Attribute><Attribute z:Id="i128"><AttributeType>soft_lower_limit</AttributeType><IsRequired>false</IsRequired><Value i:nil="true"/></Attribute><Attribute z:Id="i129"><AttributeType>k_position</AttributeType><IsRequired>false</IsRequired><Value i:nil="true"/></Attribute><Attribute z:Id="i130"><AttributeType>k_velocity</AttributeType><IsRequired>true</IsRequired><Value i:nil="true"/></Attribute></Attributes><ChildElements/><ElementName>safety_controller</ElementName><required>false</required><KPositionAttribute z:Ref="i129"/><KVelocityAttribute z:Ref="i130"/><SoftLowerAttribute z:Ref="i128"/><SoftUpperAttribute z:Ref="i127"/></URDFElement><URDFElement z:Id="i131" i:type="Mimic"><Attributes><Attribute z:Id="i132"><AttributeType>joint</AttributeType><IsRequired>true</IsRequired><Value i:nil="true"/></Attribute><Attribute z:Id="i133"><AttributeType>multiplier</AttributeType><IsRequired>false</IsRequired><Value i:nil="true"/></Attribute><Attribute z:Id="i134"><AttributeType>offset</AttributeType><IsRequired>false</IsRequired><Value i:nil="true"/></Attribute></Attributes><ChildElements/><ElementName>mimic</ElementName><required>false</required><JointNameAttribute z:Ref="i132"/><MultiplierAttribute z:Ref="i133"/><OffsetAttribute z:Ref="i134"/></URDFElement></ChildElements><ElementName>joint</ElementName><required>false</required><Axis z:Ref="i113"/><AxisName>Automatically Generate</AxisName><Calibration z:Ref="i120"/><Child z:Ref="i111"/><CoordinateSystemName>Automatically Generate</CoordinateSystemName><Dynamics z:Ref="i123"/><Limit z:Ref="i115"/><Mimic z:Ref="i131"/><NameAttribute z:Ref="i104"/><Origin z:Ref="i106"/><Parent z:Ref="i109"/><Safety z:Ref="i126"/><TypeAttribute z:Ref="i105"/></URDFElement></ChildElements><ElementName>link</ElementName><required>true</required><Children><Link z:Id="i135"><Attributes><Attribute z:Id="i136"><AttributeType>name</AttributeType><IsRequired>true</IsRequired><Value i:type="a:string" xmlns:a="http://www.w3.org/2001/XMLSchema">2nd_Link</Value></Attribute></Attributes><ChildElements><URDFElement z:Id="i137" i:type="Inertial"><Attributes/><ChildElements><URDFElement z:Id="i138" i:type="Origin"><Attributes><Attribute z:Id="i139"><AttributeType>xyz</AttributeType><IsRequired>true</IsRequired><Value i:type="a:ArrayOfdouble" xmlns:a="http://schemas.microsoft.com/2003/10/Serialization/Arrays"><a:double>0</a:double><a:double>0</a:double><a:double>0</a:double></Value></Attribute><Attribute z:Id="i140"><AttributeType>rpy</AttributeType><IsRequired>true</IsRequired><Value i:type="a:ArrayOfdouble" xmlns:a="http://schemas.microsoft.com/2003/10/Serialization/Arrays"><a:double>0</a:double><a:double>0</a:double><a:double>0</a:double></Value></Attribute></Attributes><ChildElements/><ElementName>origin</ElementName><required>false</required><RPYAttribute z:Ref="i140"/><XYZAttribute z:Ref="i139"/><isCustomized>false</isCustomized></URDFElement><URDFElement z:Id="i141" i:type="Mass"><Attributes><Attribute z:Id="i142"><AttributeType>value</AttributeType><IsRequired>true</IsRequired><Value i:type="a:double" xmlns:a="http://www.w3.org/2001/XMLSchema">0</Value></Attribute></Attributes><ChildElements/><ElementName>mass</ElementName><required>false</required><ValueAttribute z:Ref="i142"/></URDFElement><URDFElement z:Id="i143" i:type="Inertia"><Attributes><Attribute z:Id="i144"><AttributeType>ixx</AttributeType><IsRequired>true</IsRequired><Value i:type="a:double" xmlns:a="http://www.w3.org/2001/XMLSchema">0</Value></Attribute><Attribute z:Id="i145"><AttributeType>ixy</AttributeType><IsRequired>true</IsRequired><Value i:type="a:double" xmlns:a="http://www.w3.org/2001/XMLSchema">0</Value></Attribute><Attribute z:Id="i146"><AttributeType>ixz</AttributeType><IsRequired>true</IsRequired><Value i:type="a:double" xmlns:a="http://www.w3.org/2001/XMLSchema">0</Value></Attribute><Attribute z:Id="i147"><AttributeType>iyy</AttributeType><IsRequired>true</IsRequired><Value i:type="a:double" xmlns:a="http://www.w3.org/2001/XMLSchema">0</Value></Attribute><Attribute z:Id="i148"><AttributeType>iyz</AttributeType><IsRequired>true</IsRequired><Value i:type="a:double" xmlns:a="http://www.w3.org/2001/XMLSchema">0</Value></Attribute><Attribute z:Id="i149"><AttributeType>izz</AttributeType><IsRequired>true</IsRequired><Value i:type="a:double" xmlns:a="http://www.w3.org/2001/XMLSchema">0</Value></Attribute></Attributes><ChildElements/><ElementName>inertia</ElementName><required>false</required><IxxAttribute z:Ref="i144"/><IxyAttribute z:Ref="i145"/><IxzAttribute z:Ref="i146"/><IyyAttribute z:Ref="i147"/><IyzAttribute z:Ref="i148"/><IzzAttribute z:Ref="i149"/></URDFElement></ChildElements><ElementName>inertial</ElementName><required>false</required><Inertia z:Ref="i143"/><Mass z:Ref="i141"/><Origin z:Ref="i138"/></URDFElement><URDFElement z:Id="i150" i:type="Visual"><Attributes/><ChildElements><URDFElement z:Id="i151" i:type="Origin"><Attributes><Attribute z:Id="i152"><AttributeType>xyz</AttributeType><IsRequired>true</IsRequired><Value i:type="a:ArrayOfdouble" xmlns:a="http://schemas.microsoft.com/2003/10/Serialization/Arrays"><a:double>0</a:double><a:double>0</a:double><a:double>0</a:double></Value></Attribute><Attribute z:Id="i153"><AttributeType>rpy</AttributeType><IsRequired>true</IsRequired><Value i:type="a:ArrayOfdouble" xmlns:a="http://schemas.microsoft.com/2003/10/Serialization/Arrays"><a:double>0</a:double><a:double>0</a:double><a:double>0</a:double></Value></Attribute></Attributes><ChildElements/><ElementName>origin</ElementName><required>false</required><RPYAttribute z:Ref="i153"/><XYZAttribute z:Ref="i152"/><isCustomized>false</isCustomized></URDFElement><URDFElement z:Id="i154" i:type="Geometry"><Attributes/><ChildElements><URDFElement z:Id="i155" i:type="Mesh"><Attributes><Attribute z:Id="i156"><AttributeType>filename</AttributeType><IsRequired>true</IsRequired><Value i:nil="true"/></Attribute></Attributes><ChildElements/><ElementName>mesh</ElementName><required>false</required><FilenameAttribute z:Ref="i156"/></URDFElement></ChildElements><ElementName>geometry</ElementName><required>true</required><Mesh z:Ref="i155"/></URDFElement><URDFElement z:Id="i157" i:type="Material"><Attributes><Attribute z:Id="i158"><AttributeType>name</AttributeType><IsRequired>true</IsRequired><Value i:type="a:string" xmlns:a="http://www.w3.org/2001/XMLSchema"/></Attribute></Attributes><ChildElements><URDFElement z:Id="i159" i:type="Color"><Attributes><Attribute z:Id="i160"><AttributeType>rgba</AttributeType><IsRequired>true</IsRequired><Value i:type="a:ArrayOfdouble" xmlns:a="http://schemas.microsoft.com/2003/10/Serialization/Arrays"><a:double>1</a:double><a:double>1</a:double><a:double>1</a:double><a:double>1</a:double></Value></Attribute></Attributes><ChildElements/><ElementName>color</ElementName><required>false</required><RGBAAttribute z:Ref="i160"/></URDFElement><URDFElement z:Id="i161" i:type="Texture"><Attributes><Attribute z:Id="i162"><AttributeType>filename</AttributeType><IsRequired>true</IsRequired><Value i:nil="true"/></Attribute></Attributes><ChildElements/><ElementName>texture</ElementName><required>false</required><FilenameAttribute z:Ref="i162"/><wFilename/></URDFElement></ChildElements><ElementName>material</ElementName><required>false</required><Color z:Ref="i159"/><NameAttribute z:Ref="i158"/><Texture z:Ref="i161"/></URDFElement></ChildElements><ElementName>visual</ElementName><required>false</required><Geometry z:Ref="i154"/><Material z:Ref="i157"/><Origin z:Ref="i151"/></URDFElement><URDFElement z:Id="i163" i:type="Collision"><Attributes/><ChildElements><URDFElement z:Id="i164" i:type="Origin"><Attributes><Attribute z:Id="i165"><AttributeType>xyz</AttributeType><IsRequired>true</IsRequired><Value i:type="a:ArrayOfdouble" xmlns:a="http://schemas.microsoft.com/2003/10/Serialization/Arrays"><a:double>0</a:double><a:double>0</a:double><a:double>0</a:double></Value></Attribute><Attribute z:Id="i166"><AttributeType>rpy</AttributeType><IsRequired>true</IsRequired><Value i:type="a:ArrayOfdouble" xmlns:a="http://schemas.microsoft.com/2003/10/Serialization/Arrays"><a:double>0</a:double><a:double>0</a:double><a:double>0</a:double></Value></Attribute></Attributes><ChildElements/><ElementName>origin</ElementName><required>false</required><RPYAttribute z:Ref="i166"/><XYZAttribute z:Ref="i165"/><isCustomized>false</isCustomized></URDFElement><URDFElement z:Id="i167" i:type="Geometry"><Attributes/><ChildElements><URDFElement z:Id="i168" i:type="Mesh"><Attributes><Attribute z:Id="i169"><AttributeType>filename</AttributeType><IsRequired>true</IsRequired><Value i:nil="true"/></Attribute></Attributes><ChildElements/><ElementName>mesh</ElementName><required>false</required><FilenameAttribute z:Ref="i169"/></URDFElement></ChildElements><ElementName>geometry</ElementName><required>true</required><Mesh z:Ref="i168"/></URDFElement></ChildElements><ElementName>collision</ElementName><required>false</required><Geometry z:Ref="i167"/><Origin z:Ref="i164"/></URDFElement><URDFElement z:Id="i170" i:type="Joint"><Attributes><Attribute z:Id="i171"><AttributeType>name</AttributeType><IsRequired>true</IsRequired><Value i:type="a:string" xmlns:a="http://www.w3.org/2001/XMLSchema">joint_2</Value></Attribute><Attribute z:Id="i172"><AttributeType>type</AttributeType><IsRequired>true</IsRequired><Value i:type="a:string" xmlns:a="http://www.w3.org/2001/XMLSchema">continuous</Value></Attribute></Attributes><ChildElements><URDFElement z:Id="i173" i:type="Origin"><Attributes><Attribute z:Id="i174"><AttributeType>xyz</AttributeType><IsRequired>true</IsRequired><Value i:type="a:ArrayOfdouble" xmlns:a="http://schemas.microsoft.com/2003/10/Serialization/Arrays"><a:double>0</a:double><a:double>0</a:double><a:double>0</a:double></Value></Attribute><Attribute z:Id="i175"><AttributeType>rpy</AttributeType><IsRequired>true</IsRequired><Value i:type="a:ArrayOfdouble" xmlns:a="http://schemas.microsoft.com/2003/10/Serialization/Arrays"><a:double>0</a:double><a:double>0</a:double><a:double>0</a:double></Value></Attribute></Attributes><ChildElements/><ElementName>origin</ElementName><required>false</required><RPYAttribute z:Ref="i175"/><XYZAttribute z:Ref="i174"/><isCustomized>false</isCustomized></URDFElement><URDFElement z:Id="i176" i:type="ParentLink"><Attributes><Attribute z:Id="i177"><AttributeType>link</AttributeType><IsRequired>true</IsRequired><Value i:type="a:string" xmlns:a="http://www.w3.org/2001/XMLSchema"/></Attribute></Attributes><ChildElements/><ElementName>parent</ElementName><required>true</required><NameAttribute z:Ref="i177"/></URDFElement><URDFElement z:Id="i178" i:type="ChildLink"><Attributes><Attribute z:Id="i179"><AttributeType>link</AttributeType><IsRequired>true</IsRequired><Value i:type="a:string" xmlns:a="http://www.w3.org/2001/XMLSchema"/></Attribute></Attributes><ChildElements/><ElementName>child</ElementName><required>true</required><NameAttribute z:Ref="i179"/></URDFElement><URDFElement z:Id="i180" i:type="Axis"><Attributes><Attribute z:Id="i181"><AttributeType>xyz</AttributeType><IsRequired>true</IsRequired><Value i:type="a:ArrayOfdouble" xmlns:a="http://schemas.microsoft.com/2003/10/Serialization/Arrays"><a:double>0</a:double><a:double>0</a:double><a:double>0</a:double></Value></Attribute></Attributes><ChildElements/><ElementName>axis</ElementName><required>false</required><XYZAttribute z:Ref="i181"/></URDFElement><URDFElement z:Id="i182" i:type="Limit"><Attributes><Attribute z:Id="i183"><AttributeType>lower</AttributeType><IsRequired>false</IsRequired><Value i:nil="true"/></Attribute><Attribute z:Id="i184"><AttributeType>upper</AttributeType><IsRequired>false</IsRequired><Value i:nil="true"/></Attribute><Attribute z:Id="i185"><AttributeType>effort</AttributeType><IsRequired>true</IsRequired><Value i:nil="true"/></Attribute><Attribute z:Id="i186"><AttributeType>velocity</AttributeType><IsRequired>true</IsRequired><Value i:nil="true"/></Attribute></Attributes><ChildElements/><ElementName>limit</ElementName><required>false</required><EffortAttribute z:Ref="i185"/><LowerAttribute z:Ref="i183"/><UpperAttribute z:Ref="i184"/><VelocityAttribute z:Ref="i186"/></URDFElement><URDFElement z:Id="i187" i:type="Calibration"><Attributes><Attribute z:Id="i188"><AttributeType>rising</AttributeType><IsRequired>false</IsRequired><Value i:nil="true"/></Attribute><Attribute z:Id="i189"><AttributeType>falling</AttributeType><IsRequired>false</IsRequired><Value i:nil="true"/></Attribute></Attributes><ChildElements/><ElementName>calibration</ElementName><required>false</required><FallingAttribute z:Ref="i189"/><RisingAttribute z:Ref="i188"/></URDFElement><URDFElement z:Id="i190" i:type="Dynamics"><Attributes><Attribute z:Id="i191"><AttributeType>damping</AttributeType><IsRequired>false</IsRequired><Value i:nil="true"/></Attribute><Attribute z:Id="i192"><AttributeType>friction</AttributeType><IsRequired>false</IsRequired><Value i:nil="true"/></Attribute></Attributes><ChildElements/><ElementName>dynamics</ElementName><required>false</required><DampingAttribute z:Ref="i191"/><FrictionAttribute z:Ref="i192"/></URDFElement><URDFElement z:Id="i193" i:type="SafetyController"><Attributes><Attribute z:Id="i194"><AttributeType>soft_upper_limit</AttributeType><IsRequired>false</IsRequired><Value i:nil="true"/></Attribute><Attribute z:Id="i195"><AttributeType>soft_lower_limit</AttributeType><IsRequired>false</IsRequired><Value i:nil="true"/></Attribute><Attribute z:Id="i196"><AttributeType>k_position</AttributeType><IsRequired>false</IsRequired><Value i:nil="true"/></Attribute><Attribute z:Id="i197"><AttributeType>k_velocity</AttributeType><IsRequired>true</IsRequired><Value i:nil="true"/></Attribute></Attributes><ChildElements/><ElementName>safety_controller</ElementName><required>false</required><KPositionAttribute z:Ref="i196"/><KVelocityAttribute z:Ref="i197"/><SoftLowerAttribute z:Ref="i195"/><SoftUpperAttribute z:Ref="i194"/></URDFElement><URDFElement z:Id="i198" i:type="Mimic"><Attributes><Attribute z:Id="i199"><AttributeType>joint</AttributeType><IsRequired>true</IsRequired><Value i:nil="true"/></Attribute><Attribute z:Id="i200"><AttributeType>multiplier</AttributeType><IsRequired>false</IsRequired><Value i:nil="true"/></Attribute><Attribute z:Id="i201"><AttributeType>offset</AttributeType><IsRequired>false</IsRequired><Value i:nil="true"/></Attribute></Attributes><ChildElements/><ElementName>mimic</ElementName><required>false</required><JointNameAttribute z:Ref="i199"/><MultiplierAttribute z:Ref="i200"/><OffsetAttribute z:Ref="i201"/></URDFElement></ChildElements><ElementName>joint</ElementName><required>false</required><Axis z:Ref="i180"/><AxisName>Automatically Generate</AxisName><Calibration z:Ref="i187"/><Child z:Ref="i178"/><CoordinateSystemName>Automatically Generate</CoordinateSystemName><Dynamics z:Ref="i190"/><Limit z:Ref="i182"/><Mimic z:Ref="i198"/><NameAttribute z:Ref="i171"/><Origin z:Ref="i173"/><Parent z:Ref="i176"/><Safety z:Ref="i193"/><TypeAttribute z:Ref="i172"/></URDFElement></ChildElements><ElementName>link</ElementName><required>true</required><Children><Link z:Id="i202"><Attributes><Attribute z:Id="i203"><AttributeType>name</AttributeType><IsRequired>true</IsRequired><Value i:type="a:string" xmlns:a="http://www.w3.org/2001/XMLSchema">3rd_Link</Value></Attribute></Attributes><ChildElements><URDFElement z:Id="i204" i:type="Inertial"><Attributes/><ChildElements><URDFElement z:Id="i205" i:type="Origin"><Attributes><Attribute z:Id="i206"><AttributeType>xyz</AttributeType><IsRequired>true</IsRequired><Value i:type="a:ArrayOfdouble" xmlns:a="http://schemas.microsoft.com/2003/10/Serialization/Arrays"><a:double>0</a:double><a:double>0</a:double><a:double>0</a:double></Value></Attribute><Attribute z:Id="i207"><AttributeType>rpy</AttributeType><IsRequired>true</IsRequired><Value i:type="a:ArrayOfdouble" xmlns:a="http://schemas.microsoft.com/2003/10/Serialization/Arrays"><a:double>0</a:double><a:double>0</a:double><a:double>0</a:double></Value></Attribute></Attributes><ChildElements/><ElementName>origin</ElementName><required>false</required><RPYAttribute z:Ref="i207"/><XYZAttribute z:Ref="i206"/><isCustomized>false</isCustomized></URDFElement><URDFElement z:Id="i208" i:type="Mass"><Attributes><Attribute z:Id="i209"><AttributeType>value</AttributeType><IsRequired>true</IsRequired><Value i:type="a:double" xmlns:a="http://www.w3.org/2001/XMLSchema">0</Value></Attribute></Attributes><ChildElements/><ElementName>mass</ElementName><required>false</required><ValueAttribute z:Ref="i209"/></URDFElement><URDFElement z:Id="i210" i:type="Inertia"><Attributes><Attribute z:Id="i211"><AttributeType>ixx</AttributeType><IsRequired>true</IsRequired><Value i:type="a:double" xmlns:a="http://www.w3.org/2001/XMLSchema">0</Value></Attribute><Attribute z:Id="i212"><AttributeType>ixy</AttributeType><IsRequired>true</IsRequired><Value i:type="a:double" xmlns:a="http://www.w3.org/2001/XMLSchema">0</Value></Attribute><Attribute z:Id="i213"><AttributeType>ixz</AttributeType><IsRequired>true</IsRequired><Value i:type="a:double" xmlns:a="http://www.w3.org/2001/XMLSchema">0</Value></Attribute><Attribute z:Id="i214"><AttributeType>iyy</AttributeType><IsRequired>true</IsRequired><Value i:type="a:double" xmlns:a="http://www.w3.org/2001/XMLSchema">0</Value></Attribute><Attribute z:Id="i215"><AttributeType>iyz</AttributeType><IsRequired>true</IsRequired><Value i:type="a:double" xmlns:a="http://www.w3.org/2001/XMLSchema">0</Value></Attribute><Attribute z:Id="i216"><AttributeType>izz</AttributeType><IsRequired>true</IsRequired><Value i:type="a:double" xmlns:a="http://www.w3.org/2001/XMLSchema">0</Value></Attribute></Attributes><ChildElements/><ElementName>inertia</ElementName><required>false</required><IxxAttribute z:Ref="i211"/><IxyAttribute z:Ref="i212"/><IxzAttribute z:Ref="i213"/><IyyAttribute z:Ref="i214"/><IyzAttribute z:Ref="i215"/><IzzAttribute z:Ref="i216"/></URDFElement></ChildElements><ElementName>inertial</ElementName><required>false</required><Inertia z:Ref="i210"/><Mass z:Ref="i208"/><Origin z:Ref="i205"/></URDFElement><URDFElement z:Id="i217" i:type="Visual"><Attributes/><ChildElements><URDFElement z:Id="i218" i:type="Origin"><Attributes><Attribute z:Id="i219"><AttributeType>xyz</AttributeType><IsRequired>true</IsRequired><Value i:type="a:ArrayOfdouble" xmlns:a="http://schemas.microsoft.com/2003/10/Serialization/Arrays"><a:double>0</a:double><a:double>0</a:double><a:double>0</a:double></Value></Attribute><Attribute z:Id="i220"><AttributeType>rpy</AttributeType><IsRequired>true</IsRequired><Value i:type="a:ArrayOfdouble" xmlns:a="http://schemas.microsoft.com/2003/10/Serialization/Arrays"><a:double>0</a:double><a:double>0</a:double><a:double>0</a:double></Value></Attribute></Attributes><ChildElements/><ElementName>origin</ElementName><required>false</required><RPYAttribute z:Ref="i220"/><XYZAttribute z:Ref="i219"/><isCustomized>false</isCustomized></URDFElement><URDFElement z:Id="i221" i:type="Geometry"><Attributes/><ChildElements><URDFElement z:Id="i222" i:type="Mesh"><Attributes><Attribute z:Id="i223"><AttributeType>filename</AttributeType><IsRequired>true</IsRequired><Value i:nil="true"/></Attribute></Attributes><ChildElements/><ElementName>mesh</ElementName><required>false</required><FilenameAttribute z:Ref="i223"/></URDFElement></ChildElements><ElementName>geometry</ElementName><required>true</required><Mesh z:Ref="i222"/></URDFElement><URDFElement z:Id="i224" i:type="Material"><Attributes><Attribute z:Id="i225"><AttributeType>name</AttributeType><IsRequired>true</IsRequired><Value i:type="a:string" xmlns:a="http://www.w3.org/2001/XMLSchema"/></Attribute></Attributes><ChildElements><URDFElement z:Id="i226" i:type="Color"><Attributes><Attribute z:Id="i227"><AttributeType>rgba</AttributeType><IsRequired>true</IsRequired><Value i:type="a:ArrayOfdouble" xmlns:a="http://schemas.microsoft.com/2003/10/Serialization/Arrays"><a:double>1</a:double><a:double>1</a:double><a:double>1</a:double><a:double>1</a:double></Value></Attribute></Attributes><ChildElements/><ElementName>color</ElementName><required>false</required><RGBAAttribute z:Ref="i227"/></URDFElement><URDFElement z:Id="i228" i:type="Texture"><Attributes><Attribute z:Id="i229"><AttributeType>filename</AttributeType><IsRequired>true</IsRequired><Value i:nil="true"/></Attribute></Attributes><ChildElements/><ElementName>texture</ElementName><required>false</required><FilenameAttribute z:Ref="i229"/><wFilename/></URDFElement></ChildElements><ElementName>material</ElementName><required>false</required><Color z:Ref="i226"/><NameAttribute z:Ref="i225"/><Texture z:Ref="i228"/></URDFElement></ChildElements><ElementName>visual</ElementName><required>false</required><Geometry z:Ref="i221"/><Material z:Ref="i224"/><Origin z:Ref="i218"/></URDFElement><URDFElement z:Id="i230" i:type="Collision"><Attributes/><ChildElements><URDFElement z:Id="i231" i:type="Origin"><Attributes><Attribute z:Id="i232"><AttributeType>xyz</AttributeType><IsRequired>true</IsRequired><Value i:type="a:ArrayOfdouble" xmlns:a="http://schemas.microsoft.com/2003/10/Serialization/Arrays"><a:double>0</a:double><a:double>0</a:double><a:double>0</a:double></Value></Attribute><Attribute z:Id="i233"><AttributeType>rpy</AttributeType><IsRequired>true</IsRequired><Value i:type="a:ArrayOfdouble" xmlns:a="http://schemas.microsoft.com/2003/10/Serialization/Arrays"><a:double>0</a:double><a:double>0</a:double><a:double>0</a:double></Value></Attribute></Attributes><ChildElements/><ElementName>origin</ElementName><required>false</required><RPYAttribute z:Ref="i233"/><XYZAttribute z:Ref="i232"/><isCustomized>false</isCustomized></URDFElement><URDFElement z:Id="i234" i:type="Geometry"><Attributes/><ChildElements><URDFElement z:Id="i235" i:type="Mesh"><Attributes><Attribute z:Id="i236"><AttributeType>filename</AttributeType><IsRequired>true</IsRequired><Value i:nil="true"/></Attribute></Attributes><ChildElements/><ElementName>mesh</ElementName><required>false</required><FilenameAttribute z:Ref="i236"/></URDFElement></ChildElements><ElementName>geometry</ElementName><required>true</required><Mesh z:Ref="i235"/></URDFElement></ChildElements><ElementName>collision</ElementName><required>false</required><Geometry z:Ref="i234"/><Origin z:Ref="i231"/></URDFElement><URDFElement z:Id="i237" i:type="Joint"><Attributes><Attribute z:Id="i238"><AttributeType>name</AttributeType><IsRequired>true</IsRequired><Value i:type="a:string" xmlns:a="http://www.w3.org/2001/XMLSchema">joint_3</Value></Attribute><Attribute z:Id="i239"><AttributeType>type</AttributeType><IsRequired>true</IsRequired><Value i:type="a:string" xmlns:a="http://www.w3.org/2001/XMLSchema">continuous</Value></Attribute></Attributes><ChildElements><URDFElement z:Id="i240" i:type="Origin"><Attributes><Attribute z:Id="i241"><AttributeType>xyz</AttributeType><IsRequired>true</IsRequired><Value i:type="a:ArrayOfdouble" xmlns:a="http://schemas.microsoft.com/2003/10/Serialization/Arrays"><a:double>0</a:double><a:double>0</a:double><a:double>0</a:double></Value></Attribute><Attribute z:Id="i242"><AttributeType>rpy</AttributeType><IsRequired>true</IsRequired><Value i:type="a:ArrayOfdouble" xmlns:a="http://schemas.microsoft.com/2003/10/Serialization/Arrays"><a:double>0</a:double><a:double>0</a:double><a:double>0</a:double></Value></Attribute></Attributes><ChildElements/><ElementName>origin</ElementName><required>false</required><RPYAttribute z:Ref="i242"/><XYZAttribute z:Ref="i241"/><isCustomized>false</isCustomized></URDFElement><URDFElement z:Id="i243" i:type="ParentLink"><Attributes><Attribute z:Id="i244"><AttributeType>link</AttributeType><IsRequired>true</IsRequired><Value i:type="a:string" xmlns:a="http://www.w3.org/2001/XMLSchema"/></Attribute></Attributes><ChildElements/><ElementName>parent</ElementName><required>true</required><NameAttribute z:Ref="i244"/></URDFElement><URDFElement z:Id="i245" i:type="ChildLink"><Attributes><Attribute z:Id="i246"><AttributeType>link</AttributeType><IsRequired>true</IsRequired><Value i:type="a:string" xmlns:a="http://www.w3.org/2001/XMLSchema"/></Attribute></Attributes><ChildElements/><ElementName>child</ElementName><required>true</required><NameAttribute z:Ref="i246"/></URDFElement><URDFElement z:Id="i247" i:type="Axis"><Attributes><Attribute z:Id="i248"><AttributeType>xyz</AttributeType><IsRequired>true</IsRequired><Value i:type="a:ArrayOfdouble" xmlns:a="http://schemas.microsoft.com/2003/10/Serialization/Arrays"><a:double>0</a:double><a:double>0</a:double><a:double>0</a:double></Value></Attribute></Attributes><ChildElements/><ElementName>axis</ElementName><required>false</required><XYZAttribute z:Ref="i248"/></URDFElement><URDFElement z:Id="i249" i:type="Limit"><Attributes><Attribute z:Id="i250"><AttributeType>lower</AttributeType><IsRequired>false</IsRequired><Value i:nil="true"/></Attribute><Attribute z:Id="i251"><AttributeType>upper</AttributeType><IsRequired>false</IsRequired><Value i:nil="true"/></Attribute><Attribute z:Id="i252"><AttributeType>effort</AttributeType><IsRequired>true</IsRequired><Value i:nil="true"/></Attribute><Attribute z:Id="i253"><AttributeType>velocity</AttributeType><IsRequired>true</IsRequired><Value i:nil="true"/></Attribute></Attributes><ChildElements/><ElementName>limit</ElementName><required>false</required><EffortAttribute z:Ref="i252"/><LowerAttribute z:Ref="i250"/><UpperAttribute z:Ref="i251"/><VelocityAttribute z:Ref="i253"/></URDFElement><URDFElement z:Id="i254" i:type="Calibration"><Attributes><Attribute z:Id="i255"><AttributeType>rising</AttributeType><IsRequired>false</IsRequired><Value i:nil="true"/></Attribute><Attribute z:Id="i256"><AttributeType>falling</AttributeType><IsRequired>false</IsRequired><Value i:nil="true"/></Attribute></Attributes><ChildElements/><ElementName>calibration</ElementName><required>false</required><FallingAttribute z:Ref="i256"/><RisingAttribute z:Ref="i255"/></URDFElement><URDFElement z:Id="i257" i:type="Dynamics"><Attributes><Attribute z:Id="i258"><AttributeType>damping</AttributeType><IsRequired>false</IsRequired><Value i:nil="true"/></Attribute><Attribute z:Id="i259"><AttributeType>friction</AttributeType><IsRequired>false</IsRequired><Value i:nil="true"/></Attribute></Attributes><ChildElements/><ElementName>dynamics</ElementName><required>false</required><DampingAttribute z:Ref="i258"/><FrictionAttribute z:Ref="i259"/></URDFElement><URDFElement z:Id="i260" i:type="SafetyController"><Attributes><Attribute z:Id="i261"><AttributeType>soft_upper_limit</AttributeType><IsRequired>false</IsRequired><Value i:nil="true"/></Attribute><Attribute z:Id="i262"><AttributeType>soft_lower_limit</AttributeType><IsRequired>false</IsRequired><Value i:nil="true"/></Attribute><Attribute z:Id="i263"><AttributeType>k_position</AttributeType><IsRequired>false</IsRequired><Value i:nil="true"/></Attribute><Attribute z:Id="i264"><AttributeType>k_velocity</AttributeType><IsRequired>true</IsRequired><Value i:nil="true"/></Attribute></Attributes><ChildElements/><ElementName>safety_controller</ElementName><required>false</required><KPositionAttribute z:Ref="i263"/><KVelocityAttribute z:Ref="i264"/><SoftLowerAttribute z:Ref="i262"/><SoftUpperAttribute z:Ref="i261"/></URDFElement><URDFElement z:Id="i265" i:type="Mimic"><Attributes><Attribute z:Id="i266"><AttributeType>joint</AttributeType><IsRequired>true</IsRequired><Value i:nil="true"/></Attribute><Attribute z:Id="i267"><AttributeType>multiplier</AttributeType><IsRequired>false</IsRequired><Value i:nil="true"/></Attribute><Attribute z:Id="i268"><AttributeType>offset</AttributeType><IsRequired>false</IsRequired><Value i:nil="true"/></Attribute></Attributes><ChildElements/><ElementName>mimic</ElementName><required>false</required><JointNameAttribute z:Ref="i266"/><MultiplierAttribute z:Ref="i267"/><OffsetAttribute z:Ref="i268"/></URDFElement></ChildElements><ElementName>joint</ElementName><required>false</required><Axis z:Ref="i247"/><AxisName>Automatically Generate</AxisName><Calibration z:Ref="i254"/><Child z:Ref="i245"/><CoordinateSystemName>Automatically Generate</CoordinateSystemName><Dynamics z:Ref="i257"/><Limit z:Ref="i249"/><Mimic z:Ref="i265"/><NameAttribute z:Ref="i238"/><Origin z:Ref="i240"/><Parent z:Ref="i243"/><Safety z:Ref="i260"/><TypeAttribute z:Ref="i239"/></URDFElement></ChildElements><ElementName>link</ElementName><required>true</required><Children><Link z:Id="i269"><Attributes><Attribute z:Id="i270"><AttributeType>name</AttributeType><IsRequired>true</IsRequired><Value i:type="a:string" xmlns:a="http://www.w3.org/2001/XMLSchema">4th_Link</Value></Attribute></Attributes><ChildElements><URDFElement z:Id="i271" i:type="Inertial"><Attributes/><ChildElements><URDFElement z:Id="i272" i:type="Origin"><Attributes><Attribute z:Id="i273"><AttributeType>xyz</AttributeType><IsRequired>true</IsRequired><Value i:type="a:ArrayOfdouble" xmlns:a="http://schemas.microsoft.com/2003/10/Serialization/Arrays"><a:double>0</a:double><a:double>0</a:double><a:double>0</a:double></Value></Attribute><Attribute z:Id="i274"><AttributeType>rpy</AttributeType><IsRequired>true</IsRequired><Value i:type="a:ArrayOfdouble" xmlns:a="http://schemas.microsoft.com/2003/10/Serialization/Arrays"><a:double>0</a:double><a:double>0</a:double><a:double>0</a:double></Value></Attribute></Attributes><ChildElements/><ElementName>origin</ElementName><required>false</required><RPYAttribute z:Ref="i274"/><XYZAttribute z:Ref="i273"/><isCustomized>false</isCustomized></URDFElement><URDFElement z:Id="i275" i:type="Mass"><Attributes><Attribute z:Id="i276"><AttributeType>value</AttributeType><IsRequired>true</IsRequired><Value i:type="a:double" xmlns:a="http://www.w3.org/2001/XMLSchema">0</Value></Attribute></Attributes><ChildElements/><ElementName>mass</ElementName><required>false</required><ValueAttribute z:Ref="i276"/></URDFElement><URDFElement z:Id="i277" i:type="Inertia"><Attributes><Attribute z:Id="i278"><AttributeType>ixx</AttributeType><IsRequired>true</IsRequired><Value i:type="a:double" xmlns:a="http://www.w3.org/2001/XMLSchema">0</Value></Attribute><Attribute z:Id="i279"><AttributeType>ixy</AttributeType><IsRequired>true</IsRequired><Value i:type="a:double" xmlns:a="http://www.w3.org/2001/XMLSchema">0</Value></Attribute><Attribute z:Id="i280"><AttributeType>ixz</AttributeType><IsRequired>true</IsRequired><Value i:type="a:double" xmlns:a="http://www.w3.org/2001/XMLSchema">0</Value></Attribute><Attribute z:Id="i281"><AttributeType>iyy</AttributeType><IsRequired>true</IsRequired><Value i:type="a:double" xmlns:a="http://www.w3.org/2001/XMLSchema">0</Value></Attribute><Attribute z:Id="i282"><AttributeType>iyz</AttributeType><IsRequired>true</IsRequired><Value i:type="a:double" xmlns:a="http://www.w3.org/2001/XMLSchema">0</Value></Attribute><Attribute z:Id="i283"><AttributeType>izz</AttributeType><IsRequired>true</IsRequired><Value i:type="a:double" xmlns:a="http://www.w3.org/2001/XMLSchema">0</Value></Attribute></Attributes><ChildElements/><ElementName>inertia</ElementName><required>false</required><IxxAttribute z:Ref="i278"/><IxyAttribute z:Ref="i279"/><IxzAttribute z:Ref="i280"/><IyyAttribute z:Ref="i281"/><IyzAttribute z:Ref="i282"/><IzzAttribute z:Ref="i283"/></URDFElement></ChildElements><ElementName>inertial</ElementName><required>false</required><Inertia z:Ref="i277"/><Mass z:Ref="i275"/><Origin z:Ref="i272"/></URDFElement><URDFElement z:Id="i284" i:type="Visual"><Attributes/><ChildElements><URDFElement z:Id="i285" i:type="Origin"><Attributes><Attribute z:Id="i286"><AttributeType>xyz</AttributeType><IsRequired>true</IsRequired><Value i:type="a:ArrayOfdouble" xmlns:a="http://schemas.microsoft.com/2003/10/Serialization/Arrays"><a:double>0</a:double><a:double>0</a:double><a:double>0</a:double></Value></Attribute><Attribute z:Id="i287"><AttributeType>rpy</AttributeType><IsRequired>true</IsRequired><Value i:type="a:ArrayOfdouble" xmlns:a="http://schemas.microsoft.com/2003/10/Serialization/Arrays"><a:double>0</a:double><a:double>0</a:double><a:double>0</a:double></Value></Attribute></Attributes><ChildElements/><ElementName>origin</ElementName><required>false</required><RPYAttribute z:Ref="i287"/><XYZAttribute z:Ref="i286"/><isCustomized>false</isCustomized></URDFElement><URDFElement z:Id="i288" i:type="Geometry"><Attributes/><ChildElements><URDFElement z:Id="i289" i:type="Mesh"><Attributes><Attribute z:Id="i290"><AttributeType>filename</AttributeType><IsRequired>true</IsRequired><Value i:nil="true"/></Attribute></Attributes><ChildElements/><ElementName>mesh</ElementName><required>false</required><FilenameAttribute z:Ref="i290"/></URDFElement></ChildElements><ElementName>geometry</ElementName><required>true</required><Mesh z:Ref="i289"/></URDFElement><URDFElement z:Id="i291" i:type="Material"><Attributes><Attribute z:Id="i292"><AttributeType>name</AttributeType><IsRequired>true</IsRequired><Value i:type="a:string" xmlns:a="http://www.w3.org/2001/XMLSchema"/></Attribute></Attributes><ChildElements><URDFElement z:Id="i293" i:type="Color"><Attributes><Attribute z:Id="i294"><AttributeType>rgba</AttributeType><IsRequired>true</IsRequired><Value i:type="a:ArrayOfdouble" xmlns:a="http://schemas.microsoft.com/2003/10/Serialization/Arrays"><a:double>1</a:double><a:double>1</a:double><a:double>1</a:double><a:double>1</a:double></Value></Attribute></Attributes><ChildElements/><ElementName>color</ElementName><required>false</required><RGBAAttribute z:Ref="i294"/></URDFElement><URDFElement z:Id="i295" i:type="Texture"><Attributes><Attribute z:Id="i296"><AttributeType>filename</AttributeType><IsRequired>true</IsRequired><Value i:nil="true"/></Attribute></Attributes><ChildElements/><ElementName>texture</ElementName><required>false</required><FilenameAttribute z:Ref="i296"/><wFilename/></URDFElement></ChildElements><ElementName>material</ElementName><required>false</required><Color z:Ref="i293"/><NameAttribute z:Ref="i292"/><Texture z:Ref="i295"/></URDFElement></ChildElements><ElementName>visual</ElementName><required>false</required><Geometry z:Ref="i288"/><Material z:Ref="i291"/><Origin z:Ref="i285"/></URDFElement><URDFElement z:Id="i297" i:type="Collision"><Attributes/><ChildElements><URDFElement z:Id="i298" i:type="Origin"><Attributes><Attribute z:Id="i299"><AttributeType>xyz</AttributeType><IsRequired>true</IsRequired><Value i:type="a:ArrayOfdouble" xmlns:a="http://schemas.microsoft.com/2003/10/Serialization/Arrays"><a:double>0</a:double><a:double>0</a:double><a:double>0</a:double></Value></Attribute><Attribute z:Id="i300"><AttributeType>rpy</AttributeType><IsRequired>true</IsRequired><Value i:type="a:ArrayOfdouble" xmlns:a="http://schemas.microsoft.com/2003/10/Serialization/Arrays"><a:double>0</a:double><a:double>0</a:double><a:double>0</a:double></Value></Attribute></Attributes><ChildElements/><ElementName>origin</ElementName><required>false</required><RPYAttribute z:Ref="i300"/><XYZAttribute z:Ref="i299"/><isCustomized>false</isCustomized></URDFElement><URDFElement z:Id="i301" i:type="Geometry"><Attributes/><ChildElements><URDFElement z:Id="i302" i:type="Mesh"><Attributes><Attribute z:Id="i303"><AttributeType>filename</AttributeType><IsRequired>true</IsRequired><Value i:nil="true"/></Attribute></Attributes><ChildElements/><ElementName>mesh</ElementName><required>false</required><FilenameAttribute z:Ref="i303"/></URDFElement></ChildElements><ElementName>geometry</ElementName><required>true</required><Mesh z:Ref="i302"/></URDFElement></ChildElements><ElementName>collision</ElementName><required>false</required><Geometry z:Ref="i301"/><Origin z:Ref="i298"/></URDFElement><URDFElement z:Id="i304" i:type="Joint"><Attributes><Attribute z:Id="i305"><AttributeType>name</AttributeType><IsRequired>true</IsRequired><Value i:type="a:string" xmlns:a="http://www.w3.org/2001/XMLSchema">joint_4</Value></Attribute><Attribute z:Id="i306"><AttributeType>type</AttributeType><IsRequired>true</IsRequired><Value i:type="a:string" xmlns:a="http://www.w3.org/2001/XMLSchema">continuous</Value></Attribute></Attributes><ChildElements><URDFElement z:Id="i307" i:type="Origin"><Attributes><Attribute z:Id="i308"><AttributeType>xyz</AttributeType><IsRequired>true</IsRequired><Value i:type="a:ArrayOfdouble" xmlns:a="http://schemas.microsoft.com/2003/10/Serialization/Arrays"><a:double>0</a:double><a:double>0</a:double><a:double>0</a:double></Value></Attribute><Attribute z:Id="i309"><AttributeType>rpy</AttributeType><IsRequired>true</IsRequired><Value i:type="a:ArrayOfdouble" xmlns:a="http://schemas.microsoft.com/2003/10/Serialization/Arrays"><a:double>0</a:double><a:double>0</a:double><a:double>0</a:double></Value></Attribute></Attributes><ChildElements/><ElementName>origin</ElementName><required>false</required><RPYAttribute z:Ref="i309"/><XYZAttribute z:Ref="i308"/><isCustomized>false</isCustomized></URDFElement><URDFElement z:Id="i310" i:type="ParentLink"><Attributes><Attribute z:Id="i311"><AttributeType>link</AttributeType><IsRequired>true</IsRequired><Value i:type="a:string" xmlns:a="http://www.w3.org/2001/XMLSchema"/></Attribute></Attributes><ChildElements/><ElementName>parent</ElementName><required>true</required><NameAttribute z:Ref="i311"/></URDFElement><URDFElement z:Id="i312" i:type="ChildLink"><Attributes><Attribute z:Id="i313"><AttributeType>link</AttributeType><IsRequired>true</IsRequired><Value i:type="a:string" xmlns:a="http://www.w3.org/2001/XMLSchema"/></Attribute></Attributes><ChildElements/><ElementName>child</ElementName><required>true</required><NameAttribute z:Ref="i313"/></URDFElement><URDFElement z:Id="i314" i:type="Axis"><Attributes><Attribute z:Id="i315"><AttributeType>xyz</AttributeType><IsRequired>true</IsRequired><Value i:type="a:ArrayOfdouble" xmlns:a="http://schemas.microsoft.com/2003/10/Serialization/Arrays"><a:double>0</a:double><a:double>0</a:double><a:double>0</a:double></Value></Attribute></Attributes><ChildElements/><ElementName>axis</ElementName><required>false</required><XYZAttribute z:Ref="i315"/></URDFElement><URDFElement z:Id="i316" i:type="Limit"><Attributes><Attribute z:Id="i317"><AttributeType>lower</AttributeType><IsRequired>false</IsRequired><Value i:nil="true"/></Attribute><Attribute z:Id="i318"><AttributeType>upper</AttributeType><IsRequired>false</IsRequired><Value i:nil="true"/></Attribute><Attribute z:Id="i319"><AttributeType>effort</AttributeType><IsRequired>true</IsRequired><Value i:nil="true"/></Attribute><Attribute z:Id="i320"><AttributeType>velocity</AttributeType><IsRequired>true</IsRequired><Value i:nil="true"/></Attribute></Attributes><ChildElements/><ElementName>limit</ElementName><required>false</required><EffortAttribute z:Ref="i319"/><LowerAttribute z:Ref="i317"/><UpperAttribute z:Ref="i318"/><VelocityAttribute z:Ref="i320"/></URDFElement><URDFElement z:Id="i321" i:type="Calibration"><Attributes><Attribute z:Id="i322"><AttributeType>rising</AttributeType><IsRequired>false</IsRequired><Value i:nil="true"/></Attribute><Attribute z:Id="i323"><AttributeType>falling</AttributeType><IsRequired>false</IsRequired><Value i:nil="true"/></Attribute></Attributes><ChildElements/><ElementName>calibration</ElementName><required>false</required><FallingAttribute z:Ref="i323"/><RisingAttribute z:Ref="i322"/></URDFElement><URDFElement z:Id="i324" i:type="Dynamics"><Attributes><Attribute z:Id="i325"><AttributeType>damping</AttributeType><IsRequired>false</IsRequired><Value i:nil="true"/></Attribute><Attribute z:Id="i326"><AttributeType>friction</AttributeType><IsRequired>false</IsRequired><Value i:nil="true"/></Attribute></Attributes><ChildElements/><ElementName>dynamics</ElementName><required>false</required><DampingAttribute z:Ref="i325"/><FrictionAttribute z:Ref="i326"/></URDFElement><URDFElement z:Id="i327" i:type="SafetyController"><Attributes><Attribute z:Id="i328"><AttributeType>soft_upper_limit</AttributeType><IsRequired>false</IsRequired><Value i:nil="true"/></Attribute><Attribute z:Id="i329"><AttributeType>soft_lower_limit</AttributeType><IsRequired>false</IsRequired><Value i:nil="true"/></Attribute><Attribute z:Id="i330"><AttributeType>k_position</AttributeType><IsRequired>false</IsRequired><Value i:nil="true"/></Attribute><Attribute z:Id="i331"><AttributeType>k_velocity</AttributeType><IsRequired>true</IsRequired><Value i:nil="true"/></Attribute></Attributes><ChildElements/><ElementName>safety_controller</ElementName><required>false</required><KPositionAttribute z:Ref="i330"/><KVelocityAttribute z:Ref="i331"/><SoftLowerAttribute z:Ref="i329"/><SoftUpperAttribute z:Ref="i328"/></URDFElement><URDFElement z:Id="i332" i:type="Mimic"><Attributes><Attribute z:Id="i333"><AttributeType>joint</AttributeType><IsRequired>true</IsRequired><Value i:nil="true"/></Attribute><Attribute z:Id="i334"><AttributeType>multiplier</AttributeType><IsRequired>false</IsRequired><Value i:nil="true"/></Attribute><Attribute z:Id="i335"><AttributeType>offset</AttributeType><IsRequired>false</IsRequired><Value i:nil="true"/></Attribute></Attributes><ChildElements/><ElementName>mimic</ElementName><required>false</required><JointNameAttribute z:Ref="i333"/><MultiplierAttribute z:Ref="i334"/><OffsetAttribute z:Ref="i335"/></URDFElement></ChildElements><ElementName>joint</ElementName><required>false</required><Axis z:Ref="i314"/><AxisName>Automatically Generate</AxisName><Calibration z:Ref="i321"/><Child z:Ref="i312"/><CoordinateSystemName>Automatically Generate</CoordinateSystemName><Dynamics z:Ref="i324"/><Limit z:Ref="i316"/><Mimic z:Ref="i332"/><NameAttribute z:Ref="i305"/><Origin z:Ref="i307"/><Parent z:Ref="i310"/><Safety z:Ref="i327"/><TypeAttribute z:Ref="i306"/></URDFElement></ChildElements><ElementName>link</ElementName><required>true</required><Children><Link z:Id="i336"><Attributes><Attribute z:Id="i337"><AttributeType>name</AttributeType><IsRequired>true</IsRequired><Value i:type="a:string" xmlns:a="http://www.w3.org/2001/XMLSchema">left_finger_Link</Value></Attribute></Attributes><ChildElements><URDFElement z:Id="i338" i:type="Inertial"><Attributes/><ChildElements><URDFElement z:Id="i339" i:type="Origin"><Attributes><Attribute z:Id="i340"><AttributeType>xyz</AttributeType><IsRequired>true</IsRequired><Value i:type="a:ArrayOfdouble" xmlns:a="http://schemas.microsoft.com/2003/10/Serialization/Arrays"><a:double>0</a:double><a:double>0</a:double><a:double>0</a:double></Value></Attribute><Attribute z:Id="i341"><AttributeType>rpy</AttributeType><IsRequired>true</IsRequired><Value i:type="a:ArrayOfdouble" xmlns:a="http://schemas.microsoft.com/2003/10/Serialization/Arrays"><a:double>0</a:double><a:double>0</a:double><a:double>0</a:double></Value></Attribute></Attributes><ChildElements/><ElementName>origin</ElementName><required>false</required><RPYAttribute z:Ref="i341"/><XYZAttribute z:Ref="i340"/><isCustomized>false</isCustomized></URDFElement><URDFElement z:Id="i342" i:type="Mass"><Attributes><Attribute z:Id="i343"><AttributeType>value</AttributeType><IsRequired>true</IsRequired><Value i:type="a:double" xmlns:a="http://www.w3.org/2001/XMLSchema">0</Value></Attribute></Attributes><ChildElements/><ElementName>mass</ElementName><required>false</required><ValueAttribute z:Ref="i343"/></URDFElement><URDFElement z:Id="i344" i:type="Inertia"><Attributes><Attribute z:Id="i345"><AttributeType>ixx</AttributeType><IsRequired>true</IsRequired><Value i:type="a:double" xmlns:a="http://www.w3.org/2001/XMLSchema">0</Value></Attribute><Attribute z:Id="i346"><AttributeType>ixy</AttributeType><IsRequired>true</IsRequired><Value i:type="a:double" xmlns:a="http://www.w3.org/2001/XMLSchema">0</Value></Attribute><Attribute z:Id="i347"><AttributeType>ixz</AttributeType><IsRequired>true</IsRequired><Value i:type="a:double" xmlns:a="http://www.w3.org/2001/XMLSchema">0</Value></Attribute><Attribute z:Id="i348"><AttributeType>iyy</AttributeType><IsRequired>true</IsRequired><Value i:type="a:double" xmlns:a="http://www.w3.org/2001/XMLSchema">0</Value></Attribute><Attribute z:Id="i349"><AttributeType>iyz</AttributeType><IsRequired>true</IsRequired><Value i:type="a:double" xmlns:a="http://www.w3.org/2001/XMLSchema">0</Value></Attribute><Attribute z:Id="i350"><AttributeType>izz</AttributeType><IsRequired>true</IsRequired><Value i:type="a:double" xmlns:a="http://www.w3.org/2001/XMLSchema">0</Value></Attribute></Attributes><ChildElements/><ElementName>inertia</ElementName><required>false</required><IxxAttribute z:Ref="i345"/><IxyAttribute z:Ref="i346"/><IxzAttribute z:Ref="i347"/><IyyAttribute z:Ref="i348"/><IyzAttribute z:Ref="i349"/><IzzAttribute z:Ref="i350"/></URDFElement></ChildElements><ElementName>inertial</ElementName><required>false</required><Inertia z:Ref="i344"/><Mass z:Ref="i342"/><Origin z:Ref="i339"/></URDFElement><URDFElement z:Id="i351" i:type="Visual"><Attributes/><ChildElements><URDFElement z:Id="i352" i:type="Origin"><Attributes><Attribute z:Id="i353"><AttributeType>xyz</AttributeType><IsRequired>true</IsRequired><Value i:type="a:ArrayOfdouble" xmlns:a="http://schemas.microsoft.com/2003/10/Serialization/Arrays"><a:double>0</a:double><a:double>0</a:double><a:double>0</a:double></Value></Attribute><Attribute z:Id="i354"><AttributeType>rpy</AttributeType><IsRequired>true</IsRequired><Value i:type="a:ArrayOfdouble" xmlns:a="http://schemas.microsoft.com/2003/10/Serialization/Arrays"><a:double>0</a:double><a:double>0</a:double><a:double>0</a:double></Value></Attribute></Attributes><ChildElements/><ElementName>origin</ElementName><required>false</required><RPYAttribute z:Ref="i354"/><XYZAttribute z:Ref="i353"/><isCustomized>false</isCustomized></URDFElement><URDFElement z:Id="i355" i:type="Geometry"><Attributes/><ChildElements><URDFElement z:Id="i356" i:type="Mesh"><Attributes><Attribute z:Id="i357"><AttributeType>filename</AttributeType><IsRequired>true</IsRequired><Value i:nil="true"/></Attribute></Attributes><ChildElements/><ElementName>mesh</ElementName><required>false</required><FilenameAttribute z:Ref="i357"/></URDFElement></ChildElements><ElementName>geometry</ElementName><required>true</required><Mesh z:Ref="i356"/></URDFElement><URDFElement z:Id="i358" i:type="Material"><Attributes><Attribute z:Id="i359"><AttributeType>name</AttributeType><IsRequired>true</IsRequired><Value i:type="a:string" xmlns:a="http://www.w3.org/2001/XMLSchema"/></Attribute></Attributes><ChildElements><URDFElement z:Id="i360" i:type="Color"><Attributes><Attribute z:Id="i361"><AttributeType>rgba</AttributeType><IsRequired>true</IsRequired><Value i:type="a:ArrayOfdouble" xmlns:a="http://schemas.microsoft.com/2003/10/Serialization/Arrays"><a:double>1</a:double><a:double>1</a:double><a:double>1</a:double><a:double>1</a:double></Value></Attribute></Attributes><ChildElements/><ElementName>color</ElementName><required>false</required><RGBAAttribute z:Ref="i361"/></URDFElement><URDFElement z:Id="i362" i:type="Texture"><Attributes><Attribute z:Id="i363"><AttributeType>filename</AttributeType><IsRequired>true</IsRequired><Value i:nil="true"/></Attribute></Attributes><ChildElements/><ElementName>texture</ElementName><required>false</required><FilenameAttribute z:Ref="i363"/><wFilename/></URDFElement></ChildElements><ElementName>material</ElementName><required>false</required><Color z:Ref="i360"/><NameAttribute z:Ref="i359"/><Texture z:Ref="i362"/></URDFElement></ChildElements><ElementName>visual</ElementName><required>false</required><Geometry z:Ref="i355"/><Material z:Ref="i358"/><Origin z:Ref="i352"/></URDFElement><URDFElement z:Id="i364" i:type="Collision"><Attributes/><ChildElements><URDFElement z:Id="i365" i:type="Origin"><Attributes><Attribute z:Id="i366"><AttributeType>xyz</AttributeType><IsRequired>true</IsRequired><Value i:type="a:ArrayOfdouble" xmlns:a="http://schemas.microsoft.com/2003/10/Serialization/Arrays"><a:double>0</a:double><a:double>0</a:double><a:double>0</a:double></Value></Attribute><Attribute z:Id="i367"><AttributeType>rpy</AttributeType><IsRequired>true</IsRequired><Value i:type="a:ArrayOfdouble" xmlns:a="http://schemas.microsoft.com/2003/10/Serialization/Arrays"><a:double>0</a:double><a:double>0</a:double><a:double>0</a:double></Value></Attribute></Attributes><ChildElements/><ElementName>origin</ElementName><required>false</required><RPYAttribute z:Ref="i367"/><XYZAttribute z:Ref="i366"/><isCustomized>false</isCustomized></URDFElement><URDFElement z:Id="i368" i:type="Geometry"><Attributes/><ChildElements><URDFElement z:Id="i369" i:type="Mesh"><Attributes><Attribute z:Id="i370"><AttributeType>filename</AttributeType><IsRequired>true</IsRequired><Value i:nil="true"/></Attribute></Attributes><ChildElements/><ElementName>mesh</ElementName><required>false</required><FilenameAttribute z:Ref="i370"/></URDFElement></ChildElements><ElementName>geometry</ElementName><required>true</required><Mesh z:Ref="i369"/></URDFElement></ChildElements><ElementName>collision</ElementName><required>false</required><Geometry z:Ref="i368"/><Origin z:Ref="i365"/></URDFElement><URDFElement z:Id="i371" i:type="Joint"><Attributes><Attribute z:Id="i372"><AttributeType>name</AttributeType><IsRequired>true</IsRequired><Value i:type="a:string" xmlns:a="http://www.w3.org/2001/XMLSchema">joint_left</Value></Attribute><Attribute z:Id="i373"><AttributeType>type</AttributeType><IsRequired>true</IsRequired><Value i:type="a:string" xmlns:a="http://www.w3.org/2001/XMLSchema">continuous</Value></Attribute></Attributes><ChildElements><URDFElement z:Id="i374" i:type="Origin"><Attributes><Attribute z:Id="i375"><AttributeType>xyz</AttributeType><IsRequired>true</IsRequired><Value i:type="a:ArrayOfdouble" xmlns:a="http://schemas.microsoft.com/2003/10/Serialization/Arrays"><a:double>0</a:double><a:double>0</a:double><a:double>0</a:double></Value></Attribute><Attribute z:Id="i376"><AttributeType>rpy</AttributeType><IsRequired>true</IsRequired><Value i:type="a:ArrayOfdouble" xmlns:a="http://schemas.microsoft.com/2003/10/Serialization/Arrays"><a:double>0</a:double><a:double>0</a:double><a:double>0</a:double></Value></Attribute></Attributes><ChildElements/><ElementName>origin</ElementName><required>false</required><RPYAttribute z:Ref="i376"/><XYZAttribute z:Ref="i375"/><isCustomized>false</isCustomized></URDFElement><URDFElement z:Id="i377" i:type="ParentLink"><Attributes><Attribute z:Id="i378"><AttributeType>link</AttributeType><IsRequired>true</IsRequired><Value i:type="a:string" xmlns:a="http://www.w3.org/2001/XMLSchema"/></Attribute></Attributes><ChildElements/><ElementName>parent</ElementName><required>true</required><NameAttribute z:Ref="i378"/></URDFElement><URDFElement z:Id="i379" i:type="ChildLink"><Attributes><Attribute z:Id="i380"><AttributeType>link</AttributeType><IsRequired>true</IsRequired><Value i:type="a:string" xmlns:a="http://www.w3.org/2001/XMLSchema"/></Attribute></Attributes><ChildElements/><ElementName>child</ElementName><required>true</required><NameAttribute z:Ref="i380"/></URDFElement><URDFElement z:Id="i381" i:type="Axis"><Attributes><Attribute z:Id="i382"><AttributeType>xyz</AttributeType><IsRequired>true</IsRequired><Value i:type="a:ArrayOfdouble" xmlns:a="http://schemas.microsoft.com/2003/10/Serialization/Arrays"><a:double>0</a:double><a:double>0</a:double><a:double>0</a:double></Value></Attribute></Attributes><ChildElements/><ElementName>axis</ElementName><required>false</required><XYZAttribute z:Ref="i382"/></URDFElement><URDFElement z:Id="i383" i:type="Limit"><Attributes><Attribute z:Id="i384"><AttributeType>lower</AttributeType><IsRequired>false</IsRequired><Value i:nil="true"/></Attribute><Attribute z:Id="i385"><AttributeType>upper</AttributeType><IsRequired>false</IsRequired><Value i:nil="true"/></Attribute><Attribute z:Id="i386"><AttributeType>effort</AttributeType><IsRequired>true</IsRequired><Value i:nil="true"/></Attribute><Attribute z:Id="i387"><AttributeType>velocity</AttributeType><IsRequired>true</IsRequired><Value i:nil="true"/></Attribute></Attributes><ChildElements/><ElementName>limit</ElementName><required>false</required><EffortAttribute z:Ref="i386"/><LowerAttribute z:Ref="i384"/><UpperAttribute z:Ref="i385"/><VelocityAttribute z:Ref="i387"/></URDFElement><URDFElement z:Id="i388" i:type="Calibration"><Attributes><Attribute z:Id="i389"><AttributeType>rising</AttributeType><IsRequired>false</IsRequired><Value i:nil="true"/></Attribute><Attribute z:Id="i390"><AttributeType>falling</AttributeType><IsRequired>false</IsRequired><Value i:nil="true"/></Attribute></Attributes><ChildElements/><ElementName>calibration</ElementName><required>false</required><FallingAttribute z:Ref="i390"/><RisingAttribute z:Ref="i389"/></URDFElement><URDFElement z:Id="i391" i:type="Dynamics"><Attributes><Attribute z:Id="i392"><AttributeType>damping</AttributeType><IsRequired>false</IsRequired><Value i:nil="true"/></Attribute><Attribute z:Id="i393"><AttributeType>friction</AttributeType><IsRequired>false</IsRequired><Value i:nil="true"/></Attribute></Attributes><ChildElements/><ElementName>dynamics</ElementName><required>false</required><DampingAttribute z:Ref="i392"/><FrictionAttribute z:Ref="i393"/></URDFElement><URDFElement z:Id="i394" i:type="SafetyController"><Attributes><Attribute z:Id="i395"><AttributeType>soft_upper_limit</AttributeType><IsRequired>false</IsRequired><Value i:nil="true"/></Attribute><Attribute z:Id="i396"><AttributeType>soft_lower_limit</AttributeType><IsRequired>false</IsRequired><Value i:nil="true"/></Attribute><Attribute z:Id="i397"><AttributeType>k_position</AttributeType><IsRequired>false</IsRequired><Value i:nil="true"/></Attribute><Attribute z:Id="i398"><AttributeType>k_velocity</AttributeType><IsRequired>true</IsRequired><Value i:nil="true"/></Attribute></Attributes><ChildElements/><ElementName>safety_controller</ElementName><required>false</required><KPositionAttribute z:Ref="i397"/><KVelocityAttribute z:Ref="i398"/><SoftLowerAttribute z:Ref="i396"/><SoftUpperAttribute z:Ref="i395"/></URDFElement><URDFElement z:Id="i399" i:type="Mimic"><Attributes><Attribute z:Id="i400"><AttributeType>joint</AttributeType><IsRequired>true</IsRequired><Value i:nil="true"/></Attribute><Attribute z:Id="i401"><AttributeType>multiplier</AttributeType><IsRequired>false</IsRequired><Value i:nil="true"/></Attribute><Attribute z:Id="i402"><AttributeType>offset</AttributeType><IsRequired>false</IsRequired><Value i:nil="true"/></Attribute></Attributes><ChildElements/><ElementName>mimic</ElementName><required>false</required><JointNameAttribute z:Ref="i400"/><MultiplierAttribute z:Ref="i401"/><OffsetAttribute z:Ref="i402"/></URDFElement></ChildElements><ElementName>joint</ElementName><required>false</required><Axis z:Ref="i381"/><AxisName>Automatically Generate</AxisName><Calibration z:Ref="i388"/><Child z:Ref="i379"/><CoordinateSystemName>Automatically Generate</CoordinateSystemName><Dynamics z:Ref="i391"/><Limit z:Ref="i383"/><Mimic z:Ref="i399"/><NameAttribute z:Ref="i372"/><Origin z:Ref="i374"/><Parent z:Ref="i377"/><Safety z:Ref="i394"/><TypeAttribute z:Ref="i373"/></URDFElement></ChildElements><ElementName>link</ElementName><required>true</required><Children><Link z:Id="i403"><Attributes><Attribute z:Id="i404"><AttributeType>name</AttributeType><IsRequired>true</IsRequired><Value i:type="a:string" xmlns:a="http://www.w3.org/2001/XMLSchema">right_finger_Link</Value></Attribute></Attributes><ChildElements><URDFElement z:Id="i405" i:type="Inertial"><Attributes/><ChildElements><URDFElement z:Id="i406" i:type="Origin"><Attributes><Attribute z:Id="i407"><AttributeType>xyz</AttributeType><IsRequired>true</IsRequired><Value i:type="a:ArrayOfdouble" xmlns:a="http://schemas.microsoft.com/2003/10/Serialization/Arrays"><a:double>0</a:double><a:double>0</a:double><a:double>0</a:double></Value></Attribute><Attribute z:Id="i408"><AttributeType>rpy</AttributeType><IsRequired>true</IsRequired><Value i:type="a:ArrayOfdouble" xmlns:a="http://schemas.microsoft.com/2003/10/Serialization/Arrays"><a:double>0</a:double><a:double>0</a:double><a:double>0</a:double></Value></Attribute></Attributes><ChildElements/><ElementName>origin</ElementName><required>false</required><RPYAttribute z:Ref="i408"/><XYZAttribute z:Ref="i407"/><isCustomized>false</isCustomized></URDFElement><URDFElement z:Id="i409" i:type="Mass"><Attributes><Attribute z:Id="i410"><AttributeType>value</AttributeType><IsRequired>true</IsRequired><Value i:type="a:double" xmlns:a="http://www.w3.org/2001/XMLSchema">0</Value></Attribute></Attributes><ChildElements/><ElementName>mass</ElementName><required>false</required><ValueAttribute z:Ref="i410"/></URDFElement><URDFElement z:Id="i411" i:type="Inertia"><Attributes><Attribute z:Id="i412"><AttributeType>ixx</AttributeType><IsRequired>true</IsRequired><Value i:type="a:double" xmlns:a="http://www.w3.org/2001/XMLSchema">0</Value></Attribute><Attribute z:Id="i413"><AttributeType>ixy</AttributeType><IsRequired>true</IsRequired><Value i:type="a:double" xmlns:a="http://www.w3.org/2001/XMLSchema">0</Value></Attribute><Attribute z:Id="i414"><AttributeType>ixz</AttributeType><IsRequired>true</IsRequired><Value i:type="a:double" xmlns:a="http://www.w3.org/2001/XMLSchema">0</Value></Attribute><Attribute z:Id="i415"><AttributeType>iyy</AttributeType><IsRequired>true</IsRequired><Value i:type="a:double" xmlns:a="http://www.w3.org/2001/XMLSchema">0</Value></Attribute><Attribute z:Id="i416"><AttributeType>iyz</AttributeType><IsRequired>true</IsRequired><Value i:type="a:double" xmlns:a="http://www.w3.org/2001/XMLSchema">0</Value></Attribute><Attribute z:Id="i417"><AttributeType>izz</AttributeType><IsRequired>true</IsRequired><Value i:type="a:double" xmlns:a="http://www.w3.org/2001/XMLSchema">0</Value></Attribute></Attributes><ChildElements/><ElementName>inertia</ElementName><required>false</required><IxxAttribute z:Ref="i412"/><IxyAttribute z:Ref="i413"/><IxzAttribute z:Ref="i414"/><IyyAttribute z:Ref="i415"/><IyzAttribute z:Ref="i416"/><IzzAttribute z:Ref="i417"/></URDFElement></ChildElements><ElementName>inertial</ElementName><required>false</required><Inertia z:Ref="i411"/><Mass z:Ref="i409"/><Origin z:Ref="i406"/></URDFElement><URDFElement z:Id="i418" i:type="Visual"><Attributes/><ChildElements><URDFElement z:Id="i419" i:type="Origin"><Attributes><Attribute z:Id="i420"><AttributeType>xyz</AttributeType><IsRequired>true</IsRequired><Value i:type="a:ArrayOfdouble" xmlns:a="http://schemas.microsoft.com/2003/10/Serialization/Arrays"><a:double>0</a:double><a:double>0</a:double><a:double>0</a:double></Value></Attribute><Attribute z:Id="i421"><AttributeType>rpy</AttributeType><IsRequired>true</IsRequired><Value i:type="a:ArrayOfdouble" xmlns:a="http://schemas.microsoft.com/2003/10/Serialization/Arrays"><a:double>0</a:double><a:double>0</a:double><a:double>0</a:double></Value></Attribute></Attributes><ChildElements/><ElementName>origin</ElementName><required>false</required><RPYAttribute z:Ref="i421"/><XYZAttribute z:Ref="i420"/><isCustomized>false</isCustomized></URDFElement><URDFElement z:Id="i422" i:type="Geometry"><Attributes/><ChildElements><URDFElement z:Id="i423" i:type="Mesh"><Attributes><Attribute z:Id="i424"><AttributeType>filename</AttributeType><IsRequired>true</IsRequired><Value i:nil="true"/></Attribute></Attributes><ChildElements/><ElementName>mesh</ElementName><required>false</required><FilenameAttribute z:Ref="i424"/></URDFElement></ChildElements><ElementName>geometry</ElementName><required>true</required><Mesh z:Ref="i423"/></URDFElement><URDFElement z:Id="i425" i:type="Material"><Attributes><Attribute z:Id="i426"><AttributeType>name</AttributeType><IsRequired>true</IsRequired><Value i:type="a:string" xmlns:a="http://www.w3.org/2001/XMLSchema"/></Attribute></Attributes><ChildElements><URDFElement z:Id="i427" i:type="Color"><Attributes><Attribute z:Id="i428"><AttributeType>rgba</AttributeType><IsRequired>true</IsRequired><Value i:type="a:ArrayOfdouble" xmlns:a="http://schemas.microsoft.com/2003/10/Serialization/Arrays"><a:double>1</a:double><a:double>1</a:double><a:double>1</a:double><a:double>1</a:double></Value></Attribute></Attributes><ChildElements/><ElementName>color</ElementName><required>false</required><RGBAAttribute z:Ref="i428"/></URDFElement><URDFElement z:Id="i429" i:type="Texture"><Attributes><Attribute z:Id="i430"><AttributeType>filename</AttributeType><IsRequired>true</IsRequired><Value i:nil="true"/></Attribute></Attributes><ChildElements/><ElementName>texture</ElementName><required>false</required><FilenameAttribute z:Ref="i430"/><wFilename/></URDFElement></ChildElements><ElementName>material</ElementName><required>false</required><Color z:Ref="i427"/><NameAttribute z:Ref="i426"/><Texture z:Ref="i429"/></URDFElement></ChildElements><ElementName>visual</ElementName><required>false</required><Geometry z:Ref="i422"/><Material z:Ref="i425"/><Origin z:Ref="i419"/></URDFElement><URDFElement z:Id="i431" i:type="Collision"><Attributes/><ChildElements><URDFElement z:Id="i432" i:type="Origin"><Attributes><Attribute z:Id="i433"><AttributeType>xyz</AttributeType><IsRequired>true</IsRequired><Value i:type="a:ArrayOfdouble" xmlns:a="http://schemas.microsoft.com/2003/10/Serialization/Arrays"><a:double>0</a:double><a:double>0</a:double><a:double>0</a:double></Value></Attribute><Attribute z:Id="i434"><AttributeType>rpy</AttributeType><IsRequired>true</IsRequired><Value i:type="a:ArrayOfdouble" xmlns:a="http://schemas.microsoft.com/2003/10/Serialization/Arrays"><a:double>0</a:double><a:double>0</a:double><a:double>0</a:double></Value></Attribute></Attributes><ChildElements/><ElementName>origin</ElementName><required>false</required><RPYAttribute z:Ref="i434"/><XYZAttribute z:Ref="i433"/><isCustomized>false</isCustomized></URDFElement><URDFElement z:Id="i435" i:type="Geometry"><Attributes/><ChildElements><URDFElement z:Id="i436" i:type="Mesh"><Attributes><Attribute z:Id="i437"><AttributeType>filename</AttributeType><IsRequired>true</IsRequired><Value i:nil="true"/></Attribute></Attributes><ChildElements/><ElementName>mesh</ElementName><required>false</required><FilenameAttribute z:Ref="i437"/></URDFElement></ChildElements><ElementName>geometry</ElementName><required>true</required><Mesh z:Ref="i436"/></URDFElement></ChildElements><ElementName>collision</ElementName><required>false</required><Geometry z:Ref="i435"/><Origin z:Ref="i432"/></URDFElement><URDFElement z:Id="i438" i:type="Joint"><Attributes><Attribute z:Id="i439"><AttributeType>name</AttributeType><IsRequired>true</IsRequired><Value i:type="a:string" xmlns:a="http://www.w3.org/2001/XMLSchema">joint_right</Value></Attribute><Attribute z:Id="i440"><AttributeType>type</AttributeType><IsRequired>true</IsRequired><Value i:type="a:string" xmlns:a="http://www.w3.org/2001/XMLSchema">continuous</Value></Attribute></Attributes><ChildElements><URDFElement z:Id="i441" i:type="Origin"><Attributes><Attribute z:Id="i442"><AttributeType>xyz</AttributeType><IsRequired>true</IsRequired><Value i:type="a:ArrayOfdouble" xmlns:a="http://schemas.microsoft.com/2003/10/Serialization/Arrays"><a:double>0</a:double><a:double>0</a:double><a:double>0</a:double></Value></Attribute><Attribute z:Id="i443"><AttributeType>rpy</AttributeType><IsRequired>true</IsRequired><Value i:type="a:ArrayOfdouble" xmlns:a="http://schemas.microsoft.com/2003/10/Serialization/Arrays"><a:double>0</a:double><a:double>0</a:double><a:double>0</a:double></Value></Attribute></Attributes><ChildElements/><ElementName>origin</ElementName><required>false</required><RPYAttribute z:Ref="i443"/><XYZAttribute z:Ref="i442"/><isCustomized>false</isCustomized></URDFElement><URDFElement z:Id="i444" i:type="ParentLink"><Attributes><Attribute z:Id="i445"><AttributeType>link</AttributeType><IsRequired>true</IsRequired><Value i:type="a:string" xmlns:a="http://www.w3.org/2001/XMLSchema"/></Attribute></Attributes><ChildElements/><ElementName>parent</ElementName><required>true</required><NameAttribute z:Ref="i445"/></URDFElement><URDFElement z:Id="i446" i:type="ChildLink"><Attributes><Attribute z:Id="i447"><AttributeType>link</AttributeType><IsRequired>true</IsRequired><Value i:type="a:string" xmlns:a="http://www.w3.org/2001/XMLSchema"/></Attribute></Attributes><ChildElements/><ElementName>child</ElementName><required>true</required><NameAttribute z:Ref="i447"/></URDFElement><URDFElement z:Id="i448" i:type="Axis"><Attributes><Attribute z:Id="i449"><AttributeType>xyz</AttributeType><IsRequired>true</IsRequired><Value i:type="a:ArrayOfdouble" xmlns:a="http://schemas.microsoft.com/2003/10/Serialization/Arrays"><a:double>0</a:double><a:double>0</a:double><a:double>0</a:double></Value></Attribute></Attributes><ChildElements/><ElementName>axis</ElementName><required>false</required><XYZAttribute z:Ref="i449"/></URDFElement><URDFElement z:Id="i450" i:type="Limit"><Attributes><Attribute z:Id="i451"><AttributeType>lower</AttributeType><IsRequired>false</IsRequired><Value i:nil="true"/></Attribute><Attribute z:Id="i452"><AttributeType>upper</AttributeType><IsRequired>false</IsRequired><Value i:nil="true"/></Attribute><Attribute z:Id="i453"><AttributeType>effort</AttributeType><IsRequired>true</IsRequired><Value i:nil="true"/></Attribute><Attribute z:Id="i454"><AttributeType>velocity</AttributeType><IsRequired>true</IsRequired><Value i:nil="true"/></Attribute></Attributes><ChildElements/><ElementName>limit</ElementName><required>false</required><EffortAttribute z:Ref="i453"/><LowerAttribute z:Ref="i451"/><UpperAttribute z:Ref="i452"/><VelocityAttribute z:Ref="i454"/></URDFElement><URDFElement z:Id="i455" i:type="Calibration"><Attributes><Attribute z:Id="i456"><AttributeType>rising</AttributeType><IsRequired>false</IsRequired><Value i:nil="true"/></Attribute><Attribute z:Id="i457"><AttributeType>falling</AttributeType><IsRequired>false</IsRequired><Value i:nil="true"/></Attribute></Attributes><ChildElements/><ElementName>calibration</ElementName><required>false</required><FallingAttribute z:Ref="i457"/><RisingAttribute z:Ref="i456"/></URDFElement><URDFElement z:Id="i458" i:type="Dynamics"><Attributes><Attribute z:Id="i459"><AttributeType>damping</AttributeType><IsRequired>false</IsRequired><Value i:nil="true"/></Attribute><Attribute z:Id="i460"><AttributeType>friction</AttributeType><IsRequired>false</IsRequired><Value i:nil="true"/></Attribute></Attributes><ChildElements/><ElementName>dynamics</ElementName><required>false</required><DampingAttribute z:Ref="i459"/><FrictionAttribute z:Ref="i460"/></URDFElement><URDFElement z:Id="i461" i:type="SafetyController"><Attributes><Attribute z:Id="i462"><AttributeType>soft_upper_limit</AttributeType><IsRequired>false</IsRequired><Value i:nil="true"/></Attribute><Attribute z:Id="i463"><AttributeType>soft_lower_limit</AttributeType><IsRequired>false</IsRequired><Value i:nil="true"/></Attribute><Attribute z:Id="i464"><AttributeType>k_position</AttributeType><IsRequired>false</IsRequired><Value i:nil="true"/></Attribute><Attribute z:Id="i465"><AttributeType>k_velocity</AttributeType><IsRequired>true</IsRequired><Value i:nil="true"/></Attribute></Attributes><ChildElements/><ElementName>safety_controller</ElementName><required>false</required><KPositionAttribute z:Ref="i464"/><KVelocityAttribute z:Ref="i465"/><SoftLowerAttribute z:Ref="i463"/><SoftUpperAttribute z:Ref="i462"/></URDFElement><URDFElement z:Id="i466" i:type="Mimic"><Attributes><Attribute z:Id="i467"><AttributeType>joint</AttributeType><IsRequired>true</IsRequired><Value i:nil="true"/></Attribute><Attribute z:Id="i468"><AttributeType>multiplier</AttributeType><IsRequired>false</IsRequired><Value i:nil="true"/></Attribute><Attribute z:Id="i469"><AttributeType>offset</AttributeType><IsRequired>false</IsRequired><Value i:nil="true"/></Attribute></Attributes><ChildElements/><ElementName>mimic</ElementName><required>false</required><JointNameAttribute z:Ref="i467"/><MultiplierAttribute z:Ref="i468"/><OffsetAttribute z:Ref="i469"/></URDFElement></ChildElements><ElementName>joint</ElementName><required>false</required><Axis z:Ref="i448"/><AxisName>Automatically Generate</AxisName><Calibration z:Ref="i455"/><Child z:Ref="i446"/><CoordinateSystemName>Automatically Generate</CoordinateSystemName><Dynamics z:Ref="i458"/><Limit z:Ref="i450"/><Mimic z:Ref="i466"/><NameAttribute z:Ref="i439"/><Origin z:Ref="i441"/><Parent z:Ref="i444"/><Safety z:Ref="i461"/><TypeAttribute z:Ref="i440"/></URDFElement></ChildElements><ElementName>link</ElementName><required>true</required><Children/><Collision z:Ref="i431"/><Inertial z:Ref="i405"/><Joint z:Ref="i438"/><NameAttribute z:Ref="i404"/><Parent z:Ref="i336"/><STLQualityFine>false</STLQualityFine><SWComponentPIDs xmlns:a="http://schemas.microsoft.com/2003/10/Serialization/Arrays"><a:base64Binary>UEYAAAUAAAD//v9dRwByAGkAcABwAGUAcgAgAE0AZQBjAGgAYQBuAGkAcwBtAC0AMQBAAFMAQwBBAFIAQQAgAFIAbwBiAG8AdAAgAFcAaQB0AGgAIABDAG8AbgB0AHIAbwBsAGwAZQBkACAATQBvAHQAaQBvAG4ALwBHAHIAaQBwAHAAZQByACAASABhAG4AZAAgAFIAaQBnAGgAdAAtADIAQABHAHIAaQBwAHAAZQByACAATQBlAGMAaABhAG4AaQBzAG0ABAAAABAAAAABAAAAAgAAAFUCAABnAAAA</a:base64Binary><a:base64Binary>UEYAAAUAAAD//v9dRwByAGkAcABwAGUAcgAgAE0AZQBjAGgAYQBuAGkAcwBtAC0AMQBAAFMAQwBBAFIAQQAgAFIAbwBiAG8AdAAgAFcAaQB0AGgAIABDAG8AbgB0AHIAbwBsAGwAZQBkACAATQBvAHQAaQBvAG4ALwBHAHIAaQBwAHAAZQByACAASABhAG4AZAAgAFIAaQBnAGgAdAAtADEAQABHAHIAaQBwAHAAZQByACAATQBlAGMAaABhAG4AaQBzAG0ABAAAABAAAAABAAAAAgAAAFUCAAApAAAA</a:base64Binary><a:base64Binary>UEYAAAUAAAD//v9ZRwByAGkAcABwAGUAcgAgAE0AZQBjAGgAYQBuAGkAcwBtAC0AMQBAAFMAQwBBAFIAQQAgAFIAbwBiAG8AdAAgAFcAaQB0AGgAIABDAG8AbgB0AHIAbwBsAGwAZQBkACAATQBvAHQAaQBvAG4ALwBHAHIAaQBwAHAAZQByACAAbABpAG4AawAgADIALQAxAEAARwByAGkAcABwAGUAcgAgAE0AZQBjAGgAYQBuAGkAcwBtAAQAAAAQAAAAAQAAAAIAAABVAgAAfwAAAA==</a:base64Binary><a:base64Binary>UEYAAAUAAAD//v9ZRwByAGkAcABwAGUAcgAgAE0AZQBjAGgAYQBuAGkAcwBtAC0AMQBAAFMAQwBBAFIAQQAgAFIAbwBiAG8AdAAgAFcAaQB0AGgAIABDAG8AbgB0AHIAbwBsAGwAZQBkACAATQBvAHQAaQBvAG4ALwBHAHIAaQBwAHAAZQByACAAbABpAG4AawAgADIALQAyAEAARwByAGkAcABwAGUAcgAgAE0AZQBjAGgAYQBuAGkAcwBtAAQAAAAQAAAAAQAAAAIAAABVAgAAqwAAAA==</a:base64Binary><a:base64Binary>UEYAAAUAAAD//v9bRwByAGkAcABwAGUAcgAgAE0AZQBjAGgAYQBuAGkAcwBtAC0AMQBAAFMAQwBBAFIAQQAgAFIAbwBiAG8AdAAgAFcAaQB0AGgAIABDAG8AbgB0AHIAbwBsAGwAZQBkACAATQBvAHQAaQBvAG4ALwBXAGkAZABlACAAZwByAGkAcABwAGUAcgAgAGUAbgBkAC0AMQBAAEcAcgBpAHAAcABlAHIAIABNAGUAYwBoAGEAbgBpAHMAbQAEAAAAEAAAAAEAAAACAAAAVQIAALUAAAA=</a:base64Binary></SWComponentPIDs><SWMainComponentPID i:nil="true"/><Visual z:Ref="i418"/><isFixedFrame>false</isFixedFrame><isIncomplete>false</isIncomplete></Link></Children><Collision z:Ref="i364"/><Inertial z:Ref="i338"/><Joint z:Ref="i371"/><NameAttribute z:Ref="i337"/><Parent z:Ref="i269"/><STLQualityFine>false</STLQualityFine><SWComponentPIDs xmlns:a="http://schemas.microsoft.com/2003/10/Serialization/Arrays"><a:base64Binary>UEYAAAUAAAD//v9cRwByAGkAcABwAGUAcgAgAE0AZQBjAGgAYQBuAGkAcwBtAC0AMQBAAFMAQwBBAFIAQQAgAFIAbwBiAG8AdAAgAFcAaQB0AGgAIABDAG8AbgB0AHIAbwBsAGwAZQBkACAATQBvAHQAaQBvAG4ALwBHAHIAaQBwAHAAZQByACAASABhAG4AZAAgAEwAZQBmAHQALQAyAEAARwByAGkAcABwAGUAcgAgAE0AZQBjAGgAYQBuAGkAcwBtAAQAAAAQAAAAAQAAAAIAAABVAgAAYgAAAA==</a:base64Binary><a:base64Binary>UEYAAAUAAAD//v9ZRwByAGkAcABwAGUAcgAgAE0AZQBjAGgAYQBuAGkAcwBtAC0AMQBAAFMAQwBBAFIAQQAgAFIAbwBiAG8AdAAgAFcAaQB0AGgAIABDAG8AbgB0AHIAbwBsAGwAZQBkACAATQBvAHQAaQBvAG4ALwBHAHIAaQBwAHAAZQByACAAbABpAG4AawAgADEALQAxAEAARwByAGkAcABwAGUAcgAgAE0AZQBjAGgAYQBuAGkAcwBtAAQAAAAQAAAAAQAAAAIAAABVAgAAfQAAAA==</a:base64Binary><a:base64Binary>UEYAAAUAAAD//v9ZRwByAGkAcABwAGUAcgAgAE0AZQBjAGgAYQBuAGkAcwBtAC0AMQBAAFMAQwBBAFIAQQAgAFIAbwBiAG8AdAAgAFcAaQB0AGgAIABDAG8AbgB0AHIAbwBsAGwAZQBkACAATQBvAHQAaQBvAG4ALwBHAHIAaQBwAHAAZQByACAAbABpAG4AawAgADEALQAyAEAARwByAGkAcABwAGUAcgAgAE0AZQBjAGgAYQBuAGkAcwBtAAQAAAAQAAAAAQAAAAIAAABVAgAAhAAAAA==</a:base64Binary><a:base64Binary>UEYAAAUAAAD//v9nRwByAGkAcABwAGUAcgAgAE0AZQBjAGgAYQBuAGkAcwBtAC0AMQBAAFMAQwBBAFIAQQAgAFIAbwBiAG8AdAAgAFcAaQB0AGgAIABDAG8AbgB0AHIAbwBsAGwAZQBkACAATQBvAHQAaQBvAG4ALwBXAGkAZABlACAAZwByAGkAcABwAGUAcgAgAGUAbgBkACAALQAgAEwAZQBmAHQAIABzAGkAZABlAC0AMQBAAEcAcgBpAHAAcABlAHIAIABNAGUAYwBoAGEAbgBpAHMAbQAEAAAAEAAAAAEAAAACAAAAVQIAALkAAAA=</a:base64Binary><a:base64Binary>UEYAAAUAAAD//v9cRwByAGkAcABwAGUAcgAgAE0AZQBjAGgAYQBuAGkAcwBtAC0AMQBAAFMAQwBBAFIAQQAgAFIAbwBiAG8AdAAgAFcAaQB0AGgAIABDAG8AbgB0AHIAbwBsAGwAZQBkACAATQBvAHQAaQBvAG4ALwBHAHIAaQBwAHAAZQByACAASABhAG4AZAAgAEwAZQBmAHQALQAxAEAARwByAGkAcABwAGUAcgAgAE0AZQBjAGgAYQBuAGkAcwBtAAQAAAAQAAAAAQAAAAIAAABVAgAAIAAAAA==</a:base64Binary></SWComponentPIDs><SWMainComponentPID i:nil="true"/><Visual z:Ref="i351"/><isFixedFrame>false</isFixedFrame><isIncomplete>false</isIncomplete></Link></Children><Collision z:Ref="i297"/><Inertial z:Ref="i271"/><Joint z:Ref="i304"/><NameAttribute z:Ref="i270"/><Parent z:Ref="i202"/><STLQualityFine>false</STLQualityFine><SWComponentPIDs xmlns:a="http://schemas.microsoft.com/2003/10/Serialization/Arrays"><a:base64Binary>UEYAAAUAAAD//v8vSgAzACAAQwBvAHUAcABsAGUAcgAtADEAQABTAEMAQQBSAEEAIABSAG8AYgBvAHQAIABXAGkAdABoACAAQwBvAG4AdAByAG8AbABsAGUAZAAgAE0AbwB0AGkAbwBuAAQAAAAQAAAAAQAAAAEAAAALAgAA</a:base64Binary><a:base64Binary>UEYAAAUAAAD//v8/RwBUADIAIABQAHUAbABsAGUAeQAgAC0AIAA5ADAAIAB0AGUAZQB0AGgAIAAtACAASgAzAC0AMQBAAFMAQwBBAFIAQQAgAFIAbwBiAG8AdAAgAFcAaQB0AGgAIABDAG8AbgB0AHIAbwBsAGwAZQBkACAATQBvAHQAaQBvAG4ABAAAABAAAAABAAAAAQAAADcCAAA=</a:base64Binary><a:base64Binary>UEYAAAUAAAD//v9mRwByAGkAcABwAGUAcgAgAE0AZQBjAGgAYQBuAGkAcwBtAC0AMQBAAFMAQwBBAFIAQQAgAFIAbwBiAG8AdAAgAFcAaQB0AGgAIABDAG8AbgB0AHIAbwBsAGwAZQBkACAATQBvAHQAaQBvAG4ALwBTAGUAcgB2AG8AIABNAG8AdABvAHIAIABNAEcAOQA5ADYAUgAgADMARAAgAE0AbwBkAGUAbAAtADEAQABHAHIAaQBwAHAAZQByACAATQBlAGMAaABhAG4AaQBzAG0ABAAAABAAAAABAAAAAgAAAFUCAAAaAAAA</a:base64Binary><a:base64Binary>UEYAAAUAAAD//v9iRwByAGkAcABwAGUAcgAgAE0AZQBjAGgAYQBuAGkAcwBtAC0AMQBAAFMAQwBBAFIAQQAgAFIAbwBiAG8AdAAgAFcAaQB0AGgAIABDAG8AbgB0AHIAbwBsAGwAZQBkACAATQBvAHQAaQBvAG4ALwBHAHIAaQBwAHAAZQByACAAdABvACAASgAzACAAYwBvAG4AbgBlAGMAdABvAHIALQAxAEAARwByAGkAcABwAGUAcgAgAE0AZQBjAGgAYQBuAGkAcwBtAAQAAAAQAAAAAQAAAAIAAABVAgAAsQAAAA==</a:base64Binary><a:base64Binary>UEYAAAUAAAD//v9YRwByAGkAcABwAGUAcgAgAE0AZQBjAGgAYQBuAGkAcwBtAC0AMQBAAFMAQwBBAFIAQQAgAFIAbwBiAG8AdAAgAFcAaQB0AGgAIABDAG8AbgB0AHIAbwBsAGwAZQBkACAATQBvAHQAaQBvAG4ALwBHAHIAaQBwAHAAZQByACAAQwBvAHYAZQByAC0AMQBAAEcAcgBpAHAAcABlAHIAIABNAGUAYwBoAGEAbgBpAHMAbQAEAAAAEAAAAAEAAAACAAAAVQIAAB4AAAA=</a:base64Binary><a:base64Binary>UEYAAAUAAAD//v9jRwByAGkAcABwAGUAcgAgAE0AZQBjAGgAYQBuAGkAcwBtAC0AMQBAAFMAQwBBAFIAQQAgAFIAbwBiAG8AdAAgAFcAaQB0AGgAIABDAG8AbgB0AHIAbwBsAGwAZQBkACAATQBvAHQAaQBvAG4ALwBHAHIAaQBwAHAAZQByACAATQBlAGMAaABhAG4AaQBzAG0AIABTAGwAaQBkAGUAcgAtADMAQABHAHIAaQBwAHAAZQByACAATQBlAGMAaABhAG4AaQBzAG0ABAAAABAAAAABAAAAAgAAAFUCAABTAAAA</a:base64Binary><a:base64Binary>UEYAAAUAAAD//v9jRwByAGkAcABwAGUAcgAgAE0AZQBjAGgAYQBuAGkAcwBtAC0AMQBAAFMAQwBBAFIAQQAgAFIAbwBiAG8AdAAgAFcAaQB0AGgAIABDAG8AbgB0AHIAbwBsAGwAZQBkACAATQBvAHQAaQBvAG4ALwBHAHIAaQBwAHAAZQByACAATQBlAGMAaABhAG4AaQBzAG0AIABTAGwAaQBkAGUAcgAtADQAQABHAHIAaQBwAHAAZQByACAATQBlAGMAaABhAG4AaQBzAG0ABAAAABAAAAABAAAAAgAAAFUCAABYAAAA</a:base64Binary><a:base64Binary>UEYAAAUAAAD//v9WRwByAGkAcABwAGUAcgAgAE0AZQBjAGgAYQBuAGkAcwBtAC0AMQBAAFMAQwBBAFIAQQAgAFIAbwBiAG8AdAAgAFcAaQB0AGgAIABDAG8AbgB0AHIAbwBsAGwAZQBkACAATQBvAHQAaQBvAG4ALwBHAHIAaQBwAHAAZQByACAARQBuAGQALQAxAEAARwByAGkAcABwAGUAcgAgAE0AZQBjAGgAYQBuAGkAcwBtAAQAAAAQAAAAAQAAAAIAAABVAgAAJwAAAA==</a:base64Binary><a:base64Binary>UEYAAAUAAAD//v9WRwByAGkAcABwAGUAcgAgAE0AZQBjAGgAYQBuAGkAcwBtAC0AMQBAAFMAQwBBAFIAQQAgAFIAbwBiAG8AdAAgAFcAaQB0AGgAIABDAG8AbgB0AHIAbwBsAGwAZQBkACAATQBvAHQAaQBvAG4ALwBHAHIAaQBwAHAAZQByACAARQBuAGQALQAyAEAARwByAGkAcABwAGUAcgAgAE0AZQBjAGgAYQBuAGkAcwBtAAQAAAAQAAAAAQAAAAIAAABVAgAAeAAAAA==</a:base64Binary><a:base64Binary>UEYAAAUAAAD//v9bRwByAGkAcABwAGUAcgAgAE0AZQBjAGgAYQBuAGkAcwBtAC0AMQBAAFMAQwBBAFIAQQAgAFIAbwBiAG8AdAAgAFcAaQB0AGgAIABDAG8AbgB0AHIAbwBsAGwAZQBkACAATQBvAHQAaQBvAG4ALwBHAHIAaQBwAHAAZQByACAAcgBhAGkAbAAgADYAbQBtAC0AMgBAAEcAcgBpAHAAcABlAHIAIABNAGUAYwBoAGEAbgBpAHMAbQAEAAAAEAAAAAEAAAACAAAAVQIAADUAAAA=</a:base64Binary><a:base64Binary>UEYAAAUAAAD//v9bRwByAGkAcABwAGUAcgAgAE0AZQBjAGgAYQBuAGkAcwBtAC0AMQBAAFMAQwBBAFIAQQAgAFIAbwBiAG8AdAAgAFcAaQB0AGgAIABDAG8AbgB0AHIAbwBsAGwAZQBkACAATQBvAHQAaQBvAG4ALwBHAHIAaQBwAHAAZQByACAAcgBhAGkAbAAgADYAbQBtAC0AMQBAAEcAcgBpAHAAcABlAHIAIABNAGUAYwBoAGEAbgBpAHMAbQAEAAAAEAAAAAEAAAACAAAAVQIAACQAAAA=</a:base64Binary><a:base64Binary>UEYAAAUAAAD//v9cRwByAGkAcABwAGUAcgAgAE0AZQBjAGgAYQBuAGkAcwBtAC0AMQBAAFMAQwBBAFIAQQAgAFIAbwBiAG8AdAAgAFcAaQB0AGgAIABDAG8AbgB0AHIAbwBsAGwAZQBkACAATQBvAHQAaQBvAG4ALwBTAGUAcgB2AG8AIABNAEcAOQA5ADYAUgAgAEgAbwByAG4ALQAxAEAARwByAGkAcABwAGUAcgAgAE0AZQBjAGgAYQBuAGkAcwBtAAQAAAAQAAAAAQAAAAIAAABVAgAAHAAAAA==</a:base64Binary></SWComponentPIDs><SWMainComponentPID i:nil="true"/><Visual z:Ref="i284"/><isFixedFrame>false</isFixedFrame><isIncomplete>false</isIncomplete></Link></Children><Collision z:Ref="i230"/><Inertial z:Ref="i204"/><Joint z:Ref="i237"/><NameAttribute z:Ref="i203"/><Parent z:Ref="i135"/><STLQualityFine>false</STLQualityFine><SWComponentPIDs xmlns:a="http://schemas.microsoft.com/2003/10/Serialization/Arrays"><a:base64Binary>UEYAAAUAAAD//v8qQQByAG0AIAAyAC0AMQBAAFMAQwBBAFIAQQAgAFIAbwBiAG8AdAAgAFcAaQB0AGgAIABDAG8AbgB0AHIAbwBsAGwAZQBkACAATQBvAHQAaQBvAG4ABAAAABAAAAABAAAAAQAAAPEBAAA=</a:base64Binary><a:base64Binary>UEYAAAUAAAD//v8wQQByAG0AIAAyACAAQwBvAHYAZQByAC0AMQBAAFMAQwBBAFIAQQAgAFIAbwBiAG8AdAAgAFcAaQB0AGgAIABDAG8AbgB0AHIAbwBsAGwAZQBkACAATQBvAHQAaQBvAG4ABAAAABAAAAABAAAAAQAAAPMBAAA=</a:base64Binary><a:base64Binary>UEYAAAUAAAD//v8/RwBUADIAIABQAHUAbABsAGUAeQAgAC0AIAA5ADIAIAB0AGUAZQB0AGgAIAAtACAASgAyAC0AMQBAAFMAQwBBAFIAQQAgAFIAbwBiAG8AdAAgAFcAaQB0AGgAIABDAG8AbgB0AHIAbwBsAGwAZQBkACAATQBvAHQAaQBvAG4ABAAAABAAAAABAAAAAQAAAEsBAAA=</a:base64Binary><a:base64Binary>UEYAAAUAAAD//v8vSgAyACAAQwBvAHUAcABsAGUAcgAtADEAQABTAEMAQQBSAEEAIABSAG8AYgBvAHQAIABXAGkAdABoACAAQwBvAG4AdAByAG8AbABsAGUAZAAgAE0AbwB0AGkAbwBuAAQAAAAQAAAAAQAAAAEAAABCAQAA</a:base64Binary><a:base64Binary>UEYAAAUAAAD//v8+VABoAHIAdQBzAHQAIABCAGUAYQByAGkAbgBnACAAMwA1AHgANQAyAHgAMQAyAG0AbQAtADIAQABTAEMAQQBSAEEAIABSAG8AYgBvAHQAIABXAGkAdABoACAAQwBvAG4AdAByAG8AbABsAGUAZAAgAE0AbwB0AGkAbwBuAAQAAAAQAAAAAQAAAAEAAABQAQAA</a:base64Binary><a:base64Binary>UEYAAAUAAAD//v9HTgBFAE0AQQAgADEANwAgAFMAdABlAHAAcABlAHIAIABMADIANABtAG0AIAAtACAAMgAwAG0AbQAgAHMAaABhAGYAdAAtADEAQABTAEMAQQBSAEEAIABSAG8AYgBvAHQAIABXAGkAdABoACAAQwBvAG4AdAByAG8AbABsAGUAZAAgAE0AbwB0AGkAbwBuAAQAAAAQAAAAAQAAAAEAAAAAAgAA</a:base64Binary><a:base64Binary>UEYAAAUAAAD//v8+VABoAHIAdQBzAHQAIABCAGUAYQByAGkAbgBnACAAMwA1AHgANQAyAHgAMQAyAG0AbQAtADMAQABTAEMAQQBSAEEAIABSAG8AYgBvAHQAIABXAGkAdABoACAAQwBvAG4AdAByAG8AbABsAGUAZAAgAE0AbwB0AGkAbwBuAAQAAAAQAAAAAQAAAAEAAAAeAgAA</a:base64Binary><a:base64Binary>UEYAAAUAAAD//v87QgBhAGwAbAAgAEIAZQBhAHIAaQBuAGcAIAAzADAAeAA0ADIAeAA3AG0AbQAtADIAQABTAEMAQQBSAEEAIABSAG8AYgBvAHQAIABXAGkAdABoACAAQwBvAG4AdAByAG8AbABsAGUAZAAgAE0AbwB0AGkAbwBuAAQAAAAQAAAAAQAAAAEAAAAMAgAA</a:base64Binary><a:base64Binary>UEYAAAUAAAD//v8+VABoAHIAdQBzAHQAIABCAGUAYQByAGkAbgBnACAAMwA1AHgANQAyAHgAMQAyAG0AbQAtADQAQABTAEMAQQBSAEEAIABSAG8AYgBvAHQAIABXAGkAdABoACAAQwBvAG4AdAByAG8AbABsAGUAZAAgAE0AbwB0AGkAbwBuAAQAAAAQAAAAAQAAAAEAAAAhAgAA</a:base64Binary></SWComponentPIDs><SWMainComponentPID i:nil="true"/><Visual z:Ref="i217"/><isFixedFrame>false</isFixedFrame><isIncomplete>false</isIncomplete></Link></Children><Collision z:Ref="i163"/><Inertial z:Ref="i137"/><Joint z:Ref="i170"/><NameAttribute z:Ref="i136"/><Parent z:Ref="i68"/><STLQualityFine>false</STLQualityFine><SWComponentPIDs xmlns:a="http://schemas.microsoft.com/2003/10/Serialization/Arrays"><a:base64Binary>UEYAAAUAAAD//v8qQQByAG0AIAAxAC0AMQBAAFMAQwBBAFIAQQAgAFIAbwBiAG8AdAAgAFcAaQB0AGgAIABDAG8AbgB0AHIAbwBsAGwAZQBkACAATQBvAHQAaQBvAG4ABAAAABAAAAABAAAAAQAAANEAAAA=</a:base64Binary><a:base64Binary>UEYAAAUAAAD//v8wQQByAG0AIAAxACAAQwBvAHYAZQByAC0AMQBAAFMAQwBBAFIAQQAgAFIAbwBiAG8AdAAgAFcAaQB0AGgAIABDAG8AbgB0AHIAbwBsAGwAZQBkACAATQBvAHQAaQBvAG4ABAAAABAAAAABAAAAAQAAAFkCAAA=</a:base64Binary><a:base64Binary>UEYAAAUAAAD//v8+TABpAG4AZQBhAHIAIABCAGUAYQByAGkAbgBnACAAMQAwAHgAMQA5AHgAMgA5AG0AbQAtADIAQABTAEMAQQBSAEEAIABSAG8AYgBvAHQAIABXAGkAdABoACAAQwBvAG4AdAByAG8AbABsAGUAZAAgAE0AbwB0AGkAbwBuAAQAAAAQAAAAAQAAAAEAAABqAQAA</a:base64Binary><a:base64Binary>UEYAAAUAAAD//v8+TABpAG4AZQBhAHIAIABCAGUAYQByAGkAbgBnACAAMQAwAHgAMQA5AHgAMgA5AG0AbQAtADMAQABTAEMAQQBSAEEAIABSAG8AYgBvAHQAIABXAGkAdABoACAAQwBvAG4AdAByAG8AbABsAGUAZAAgAE0AbwB0AGkAbwBuAAQAAAAQAAAAAQAAAAEAAABrAQAA</a:base64Binary><a:base64Binary>UEYAAAUAAAD//v8+TABpAG4AZQBhAHIAIABCAGUAYQByAGkAbgBnACAAMQAwAHgAMQA5AHgAMgA5AG0AbQAtADYAQABTAEMAQQBSAEEAIABSAG8AYgBvAHQAIABXAGkAdABoACAAQwBvAG4AdAByAG8AbABsAGUAZAAgAE0AbwB0AGkAbwBuAAQAAAAQAAAAAQAAAAEAAACuAQAA</a:base64Binary><a:base64Binary>UEYAAAUAAAD//v8+TABpAG4AZQBhAHIAIABCAGUAYQByAGkAbgBnACAAMQAwAHgAMQA5AHgAMgA5AG0AbQAtADEAQABTAEMAQQBSAEEAIABSAG8AYgBvAHQAIABXAGkAdABoACAAQwBvAG4AdAByAG8AbABsAGUAZAAgAE0AbwB0AGkAbwBuAAQAAAAQAAAAAQAAAAEAAABpAQAA</a:base64Binary><a:base64Binary>UEYAAAUAAAD//v83TABlAGEAZAAgAFMAYwByAGUAdwAgAE4AdQB0ACAAOABtAG0ALQAxAEAAUwBDAEEAUgBBACAAUgBvAGIAbwB0ACAAVwBpAHQAaAAgAEMAbwBuAHQAcgBvAGwAbABlAGQAIABNAG8AdABpAG8AbgAEAAAAEAAAAAEAAAABAAAAUQIAAA==</a:base64Binary><a:base64Binary>UEYAAAUAAAD//v9CUwB0AGUAcABwAGUAcgAgAE4ARQBNAEEAIAAxADcAIAAtACAAIAAyADAAbQBtACAAcwBoAGEAZgB0AC0AMwBAAFMAQwBBAFIAQQAgAFIAbwBiAG8AdAAgAFcAaQB0AGgAIABDAG8AbgB0AHIAbwBsAGwAZQBkACAATQBvAHQAaQBvAG4ABAAAABAAAAABAAAAAQAAAFgBAAA=</a:base64Binary><a:base64Binary>UEYAAAUAAAD//v9AQgBhAGwAbAAgAEIAZQBhAHIAaQBuAGcAIAA2ADAAOAAgAC0AIAA4AHgAMgAyAHgANwBtAG0ALQA1AEAAUwBDAEEAUgBBACAAUgBvAGIAbwB0ACAAVwBpAHQAaAAgAEMAbwBuAHQAcgBvAGwAbABlAGQAIABNAG8AdABpAG8AbgAEAAAAEAAAAAEAAAABAAAA1gAAAA==</a:base64Binary><a:base64Binary>UEYAAAUAAAD//v9AQgBhAGwAbAAgAEIAZQBhAHIAaQBuAGcAIAA2ADAAOAAgAC0AIAA4AHgAMgAyAHgANwBtAG0ALQA2AEAAUwBDAEEAUgBBACAAUgBvAGIAbwB0ACAAVwBpAHQAaAAgAEMAbwBuAHQAcgBvAGwAbABlAGQAIABNAG8AdABpAG8AbgAEAAAAEAAAAAEAAAABAAAAPwEAAA==</a:base64Binary><a:base64Binary>UEYAAAUAAAD//v8/RwBUADIAIABQAHUAbABsAGUAeQAgAC0AIAAyADMAIAAtACAAOAAwACAAdABlAGUAdABoAC0AMQBAAFMAQwBBAFIAQQAgAFIAbwBiAG8AdAAgAFcAaQB0AGgAIABDAG8AbgB0AHIAbwBsAGwAZQBkACAATQBvAHQAaQBvAG4ABAAAABAAAAABAAAAAQAAAEwBAAA=</a:base64Binary><a:base64Binary>UEYAAAUAAAD//v8+VABoAHIAdQBzAHQAIABCAGUAYQByAGkAbgBnACAAMwA1AHgANQAyAHgAMQAyAG0AbQAtADIAQABTAEMAQQBSAEEAIABSAG8AYgBvAHQAIABXAGkAdABoACAAQwBvAG4AdAByAG8AbABsAGUAZAAgAE0AbwB0AGkAbwBuAAQAAAAQAAAAAQAAAAEAAABQAQAA</a:base64Binary></SWComponentPIDs><SWMainComponentPID i:nil="true"/><Visual z:Ref="i150"/><isFixedFrame>false</isFixedFrame><isIncomplete>false</isIncomplete></Link></Children><Collision z:Ref="i96"/><Inertial z:Ref="i70"/><Joint z:Ref="i103"/><NameAttribute z:Ref="i69"/><Parent z:Ref="i1"/><STLQualityFine>false</STLQualityFine><SWComponentPIDs xmlns:a="http://schemas.microsoft.com/2003/10/Serialization/Arrays"><a:base64Binary>UEYAAAUAAAD//v8vSgAxACAAYwBvAHUAcABsAGUAcgAtADEAQABTAEMAQQBSAEEAIABSAG8AYgBvAHQAIABXAGkAdABoACAAQwBvAG4AdAByAG8AbABsAGUAZAAgAE0AbwB0AGkAbwBuAAQAAAAQAAAAAQAAAAEAAABoAAAA</a:base64Binary><a:base64Binary>UEYAAAUAAAD//v84WgAtAGEAeABpAHMAIABCAG8AdAB0AG8AbQAgAFAAbABhAHQAZQAtADIAQABTAEMAQQBSAEEAIABSAG8AYgBvAHQAIABXAGkAdABoACAAQwBvAG4AdAByAG8AbABsAGUAZAAgAE0AbwB0AGkAbwBuAAQAAAAQAAAAAQAAAAEAAABzAAAA</a:base64Binary><a:base64Binary>UEYAAAUAAAD//v9ARwBUADIAIABQAHUAbABsAGUAeQAgAC0AIAAxADEAMAAgAHQAZQBlAHQAaAAgAC0AIABKADEALQAyAEAAUwBDAEEAUgBBACAAUgBvAGIAbwB0ACAAVwBpAHQAaAAgAEMAbwBuAHQAcgBvAGwAbABlAGQAIABNAG8AdABpAG8AbgAEAAAAEAAAAAEAAAABAAAAVwAAAA==</a:base64Binary><a:base64Binary>UEYAAAUAAAD//v80TQA0ACAANgAwAG0AbQAgAC0AIABCAG8AbAB0AHMALQAyAEAAUwBDAEEAUgBBACAAUgBvAGIAbwB0ACAAVwBpAHQAaAAgAEMAbwBuAHQAcgBvAGwAbABlAGQAIABNAG8AdABpAG8AbgAEAAAAEAAAAAEAAAABAAAArwIAAA==</a:base64Binary><a:base64Binary>UEYAAAUAAAD//v8wTQA0ACAATABvAGMAawAgAG4AdQB0AC0AOABAAFMAQwBBAFIAQQAgAFIAbwBiAG8AdAAgAFcAaQB0AGgAIABDAG8AbgB0AHIAbwBsAGwAZQBkACAATQBvAHQAaQBvAG4ABAAAABAAAAABAAAAAQAAANUCAAA=</a:base64Binary><a:base64Binary>UEYAAAUAAAD//v80TQA0ACAANgAwAG0AbQAgAC0AIABCAG8AbAB0AHMALQA0AEAAUwBDAEEAUgBBACAAUgBvAGIAbwB0ACAAVwBpAHQAaAAgAEMAbwBuAHQAcgBvAGwAbABlAGQAIABNAG8AdABpAG8AbgAEAAAAEAAAAAEAAAABAAAAsQIAAA==</a:base64Binary><a:base64Binary>UEYAAAUAAAD//v8wTQA0ACAATABvAGMAawAgAG4AdQB0AC0ANQBAAFMAQwBBAFIAQQAgAFIAbwBiAG8AdAAgAFcAaQB0AGgAIABDAG8AbgB0AHIAbwBsAGwAZQBkACAATQBvAHQAaQBvAG4ABAAAABAAAAABAAAAAQAAANICAAA=</a:base64Binary><a:base64Binary>UEYAAAUAAAD//v8wTQA0ACAATABvAGMAawAgAG4AdQB0AC0ANwBAAFMAQwBBAFIAQQAgAFIAbwBiAG8AdAAgAFcAaQB0AGgAIABDAG8AbgB0AHIAbwBsAGwAZQBkACAATQBvAHQAaQBvAG4ABAAAABAAAAABAAAAAQAAANQCAAA=</a:base64Binary><a:base64Binary>UEYAAAUAAAD//v80TQA0ACAANgAwAG0AbQAgAC0AIABCAG8AbAB0AHMALQAzAEAAUwBDAEEAUgBBACAAUgBvAGIAbwB0ACAAVwBpAHQAaAAgAEMAbwBuAHQAcgBvAGwAbABlAGQAIABNAG8AdABpAG8AbgAEAAAAEAAAAAEAAAABAAAAsAIAAA==</a:base64Binary><a:base64Binary>UEYAAAUAAAD//v80TQA0ACAANgAwAG0AbQAgAC0AIABCAG8AbAB0AHMALQAxAEAAUwBDAEEAUgBBACAAUgBvAGIAbwB0ACAAVwBpAHQAaAAgAEMAbwBuAHQAcgBvAGwAbABlAGQAIABNAG8AdABpAG8AbgAEAAAAEAAAAAEAAAABAAAArgIAAA==</a:base64Binary><a:base64Binary>UEYAAAUAAAD//v8wTQA0ACAATABvAGMAawAgAG4AdQB0AC0ANgBAAFMAQwBBAFIAQQAgAFIAbwBiAG8AdAAgAFcAaQB0AGgAIABDAG8AbgB0AHIAbwBsAGwAZQBkACAATQBvAHQAaQBvAG4ABAAAABAAAAABAAAAAQAAANMCAAA=</a:base64Binary><a:base64Binary>UEYAAAUAAAD//v86WgAtAGEAeABpAHMAIABNAG8AdQBuAHQAIABQAGwAYQB0AGYAbwByAG0ALQAxAEAAUwBDAEEAUgBBACAAUgBvAGIAbwB0ACAAVwBpAHQAaAAgAEMAbwBuAHQAcgBvAGwAbABlAGQAIABNAG8AdABpAG8AbgAEAAAAEAAAAAEAAAABAAAA0AAAAA==</a:base64Binary><a:base64Binary>UEYAAAUAAAD//v81UwBtAG8AbwB0AGgAIABSAG8AZAAgAEMAbABhAG0AcAAtADEAQABTAEMAQQBSAEEAIABSAG8AYgBvAHQAIABXAGkAdABoACAAQwBvAG4AdAByAG8AbABsAGUAZAAgAE0AbwB0AGkAbwBuAAQAAAAQAAAAAQAAAAEAAACFAAAA</a:base64Binary><a:base64Binary>UEYAAAUAAAD//v81UwBtAG8AbwB0AGgAIABSAG8AZAAgAEMAbABhAG0AcAAtADIAQABTAEMAQQBSAEEAIABSAG8AYgBvAHQAIABXAGkAdABoACAAQwBvAG4AdAByAG8AbABsAGUAZAAgAE0AbwB0AGkAbwBuAAQAAAAQAAAAAQAAAAEAAACGAAAA</a:base64Binary><a:base64Binary>UEYAAAUAAAD//v81UwBtAG8AbwB0AGgAIABSAG8AZAAgAEMAbABhAG0AcAAtADMAQABTAEMAQQBSAEEAIABSAG8AYgBvAHQAIABXAGkAdABoACAAQwBvAG4AdAByAG8AbABsAGUAZAAgAE0AbwB0AGkAbwBuAAQAAAAQAAAAAQAAAAEAAACHAAAA</a:base64Binary><a:base64Binary>UEYAAAUAAAD//v81UwBtAG8AbwB0AGgAIABSAG8AZAAgAEMAbABhAG0AcAAtADQAQABTAEMAQQBSAEEAIABSAG8AYgBvAHQAIABXAGkAdABoACAAQwBvAG4AdAByAG8AbABsAGUAZAAgAE0AbwB0AGkAbwBuAAQAAAAQAAAAAQAAAAEAAACIAAAA</a:base64Binary><a:base64Binary>UEYAAAUAAAD//v88UwBtAG8AbwB0AGgAIABSAG8AZAAgAEQAMQAwAG0AbQAgAEwANAAwADAAbQBtAC0AMQBAAFMAQwBBAFIAQQAgAFIAbwBiAG8AdAAgAFcAaQB0AGgAIABDAG8AbgB0AHIAbwBsAGwAZQBkACAATQBvAHQAaQBvAG4ABAAAABAAAAABAAAAAQAAAHUAAAA=</a:base64Binary><a:base64Binary>UEYAAAUAAAD//v88UwBtAG8AbwB0AGgAIABSAG8AZAAgAEQAMQAwAG0AbQAgAEwANAAwADAAbQBtAC0AMgBAAFMAQwBBAFIAQQAgAFIAbwBiAG8AdAAgAFcAaQB0AGgAIABDAG8AbgB0AHIAbwBsAGwAZQBkACAATQBvAHQAaQBvAG4ABAAAABAAAAABAAAAAQAAAHYAAAA=</a:base64Binary><a:base64Binary>UEYAAAUAAAD//v88UwBtAG8AbwB0AGgAIABSAG8AZAAgAEQAMQAwAG0AbQAgAEwANAAwADAAbQBtAC0AMwBAAFMAQwBBAFIAQQAgAFIAbwBiAG8AdAAgAFcAaQB0AGgAIABDAG8AbgB0AHIAbwBsAGwAZQBkACAATQBvAHQAaQBvAG4ABAAAABAAAAABAAAAAQAAAHcAAAA=</a:base64Binary><a:base64Binary>UEYAAAUAAAD//v88UwBtAG8AbwB0AGgAIABSAG8AZAAgAEQAMQAwAG0AbQAgAEwANAAwADAAbQBtAC0ANABAAFMAQwBBAFIAQQAgAFIAbwBiAG8AdAAgAFcAaQB0AGgAIABDAG8AbgB0AHIAbwBsAGwAZQBkACAATQBvAHQAaQBvAG4ABAAAABAAAAABAAAAAQAAAHgAAAA=</a:base64Binary><a:base64Binary>UEYAAAUAAAD//v81WgAtAGEAeABpAHMAIABUAG8AcAAgAFAAbABhAHQAZQAtADEAQABTAEMAQQBSAEEAIABSAG8AYgBvAHQAIABXAGkAdABoACAAQwBvAG4AdAByAG8AbABsAGUAZAAgAE0AbwB0AGkAbwBuAAQAAAAQAAAAAQAAAAEAAACWAAAA</a:base64Binary><a:base64Binary>UEYAAAUAAAD//v87TABlAGEAZAAgAFMAYwByAGUAdwAgAEQAOABtAG0AIABMADMAOAAwAG0AbQAtADEAQABTAEMAQQBSAEEAIABSAG8AYgBvAHQAIABXAGkAdABoACAAQwBvAG4AdAByAG8AbABsAGUAZAAgAE0AbwB0AGkAbwBuAAQAAAAQAAAAAQAAAAEAAACyAAAA</a:base64Binary><a:base64Binary>UEYAAAUAAAD//v9CUwB0AGUAcABwAGUAcgAgAE4ARQBNAEEAIAAxADcAIAAtACAAIAAyADAAbQBtACAAcwBoAGEAZgB0AC0AMgBAAFMAQwBBAFIAQQAgAFIAbwBiAG8AdAAgAFcAaQB0AGgAIABDAG8AbgB0AHIAbwBsAGwAZQBkACAATQBvAHQAaQBvAG4ABAAAABAAAAABAAAAAQAAAMsAAAA=</a:base64Binary><a:base64Binary>UEYAAAUAAAD//v81UwBtAG8AbwB0AGgAIABSAG8AZAAgAEMAbABhAG0AcAAtADUAQABTAEMAQQBSAEEAIABSAG8AYgBvAHQAIABXAGkAdABoACAAQwBvAG4AdAByAG8AbABsAGUAZAAgAE0AbwB0AGkAbwBuAAQAAAAQAAAAAQAAAAEAAACXAAAA</a:base64Binary><a:base64Binary>UEYAAAUAAAD//v81UwBtAG8AbwB0AGgAIABSAG8AZAAgAEMAbABhAG0AcAAtADYAQABTAEMAQQBSAEEAIABSAG8AYgBvAHQAIABXAGkAdABoACAAQwBvAG4AdAByAG8AbABsAGUAZAAgAE0AbwB0AGkAbwBuAAQAAAAQAAAAAQAAAAEAAACYAAAA</a:base64Binary><a:base64Binary>UEYAAAUAAAD//v81UwBtAG8AbwB0AGgAIABSAG8AZAAgAEMAbABhAG0AcAAtADcAQABTAEMAQQBSAEEAIABSAG8AYgBvAHQAIABXAGkAdABoACAAQwBvAG4AdAByAG8AbABsAGUAZAAgAE0AbwB0AGkAbwBuAAQAAAAQAAAAAQAAAAEAAACcAAAA</a:base64Binary><a:base64Binary>UEYAAAUAAAD//v81UwBtAG8AbwB0AGgAIABSAG8AZAAgAEMAbABhAG0AcAAtADgAQABTAEMAQQBSAEEAIABSAG8AYgBvAHQAIABXAGkAdABoACAAQwBvAG4AdAByAG8AbABsAGUAZAAgAE0AbwB0AGkAbwBuAAQAAAAQAAAAAQAAAAEAAACfAAAA</a:base64Binary></SWComponentPIDs><SWMainComponentPID i:nil="true"/><Visual z:Ref="i83"/><isFixedFrame>false</isFixedFrame><isIncomplete>false</isIncomplete></Link></Children><Collision z:Ref="i29"/><Inertial z:Ref="i3"/><Joint z:Ref="i36"/><NameAttribute z:Ref="i2"/><Parent i:nil="true"/><STLQualityFine>false</STLQualityFine><SWComponentPIDs xmlns:a="http://schemas.microsoft.com/2003/10/Serialization/Arrays"><a:base64Binary>UEYAAAUAAAD//v8pQgBhAHMAZQAtADEAQABTAEMAQQBSAEEAIABSAG8AYgBvAHQAIABXAGkAdABoACAAQwBvAG4AdAByAG8AbABsAGUAZAAgAE0AbwB0AGkAbwBuAAQAAAAQAAAAAQAAAAEAAAAYAAAA</a:base64Binary><a:base64Binary>UEYAAAUAAAD//v8vQgBhAHMAZQAgAGMAbwB2AGUAcgAtADEAQABTAEMAQQBSAEEAIABSAG8AYgBvAHQAIABXAGkAdABoACAAQwBvAG4AdAByAG8AbABsAGUAZAAgAE0AbwB0AGkAbwBuAAQAAAAQAAAAAQAAAAEAAABkAgAA</a:base64Binary><a:base64Binary>UEYAAAUAAAD//v8uVABvAHAAIABjAG8AdgBlAHIALQAxAEAAUwBDAEEAUgBBACAAUgBvAGIAbwB0ACAAVwBpAHQAaAAgAEMAbwBuAHQAcgBvAGwAbABlAGQAIABNAG8AdABpAG8AbgAEAAAAEAAAAAEAAAABAAAAZgIAAA==</a:base64Binary><a:base64Binary>UEYAAAUAAAD//v84QQByAGQAdQBpAG4AbwAgAFUATgBPACAAYwBhAHMAZQAgAHAAMgAtADEAQABTAEMAQQBSAEEAIABSAG8AYgBvAHQAIABXAGkAdABoACAAQwBvAG4AdAByAG8AbABsAGUAZAAgAE0AbwB0AGkAbwBuAAQAAAAQAAAAAQAAAAEAAAByAgAA</a:base64Binary><a:base64Binary>UEYAAAUAAAD//v84QQByAGQAdQBpAG4AbwAgAFUATgBPACAAYwBhAHMAZQAgAHAAMQAtADEAQABTAEMAQQBSAEEAIABSAG8AYgBvAHQAIABXAGkAdABoACAAQwBvAG4AdAByAG8AbABsAGUAZAAgAE0AbwB0AGkAbwBuAAQAAAAQAAAAAQAAAAEAAABuAgAA</a:base64Binary><a:base64Binary>UEYAAAUAAAD//v9CUwB0AGUAcABwAGUAcgAgAE4ARQBNAEEAIAAxADcAIAAtACAAIAAyADAAbQBtACAAcwBoAGEAZgB0AC0AMQBAAFMAQwBBAFIAQQAgAFIAbwBiAG8AdAAgAFcAaQB0AGgAIABDAG8AbgB0AHIAbwBsAGwAZQBkACAATQBvAHQAaQBvAG4ABAAAABAAAAABAAAAAQAAABkAAAA=</a:base64Binary><a:base64Binary>UEYAAAUAAAD//v8zRwBUADIAIABCAGUAbAB0ACAAMgAwADAAbQBtAC0AMQBAAFMAQwBBAFIAQQAgAFIAbwBiAG8AdAAgAFcAaQB0AGgAIABDAG8AbgB0AHIAbwBsAGwAZQBkACAATQBvAHQAaQBvAG4ABAAAABAAAAABAAAAAQAAAHgCAAA=</a:base64Binary><a:base64Binary>UEYAAAUAAAD//v88RwBUADIAIABQAHUAbABsAGUAeQAgAC0AIABQAGEAcgBhAG0AZQB0AHIAaQBjAC0AMQBAAFMAQwBBAFIAQQAgAFIAbwBiAG8AdAAgAFcAaQB0AGgAIABDAG8AbgB0AHIAbwBsAGwAZQBkACAATQBvAHQAaQBvAG4ABAAAABAAAAABAAAAAQAAAFoAAAA=</a:base64Binary><a:base64Binary>UEYAAAUAAAD//v80TQA4ACAANAA1AG0AbQAgAC0AIABCAG8AbAB0AHMALQAxAEAAUwBDAEEAUgBBACAAUgBvAGIAbwB0ACAAVwBpAHQAaAAgAEMAbwBuAHQAcgBvAGwAbABlAGQAIABNAG8AdABpAG8AbgAEAAAAEAAAAAEAAAABAAAAmAIAAA==</a:base64Binary><a:base64Binary>UEYAAAUAAAD//v8uTQA4ACAAVwBhAHMAaABlAHIALQAyAEAAUwBDAEEAUgBBACAAUgBvAGIAbwB0ACAAVwBpAHQAaAAgAEMAbwBuAHQAcgBvAGwAbABlAGQAIABNAG8AdABpAG8AbgAEAAAAEAAAAAEAAAABAAAAXQAAAA==</a:base64Binary><a:base64Binary>UEYAAAUAAAD//v9AQgBhAGwAbAAgAEIAZQBhAHIAaQBuAGcAIAA2ADAAOAAgAC0AIAA4AHgAMgAyAHgANwBtAG0ALQAzAEAAUwBDAEEAUgBBACAAUgBvAGIAbwB0ACAAVwBpAHQAaAAgAEMAbwBuAHQAcgBvAGwAbABlAGQAIABNAG8AdABpAG8AbgAEAAAAEAAAAAEAAAABAAAASgAAAA==</a:base64Binary><a:base64Binary>UEYAAAUAAAD//v81RwBUADIAIABCAGUAbAB0ACAAMwAwADAAbQBtACAAMgAtADEAQABTAEMAQQBSAEEAIABSAG8AYgBvAHQAIABXAGkAdABoACAAQwBvAG4AdAByAG8AbABsAGUAZAAgAE0AbwB0AGkAbwBuAAQAAAAQAAAAAQAAAAEAAAB8AgAA</a:base64Binary><a:base64Binary>UEYAAAUAAAD//v8wTQA4ACAATABvAGMAawAgAG4AdQB0AC0AMQBAAFMAQwBBAFIAQQAgAFIAbwBiAG8AdAAgAFcAaQB0AGgAIABDAG8AbgB0AHIAbwBsAGwAZQBkACAATQBvAHQAaQBvAG4ABAAAABAAAAABAAAAAQAAAJkCAAA=</a:base64Binary><a:base64Binary>UEYAAAUAAAD//v9AQgBhAGwAbAAgAEIAZQBhAHIAaQBuAGcAIAA2ADAAOAAgAC0AIAA4AHgAMgAyAHgANwBtAG0ALQAyAEAAUwBDAEEAUgBBACAAUgBvAGIAbwB0ACAAVwBpAHQAaAAgAEMAbwBuAHQAcgBvAGwAbABlAGQAIABNAG8AdABpAG8AbgAEAAAAEAAAAAEAAAABAAAASQAAAA==</a:base64Binary><a:base64Binary>UEYAAAUAAAD//v8/RwBUADIAIABQAHUAbABsAGUAeQAgAC0AIAAyADIAIAAtACAAOAAwACAAdABlAGUAdABoAC0AMgBAAFMAQwBBAFIAQQAgAFIAbwBiAG8AdAAgAFcAaQB0AGgAIABDAG8AbgB0AHIAbwBsAGwAZQBkACAATQBvAHQAaQBvAG4ABAAAABAAAAABAAAAAQAAAFgAAAA=</a:base64Binary></SWComponentPIDs><SWMainComponentPID i:nil="true"/><Visual z:Ref="i16"/><isFixedFrame>false</isFixedFrame><isIncomplete>false</isIncomplete></Link>
2026-08-17 22:42:17,953 INFO  AssemblyExportForm.cs: 309 - Saving URDF package to C:\Users\Rajasekhar Gorli\Downloads\SCARA Robot (1)\SCARA URDF
2026-08-17 22:42:17,956 INFO  ExportHelper.cs: 147 - Beginning the export process
2026-08-17 22:42:17,959 INFO  ExportHelper.cs: 153 - Creating package directories with name SCARA URDF and save path C:\Users\Rajasekhar Gorli\Downloads\SCARA Robot (1)
2026-08-17 22:42:20,590 INFO  ExportHelper.cs: 162 - Creating CMakeLists.txt at C:\Users\Rajasekhar Gorli\Downloads\SCARA Robot (1)\SCARA URDF\CMakeLists.txt
2026-08-17 22:42:20,594 INFO  ExportHelper.cs: 166 - Creating joint names config at C:\Users\Rajasekhar Gorli\Downloads\SCARA Robot (1)\SCARA URDF\config\joint_names_SCARA URDF.yaml
2026-08-17 22:42:20,598 INFO  ExportHelper.cs: 170 - Creating package.xml at C:\Users\Rajasekhar Gorli\Downloads\SCARA Robot (1)\SCARA URDF\package.xml
2026-08-17 22:42:20,600 INFO  PackageXMLWriter.cs: 21 - Creating package.xml at C:\Users\Rajasekhar Gorli\Downloads\SCARA Robot (1)\SCARA URDF\package.xml
2026-08-17 22:42:20,614 INFO  ExportHelper.cs: 177 - Creating RVIZ launch file in C:\Users\Rajasekhar Gorli\Downloads\SCARA Robot (1)\SCARA URDF\launch\
2026-08-17 22:42:20,624 INFO  ExportHelper.cs: 182 - Creating Gazebo launch file in C:\Users\Rajasekhar Gorli\Downloads\SCARA Robot (1)\SCARA URDF\launch\
2026-08-17 22:42:20,629 INFO  ExportHelper.cs: 187 - Saving existing STL preferences
2026-08-17 22:42:20,632 INFO  ExportHelper.cs: 450 - Saving users preferences
2026-08-17 22:42:20,636 INFO  ExportHelper.cs: 190 - Modifying STL preferences
2026-08-17 22:42:20,638 INFO  ExportHelper.cs: 464 - Setting STL preferences
2026-08-17 22:42:20,659 INFO  ExportHelper.cs: 196 - Found 2 hidden components Gripper Mechanism-1/Wide gripper end - Left side-1, Gripper Mechanism-1/Wide gripper end-1
2026-08-17 22:42:20,660 INFO  ExportHelper.cs: 197 - Hiding all components
2026-08-17 22:42:21,215 INFO  ExportHelper.cs: 204 - Beginning individual files export
2026-08-17 22:42:21,232 INFO  ExportHelper.cs: 270 - Exporting link: base_link
2026-08-17 22:42:21,233 INFO  ExportHelper.cs: 272 - Link base_link has 1 children
2026-08-17 22:42:21,235 INFO  ExportHelper.cs: 270 - Exporting link: 1st_Link
2026-08-17 22:42:21,235 INFO  ExportHelper.cs: 272 - Link 1st_Link has 1 children
2026-08-17 22:42:21,236 INFO  ExportHelper.cs: 270 - Exporting link: 2nd_Link
2026-08-17 22:42:21,236 INFO  ExportHelper.cs: 272 - Link 2nd_Link has 1 children
2026-08-17 22:42:21,237 INFO  ExportHelper.cs: 270 - Exporting link: 3rd_Link
2026-08-17 22:42:21,238 INFO  ExportHelper.cs: 272 - Link 3rd_Link has 1 children
2026-08-17 22:42:21,239 INFO  ExportHelper.cs: 270 - Exporting link: 4th_Link
2026-08-17 22:42:21,240 INFO  ExportHelper.cs: 272 - Link 4th_Link has 1 children
2026-08-17 22:42:21,242 INFO  ExportHelper.cs: 270 - Exporting link: left_finger_Link
2026-08-17 22:42:21,242 INFO  ExportHelper.cs: 272 - Link left_finger_Link has 1 children
2026-08-17 22:42:21,243 INFO  ExportHelper.cs: 270 - Exporting link: right_finger_Link
2026-08-17 22:42:21,244 INFO  ExportHelper.cs: 272 - Link right_finger_Link has 0 children
2026-08-17 22:42:21,245 INFO  ExportHelper.cs: 317 - right_finger_Link: Exporting STL with coordinate frame Origin_joint_right
2026-08-17 22:42:21,246 INFO  ExportHelper.cs: 322 - right_finger_Link: Reference geometry name 
2026-08-17 22:42:21,483 INFO  ExportHelper.cs: 330 - Saving STL to C:\Users\Rajasekhar Gorli\Downloads\SCARA Robot (1)\SCARA URDF\meshes\right_finger_Link.STL
2026-08-17 22:42:21,840 INFO  ExportHelper.cs: 405 - Removing SW header in STL file
2026-08-17 22:42:21,841 INFO  ExportHelper.cs: 317 - left_finger_Link: Exporting STL with coordinate frame Origin_joint_left
2026-08-17 22:42:21,842 INFO  ExportHelper.cs: 322 - left_finger_Link: Reference geometry name 
2026-08-17 22:42:21,922 INFO  ExportHelper.cs: 330 - Saving STL to C:\Users\Rajasekhar Gorli\Downloads\SCARA Robot (1)\SCARA URDF\meshes\left_finger_Link.STL
2026-08-17 22:42:22,119 INFO  ExportHelper.cs: 405 - Removing SW header in STL file
2026-08-17 22:42:22,120 INFO  ExportHelper.cs: 317 - 4th_Link: Exporting STL with coordinate frame Origin_joint_4
2026-08-17 22:42:22,121 INFO  ExportHelper.cs: 322 - 4th_Link: Reference geometry name 
2026-08-17 22:42:22,310 INFO  ExportHelper.cs: 330 - Saving STL to C:\Users\Rajasekhar Gorli\Downloads\SCARA Robot (1)\SCARA URDF\meshes\4th_Link.STL
2026-08-17 22:42:22,798 INFO  ExportHelper.cs: 405 - Removing SW header in STL file
2026-08-17 22:42:22,799 INFO  ExportHelper.cs: 317 - 3rd_Link: Exporting STL with coordinate frame Origin_joint_3
2026-08-17 22:42:22,800 INFO  ExportHelper.cs: 322 - 3rd_Link: Reference geometry name 
2026-08-17 22:42:22,946 INFO  ExportHelper.cs: 330 - Saving STL to C:\Users\Rajasekhar Gorli\Downloads\SCARA Robot (1)\SCARA URDF\meshes\3rd_Link.STL
2026-08-17 22:42:23,713 INFO  ExportHelper.cs: 405 - Removing SW header in STL file
2026-08-17 22:42:23,714 INFO  ExportHelper.cs: 317 - 2nd_Link: Exporting STL with coordinate frame Origin_joint_2
2026-08-17 22:42:23,715 INFO  ExportHelper.cs: 322 - 2nd_Link: Reference geometry name 
2026-08-17 22:42:23,831 INFO  ExportHelper.cs: 330 - Saving STL to C:\Users\Rajasekhar Gorli\Downloads\SCARA Robot (1)\SCARA URDF\meshes\2nd_Link.STL
2026-08-17 22:42:24,466 INFO  ExportHelper.cs: 405 - Removing SW header in STL file
2026-08-17 22:42:24,467 INFO  ExportHelper.cs: 317 - 1st_Link: Exporting STL with coordinate frame Origin_joint_1
2026-08-17 22:42:24,467 INFO  ExportHelper.cs: 322 - 1st_Link: Reference geometry name 
2026-08-17 22:42:24,677 INFO  ExportHelper.cs: 330 - Saving STL to C:\Users\Rajasekhar Gorli\Downloads\SCARA Robot (1)\SCARA URDF\meshes\1st_Link.STL
2026-08-17 22:42:25,463 INFO  ExportHelper.cs: 405 - Removing SW header in STL file
2026-08-17 22:42:25,464 INFO  ExportHelper.cs: 317 - base_link: Exporting STL with coordinate frame Origin_global
2026-08-17 22:42:25,465 INFO  ExportHelper.cs: 322 - base_link: Reference geometry name 
2026-08-17 22:42:25,627 INFO  ExportHelper.cs: 330 - Saving STL to C:\Users\Rajasekhar Gorli\Downloads\SCARA Robot (1)\SCARA URDF\meshes\base_link.STL
2026-08-17 22:42:26,148 INFO  ExportHelper.cs: 405 - Removing SW header in STL file
2026-08-17 22:42:26,150 INFO  ExportHelper.cs: 145 - Showing all components except previously hidden components
2026-08-17 22:42:26,945 INFO  ExportHelper.cs: 145 - Resetting STL preferences
2026-08-17 22:42:26,947 INFO  ExportHelper.cs: 478 - Returning STL preferences to user preferences
2026-08-17 22:42:26,948 INFO  ExportHelper.cs: 228 - Writing URDF file to C:\Users\Rajasekhar Gorli\Downloads\SCARA Robot (1)\SCARA URDF\urdf\SCARA URDF.urdf
2026-08-17 22:42:26,959 INFO  CSVImportExport.cs: 32 - Writing CSV file C:\Users\Rajasekhar Gorli\Downloads\SCARA Robot (1)\SCARA URDF\urdf\SCARA URDF.csv
2026-08-17 22:42:26,983 ERROR CSVImportExport.cs: 130 - The following columns were not written to the CSV: Link.Joint.ChildLink.link,
2026-08-17 22:42:26,984 ERROR CSVImportExport.cs: 130 - The following columns were not written to the CSV: Link.Joint.ChildLink.link,
2026-08-17 22:42:26,985 ERROR CSVImportExport.cs: 130 - The following columns were not written to the CSV: Link.Joint.ChildLink.link,
2026-08-17 22:42:26,985 ERROR CSVImportExport.cs: 130 - The following columns were not written to the CSV: Link.Joint.ChildLink.link,
2026-08-17 22:42:26,986 ERROR CSVImportExport.cs: 130 - The following columns were not written to the CSV: Link.Joint.ChildLink.link,
2026-08-17 22:42:26,987 ERROR CSVImportExport.cs: 130 - The following columns were not written to the CSV: Link.Joint.ChildLink.link,
2026-08-17 22:42:26,987 ERROR CSVImportExport.cs: 130 - The following columns were not written to the CSV: Link.Joint.ChildLink.link,
2026-08-17 22:42:26,988 INFO  ExportHelper.cs: 234 - Copying log file
2026-08-17 22:42:26,993 INFO  ExportHelper.cs: 439 - Copying C:\Users\Rajasekhar Gorli\sw2urdf_logs\sw2urdf.log to C:\Users\Rajasekhar Gorli\Downloads\SCARA Robot (1)\SCARA URDF\export.log
